Query_ID	Best_Match_Length
NC_045512.0	137
NC_045512.1	138
NC_045512.2	140
NC_045512.3	140
NC_045512.4	136
NC_045512.5	142
NC_045512.6	144
NC_045512.7	145
NC_045512.8	146
NC_045512.9	145
NC_045512.10	147
NC_045512.11	146
NC_045512.12	149
NC_045512.13	149
NC_045512.14	150
NC_045512.15	149
NC_045512.16	148
NC_045512.17	146
NC_045512.18	148
NC_045512.19	149
NC_045512.20	150
NC_045512.21	150
NC_045512.22	149
NC_045512.23	150
NC_045512.24	149
NC_045512.25	150
NC_045512.26	149
NC_045512.27	150
NC_045512.28	149
NC_045512.29	150
NC_045512.30	150
NC_045512.31	139
NC_045512.32	140
NC_045512.33	141
NC_045512.34	142
NC_045512.35	143
NC_045512.36	144
NC_045512.37	145
NC_045512.38	146
NC_045512.39	150
NC_045512.40	149
NC_045512.41	148
NC_045512.42	147
NC_045512.43	150
NC_045512.44	145
NC_045512.45	150
NC_045512.46	149
NC_045512.47	150
NC_045512.48	149
NC_045512.49	150
NC_045512.50	149
NC_045512.51	150
NC_045512.52	149
NC_045512.53	148
NC_045512.54	147
NC_045512.55	147
NC_045512.56	148
NC_045512.57	149
NC_045512.58	150
NC_045512.59	150
NC_045512.60	150
NC_045512.61	149
NC_045512.62	149
NC_045512.63	150
NC_045512.64	149
NC_045512.65	148
NC_045512.66	148
NC_045512.67	149
NC_045512.68	150
NC_045512.69	149
NC_045512.70	150
NC_045512.71	150
NC_045512.72	149
NC_045512.73	149
NC_045512.74	150
NC_045512.75	150
NC_045512.76	150
NC_045512.77	150
NC_045512.78	150
NC_045512.79	150
NC_045512.80	150
NC_045512.81	150
NC_045512.82	149
NC_045512.83	150
NC_045512.84	150
NC_045512.85	150
NC_045512.86	150
NC_045512.87	149
NC_045512.88	150
NC_045512.89	150
NC_045512.90	150
NC_045512.91	150
NC_045512.92	150
NC_045512.93	149
NC_045512.94	149
NC_045512.95	150
NC_045512.96	150
NC_045512.97	150
NC_045512.98	149
NC_045512.99	150
NC_045512.100	149
NC_045512.101	150
NC_045512.102	149
NC_045512.103	149
NC_045512.104	150
NC_045512.105	150
NC_045512.106	149
NC_045512.107	150
NC_045512.108	150
NC_045512.109	149
NC_045512.110	148
NC_045512.111	149
NC_045512.112	150
NC_045512.113	150
NC_045512.114	150
NC_045512.115	149
NC_045512.116	150
NC_045512.117	150
NC_045512.118	150
NC_045512.119	149
NC_045512.120	149
NC_045512.121	150
NC_045512.122	150
NC_045512.123	149
NC_045512.124	148
NC_045512.125	147
NC_045512.126	146
NC_045512.127	145
NC_045512.128	145
NC_045512.129	146
NC_045512.130	147
NC_045512.131	148
NC_045512.132	149
NC_045512.133	150
NC_045512.134	150
NC_045512.135	150
NC_045512.136	150
NC_045512.137	150
NC_045512.138	150
NC_045512.139	150
NC_045512.140	150
NC_045512.141	150
NC_045512.142	149
NC_045512.143	150
NC_045512.144	149
NC_045512.145	150
NC_045512.146	150
NC_045512.147	150
NC_045512.148	150
NC_045512.149	150
NC_045512.150	150
NC_045512.151	150
NC_045512.152	150
NC_045512.153	150
NC_045512.154	149
NC_045512.155	150
NC_045512.156	150
NC_045512.157	150
NC_045512.158	150
NC_045512.159	150
NC_045512.160	150
NC_045512.161	150
NC_045512.162	150
NC_045512.163	148
NC_045512.164	149
NC_045512.165	150
NC_045512.166	150
NC_045512.167	150
NC_045512.168	150
NC_045512.169	149
NC_045512.170	150
NC_045512.171	149
NC_045512.172	150
NC_045512.173	150
NC_045512.174	149
NC_045512.175	150
NC_045512.176	149
NC_045512.177	150
NC_045512.178	149
NC_045512.179	150
NC_045512.180	149
NC_045512.181	150
NC_045512.182	150
NC_045512.183	150
NC_045512.184	144
NC_045512.185	145
NC_045512.186	146
NC_045512.187	150
NC_045512.188	150
NC_045512.189	149
NC_045512.190	150
NC_045512.191	149
NC_045512.192	149
NC_045512.193	150
NC_045512.194	150
NC_045512.195	150
NC_045512.196	150
NC_045512.197	150
NC_045512.198	149
NC_045512.199	148
NC_045512.200	147
NC_045512.201	148
NC_045512.202	149
NC_045512.203	150
NC_045512.204	150
NC_045512.205	150
NC_045512.206	150
NC_045512.207	149
NC_045512.208	150
NC_045512.209	150
NC_045512.210	150
NC_045512.211	150
NC_045512.212	150
NC_045512.213	150
NC_045512.214	150
NC_045512.215	150
NC_045512.216	149
NC_045512.217	150
NC_045512.218	150
NC_045512.219	150
NC_045512.220	150
NC_045512.221	150
NC_045512.222	149
NC_045512.223	150
NC_045512.224	150
NC_045512.225	150
NC_045512.226	150
NC_045512.227	149
NC_045512.228	148
NC_045512.229	147
NC_045512.230	146
NC_045512.231	150
NC_045512.232	145
NC_045512.233	144
NC_045512.234	143
NC_045512.235	142
NC_045512.236	141
NC_045512.237	140
NC_045512.238	150
NC_045512.239	150
NC_045512.240	150
NC_045512.241	150
NC_045512.242	150
NC_045512.243	150
NC_045512.244	150
NC_045512.245	149
NC_045512.246	148
NC_045512.247	149
NC_045512.248	150
NC_045512.249	150
NC_045512.250	149
NC_045512.251	150
NC_045512.252	149
NC_045512.253	150
NC_045512.254	150
NC_045512.255	150
NC_045512.256	150
NC_045512.257	150
NC_045512.258	149
NC_045512.259	150
NC_045512.260	150
NC_045512.261	150
NC_045512.262	150
NC_045512.263	150
NC_045512.264	150
NC_045512.265	150
NC_045512.266	150
NC_045512.267	150
NC_045512.268	150
NC_045512.269	150
NC_045512.270	150
NC_045512.271	150
NC_045512.272	148
NC_045512.273	147
NC_045512.274	146
NC_045512.275	145
NC_045512.276	150
NC_045512.277	150
NC_045512.278	150
NC_045512.279	150
NC_045512.280	150
NC_045512.281	150
NC_045512.282	149
NC_045512.283	149
NC_045512.284	150
NC_045512.285	146
NC_045512.286	148
NC_045512.287	147
NC_045512.288	146
NC_045512.289	148
NC_045512.290	148
NC_045512.291	150
NC_045512.292	150
NC_045512.293	149
NC_045512.294	150
NC_045512.295	149
NC_045512.296	150
NC_045512.297	149
NC_045512.298	149
NC_045512.299	150
NC_045512.300	150
NC_045512.301	150
NC_045512.302	149
NC_045512.303	150
NC_045512.304	150
NC_045512.305	149
NC_045512.306	149
NC_045512.307	150
NC_045512.308	150
NC_045512.309	150
NC_045512.310	150
NC_045512.311	149
NC_045512.312	150
NC_045512.313	149
NC_045512.314	149
NC_045512.315	150
NC_045512.316	149
NC_045512.317	150
NC_045512.318	150
NC_045512.319	149
NC_045512.320	148
NC_045512.321	149
NC_045512.322	150
NC_045512.323	149
NC_045512.324	150
NC_045512.325	149
NC_045512.326	148
NC_045512.327	149
NC_045512.328	150
NC_045512.329	149
NC_045512.330	150
NC_045512.331	150
NC_045512.332	149
NC_045512.333	150
NC_045512.334	149
NC_045512.335	149
NC_045512.336	150
NC_045512.337	150
NC_045512.338	150
NC_045512.339	150
NC_045512.340	150
NC_045512.341	150
NC_045512.342	150
NC_045512.343	150
NC_045512.344	150
NC_045512.345	149
NC_045512.346	150
NC_045512.347	150
NC_045512.348	150
NC_045512.349	149
NC_045512.350	148
NC_045512.351	147
NC_045512.352	149
NC_045512.353	150
NC_045512.354	150
NC_045512.355	150
NC_045512.356	150
NC_045512.357	150
NC_045512.358	149
NC_045512.359	149
NC_045512.360	150
NC_045512.361	149
NC_045512.362	150
NC_045512.363	147
NC_045512.364	146
NC_045512.365	145
NC_045512.366	150
NC_045512.367	149
NC_045512.368	148
NC_045512.369	140
NC_045512.370	141
NC_045512.371	142
NC_045512.372	143
NC_045512.373	144
NC_045512.374	145
NC_045512.375	146
NC_045512.376	147
NC_045512.377	148
NC_045512.378	149
NC_045512.379	150
NC_045512.380	150
NC_045512.381	149
NC_045512.382	149
NC_045512.383	150
NC_045512.384	149
NC_045512.385	149
NC_045512.386	149
NC_045512.387	149
NC_045512.388	149
NC_045512.389	150
NC_045512.390	149
NC_045512.391	150
NC_045512.392	150
NC_045512.393	150
NC_045512.394	150
NC_045512.395	150
NC_045512.396	150
NC_045512.397	146
NC_045512.398	145
NC_045512.399	144
NC_045512.400	148
NC_045512.401	148
NC_045512.402	149
NC_045512.403	146
NC_045512.404	149
NC_045512.405	147
NC_045512.406	149
NC_045512.407	150
NC_045512.408	149
NC_045512.409	148
NC_045512.410	150
NC_045512.411	150
NC_045512.412	148
NC_045512.413	142
NC_045512.414	143
NC_045512.415	144
NC_045512.416	145
NC_045512.417	146
NC_045512.418	147
NC_045512.419	148
NC_045512.420	149
NC_045512.421	149
NC_045512.422	148
NC_045512.423	148
NC_045512.424	149
NC_045512.425	150
NC_045512.426	150
NC_045512.427	150
NC_045512.428	149
NC_045512.429	150
NC_045512.430	150
NC_045512.431	149
NC_045512.432	150
NC_045512.433	150
NC_045512.434	150
NC_045512.435	147
NC_045512.436	146
NC_045512.437	145
NC_045512.438	150
NC_045512.439	150
NC_045512.440	150
NC_045512.441	150
NC_045512.442	150
NC_045512.443	149
NC_045512.444	148
NC_045512.445	147
NC_045512.446	148
NC_045512.447	149
NC_045512.448	150
NC_045512.449	150
NC_045512.450	150
NC_045512.451	150
NC_045512.452	150
NC_045512.453	150
NC_045512.454	150
NC_045512.455	149
NC_045512.456	150
NC_045512.457	150
NC_045512.458	149
NC_045512.459	150
NC_045512.460	150
NC_045512.461	150
NC_045512.462	150
NC_045512.463	149
NC_045512.464	150
NC_045512.465	150
NC_045512.466	150
NC_045512.467	149
NC_045512.468	150
NC_045512.469	149
NC_045512.470	150
NC_045512.471	150
NC_045512.472	145
NC_045512.473	146
NC_045512.474	147
NC_045512.475	148
NC_045512.476	149
NC_045512.477	150
NC_045512.478	149
NC_045512.479	148
NC_045512.480	147
NC_045512.481	146
NC_045512.482	150
NC_045512.483	149
NC_045512.484	146
NC_045512.485	149
NC_045512.486	150
NC_045512.487	150
NC_045512.488	150
NC_045512.489	149
NC_045512.490	150
NC_045512.491	148
NC_045512.492	150
NC_045512.493	150
NC_045512.494	149
NC_045512.495	148
NC_045512.496	149
NC_045512.497	150
NC_045512.498	149
NC_045512.499	149
NC_045512.500	149
NC_045512.501	149
NC_045512.502	149
NC_045512.503	150
NC_045512.504	150
NC_045512.505	150
NC_045512.506	145
NC_045512.507	146
NC_045512.508	147
NC_045512.509	148
NC_045512.510	149
NC_045512.511	150
NC_045512.512	150
NC_045512.513	149
NC_045512.514	148
NC_045512.515	150
NC_045512.516	150
NC_045512.517	149
NC_045512.518	150
NC_045512.519	150
NC_045512.520	149
NC_045512.521	148
NC_045512.522	149
NC_045512.523	149
NC_045512.524	150
NC_045512.525	150
NC_045512.526	149
NC_045512.527	149
NC_045512.528	150
NC_045512.529	149
NC_045512.530	150
NC_045512.531	150
NC_045512.532	150
NC_045512.533	150
NC_045512.534	150
NC_045512.535	150
NC_045512.536	150
NC_045512.537	150
NC_045512.538	150
NC_045512.539	145
NC_045512.540	146
NC_045512.541	147
NC_045512.542	148
NC_045512.543	149
NC_045512.544	150
NC_045512.545	150
NC_045512.546	150
NC_045512.547	149
NC_045512.548	148
NC_045512.549	149
NC_045512.550	150
NC_045512.551	149
NC_045512.552	150
NC_045512.553	150
NC_045512.554	150
NC_045512.555	150
NC_045512.556	149
NC_045512.557	148
NC_045512.558	147
NC_045512.559	146
NC_045512.560	145
NC_045512.561	150
NC_045512.562	149
NC_045512.563	150
NC_045512.564	150
NC_045512.565	149
NC_045512.566	150
NC_045512.567	149
NC_045512.568	150
NC_045512.569	150
NC_045512.570	150
NC_045512.571	149
NC_045512.572	150
NC_045512.573	150
NC_045512.574	150
NC_045512.575	150
NC_045512.576	150
NC_045512.577	149
NC_045512.578	150
NC_045512.579	150
NC_045512.580	150
NC_045512.581	149
NC_045512.582	149
NC_045512.583	150
NC_045512.584	149
NC_045512.585	150
NC_045512.586	149
NC_045512.587	150
NC_045512.588	150
NC_045512.589	150
NC_045512.590	150
NC_045512.591	149
NC_045512.592	144
NC_045512.593	145
NC_045512.594	146
NC_045512.595	147
NC_045512.596	148
NC_045512.597	149
NC_045512.598	150
NC_045512.599	149
NC_045512.600	148
NC_045512.601	147
NC_045512.602	146
NC_045512.603	150
NC_045512.604	150
NC_045512.605	150
NC_045512.606	150
NC_045512.607	150
NC_045512.608	150
NC_045512.609	150
NC_045512.610	150
NC_045512.611	149
NC_045512.612	150
NC_045512.613	150
NC_045512.614	150
NC_045512.615	150
NC_045512.616	150
NC_045512.617	150
NC_045512.618	150
NC_045512.619	150
NC_045512.620	150
NC_045512.621	149
NC_045512.622	148
NC_045512.623	148
NC_045512.624	149
NC_045512.625	150
NC_045512.626	150
NC_045512.627	147
NC_045512.628	146
NC_045512.629	150
NC_045512.630	150
NC_045512.631	150
NC_045512.632	150
NC_045512.633	149
NC_045512.634	148
NC_045512.635	149
NC_045512.636	150
NC_045512.637	150
NC_045512.638	149
NC_045512.639	148
NC_045512.640	149
NC_045512.641	150
NC_045512.642	150
NC_045512.643	150
NC_045512.644	150
NC_045512.645	150
NC_045512.646	150
NC_045512.647	149
NC_045512.648	150
NC_045512.649	150
NC_045512.650	150
NC_045512.651	150
NC_045512.652	146
NC_045512.653	145
NC_045512.654	150
NC_045512.655	143
NC_045512.656	150
NC_045512.657	150
NC_045512.658	146
NC_045512.659	145
NC_045512.660	144
NC_045512.661	143
NC_045512.662	150
NC_045512.663	148
NC_045512.664	150
NC_045512.665	149
NC_045512.666	150
NC_045512.667	150
NC_045512.668	148
NC_045512.669	149
NC_045512.670	148
NC_045512.671	150
NC_045512.672	146
NC_045512.673	149
NC_045512.674	148
NC_045512.675	150
NC_045512.676	146
NC_045512.677	149
NC_045512.678	148
NC_045512.679	150
NC_045512.680	149
NC_045512.681	150
NC_045512.682	149
NC_045512.683	150
NC_045512.684	149
NC_045512.685	150
NC_045512.686	150
NC_045512.687	148
NC_045512.688	149
NC_045512.689	150
NC_045512.690	149
NC_045512.691	150
NC_045512.692	150
NC_045512.693	150
NC_045512.694	150
NC_045512.695	150
NC_045512.696	150
NC_045512.697	149
NC_045512.698	150
NC_045512.699	150
NC_045512.700	150
NC_045512.701	145
NC_045512.702	146
NC_045512.703	147
NC_045512.704	150
NC_045512.705	149
NC_045512.706	150
NC_045512.707	150
NC_045512.708	150
NC_045512.709	150
NC_045512.710	150
NC_045512.711	149
NC_045512.712	150
NC_045512.713	150
NC_045512.714	150
NC_045512.715	150
NC_045512.716	150
NC_045512.717	149
NC_045512.718	150
NC_045512.719	149
NC_045512.720	148
NC_045512.721	150
NC_045512.722	150
NC_045512.723	149
NC_045512.724	150
NC_045512.725	150
NC_045512.726	150
NC_045512.727	150
NC_045512.728	150
NC_045512.729	150
NC_045512.730	150
NC_045512.731	149
NC_045512.732	150
NC_045512.733	150
NC_045512.734	148
NC_045512.735	147
NC_045512.736	146
NC_045512.737	145
NC_045512.738	150
NC_045512.739	150
NC_045512.740	150
NC_045512.741	150
NC_045512.742	150
NC_045512.743	149
NC_045512.744	150
NC_045512.745	148
NC_045512.746	149
NC_045512.747	149
NC_045512.748	146
NC_045512.749	149
NC_045512.750	149
NC_045512.751	146
NC_045512.752	145
NC_045512.753	149
NC_045512.754	143
NC_045512.755	150
NC_045512.756	150
NC_045512.757	149
NC_045512.758	139
NC_045512.759	147
NC_045512.760	148
NC_045512.761	148
NC_045512.762	144
NC_045512.763	147
NC_045512.764	147
NC_045512.765	147
NC_045512.766	149
NC_045512.767	149
NC_045512.768	150
NC_045512.769	149
NC_045512.770	145
NC_045512.771	146
NC_045512.772	147
NC_045512.773	148
NC_045512.774	145
NC_045512.775	150
NC_045512.776	150
NC_045512.777	149
NC_045512.778	148
NC_045512.779	149
NC_045512.780	150
NC_045512.781	149
NC_045512.782	150
NC_045512.783	150
NC_045512.784	149
NC_045512.785	150
NC_045512.786	146
NC_045512.787	149
NC_045512.788	147
NC_045512.789	148
NC_045512.790	141
NC_045512.791	142
NC_045512.792	150
NC_045512.793	150
NC_045512.794	150
NC_045512.795	146
NC_045512.796	147
NC_045512.797	148
NC_045512.798	150
NC_045512.799	150
NC_045512.800	145
NC_045512.801	146
NC_045512.802	147
NC_045512.803	148
NC_045512.804	149
NC_045512.805	150
NC_045512.806	150
NC_045512.807	150
NC_045512.808	150
NC_045512.809	150
NC_045512.810	150
NC_045512.811	150
NC_045512.812	150
NC_045512.813	150
NC_045512.814	149
NC_045512.815	150
NC_045512.816	150
NC_045512.817	149
NC_045512.818	150
NC_045512.819	149
NC_045512.820	150
NC_045512.821	150
NC_045512.822	150
NC_045512.823	150
NC_045512.824	150
NC_045512.825	149
NC_045512.826	150
NC_045512.827	149
NC_045512.828	150
NC_045512.829	150
NC_045512.830	150
NC_045512.831	150
NC_045512.832	149
NC_045512.833	148
NC_045512.834	147
NC_045512.835	147
NC_045512.836	148
NC_045512.837	149
NC_045512.838	150
NC_045512.839	149
NC_045512.840	150
NC_045512.841	149
NC_045512.842	150
NC_045512.843	150
NC_045512.844	149
NC_045512.845	149
NC_045512.846	150
NC_045512.847	150
NC_045512.848	149
NC_045512.849	150
NC_045512.850	149
NC_045512.851	149
NC_045512.852	150
NC_045512.853	143
NC_045512.854	134
NC_045512.855	136
NC_045512.856	139
NC_045512.857	146
NC_045512.858	139
NC_045512.859	150
NC_045512.860	142
NC_045512.861	142
NC_045512.862	143
NC_045512.863	150
NC_045512.864	147
NC_045512.865	148
NC_045512.866	148
NC_045512.867	147
NC_045512.868	150
NC_045512.869	149
NC_045512.870	149
NC_045512.871	144
NC_045512.872	149
NC_045512.873	149
NC_045512.874	141
NC_045512.875	149
NC_045512.876	143
NC_045512.877	144
NC_045512.878	143
NC_045512.879	146
NC_045512.880	147
NC_045512.881	148
NC_045512.882	149
NC_045512.883	148
NC_045512.884	145
NC_045512.885	137
NC_045512.886	149
NC_045512.887	145
NC_045512.888	149
NC_045512.889	149
NC_045512.890	150
NC_045512.891	149
NC_045512.892	144
NC_045512.893	145
NC_045512.894	146
NC_045512.895	147
NC_045512.896	150
NC_045512.897	149
NC_045512.898	150
NC_045512.899	149
NC_045512.900	150
NC_045512.901	149
NC_045512.902	148
NC_045512.903	147
NC_045512.904	149
NC_045512.905	150
NC_045512.906	150
NC_045512.907	150
NC_045512.908	150
NC_045512.909	150
NC_045512.910	150
NC_045512.911	150
NC_045512.912	150
NC_045512.913	150
NC_045512.914	149
NC_045512.915	145
NC_045512.916	146
NC_045512.917	147
NC_045512.918	148
NC_045512.919	149
NC_045512.920	150
NC_045512.921	150
NC_045512.922	149
NC_045512.923	150
NC_045512.924	150
NC_045512.925	149
NC_045512.926	148
NC_045512.927	149
NC_045512.928	150
NC_045512.929	149
NC_045512.930	150
NC_045512.931	149
NC_045512.932	149
NC_045512.933	150
NC_045512.934	149
NC_045512.935	149
NC_045512.936	150
NC_045512.937	149
NC_045512.938	149
NC_045512.939	150
NC_045512.940	149
NC_045512.941	150
NC_045512.942	150
NC_045512.943	150
NC_045512.944	150
NC_045512.945	148
NC_045512.946	147
NC_045512.947	150
NC_045512.948	145
NC_045512.949	144
NC_045512.950	149
NC_045512.951	150
NC_045512.952	150
NC_045512.953	149
NC_045512.954	149
NC_045512.955	148
NC_045512.956	147
NC_045512.957	146
NC_045512.958	145
NC_045512.959	150
NC_045512.960	149
NC_045512.961	149
NC_045512.962	150
NC_045512.963	150
NC_045512.964	149
NC_045512.965	150
NC_045512.966	149
NC_045512.967	150
NC_045512.968	149
NC_045512.969	149
NC_045512.970	144
NC_045512.971	150
NC_045512.972	149
NC_045512.973	150
NC_045512.974	149
NC_045512.975	148
NC_045512.976	149
NC_045512.977	150
NC_045512.978	147
NC_045512.979	146
NC_045512.980	145
NC_045512.981	144
NC_045512.982	143
NC_045512.983	142
NC_045512.984	141
NC_045512.985	147
NC_045512.986	148
NC_045512.987	149
NC_045512.988	150
NC_045512.989	150
NC_045512.990	150
NC_045512.991	149
NC_045512.992	150
NC_045512.993	150
NC_045512.994	149
NC_045512.995	148
NC_045512.996	148
NC_045512.997	149
NC_045512.998	150
NC_045512.999	149
NC_045512.1000	150
NC_045512.1001	150
NC_045512.1002	150
NC_045512.1003	149
NC_045512.1004	148
NC_045512.1005	149
NC_045512.1006	150
NC_045512.1007	149
NC_045512.1008	150
NC_045512.1009	150
NC_045512.1010	150
NC_045512.1011	150
NC_045512.1012	145
NC_045512.1013	146
NC_045512.1014	147
NC_045512.1015	148
NC_045512.1016	149
NC_045512.1017	150
NC_045512.1018	149
NC_045512.1019	148
NC_045512.1020	147
NC_045512.1021	146
NC_045512.1022	150
NC_045512.1023	150
NC_045512.1024	150
NC_045512.1025	149
NC_045512.1026	148
NC_045512.1027	147
NC_045512.1028	148
NC_045512.1029	149
NC_045512.1030	150
NC_045512.1031	150
NC_045512.1032	150
NC_045512.1033	150
NC_045512.1034	149
NC_045512.1035	149
NC_045512.1036	150
NC_045512.1037	150
NC_045512.1038	150
NC_045512.1039	150
NC_045512.1040	150
NC_045512.1041	150
NC_045512.1042	150
NC_045512.1043	149
NC_045512.1044	149
NC_045512.1045	150
NC_045512.1046	150
NC_045512.1047	150
NC_045512.1048	150
NC_045512.1049	150
NC_045512.1050	150
NC_045512.1051	150
NC_045512.1052	150
NC_045512.1053	149
NC_045512.1054	149
NC_045512.1055	150
NC_045512.1056	150
NC_045512.1057	150
NC_045512.1058	149
NC_045512.1059	150
NC_045512.1060	149
NC_045512.1061	150
NC_045512.1062	150
NC_045512.1063	150
NC_045512.1064	150
NC_045512.1065	150
NC_045512.1066	149
NC_045512.1067	150
NC_045512.1068	150
NC_045512.1069	146
NC_045512.1070	150
NC_045512.1071	148
NC_045512.1072	149
NC_045512.1073	150
NC_045512.1074	150
NC_045512.1075	150
NC_045512.1076	150
NC_045512.1077	149
NC_045512.1078	148
NC_045512.1079	149
NC_045512.1080	150
NC_045512.1081	150
NC_045512.1082	150
NC_045512.1083	150
NC_045512.1084	149
NC_045512.1085	149
NC_045512.1086	150
NC_045512.1087	149
NC_045512.1088	144
NC_045512.1089	145
NC_045512.1090	150
NC_045512.1091	147
NC_045512.1092	150
NC_045512.1093	150
NC_045512.1094	149
NC_045512.1095	150
NC_045512.1096	149
NC_045512.1097	150
NC_045512.1098	144
NC_045512.1099	145
NC_045512.1100	146
NC_045512.1101	147
NC_045512.1102	148
NC_045512.1103	150
NC_045512.1104	150
NC_045512.1105	149
NC_045512.1106	150
NC_045512.1107	148
NC_045512.1108	150
NC_045512.1109	150
NC_045512.1110	149
NC_045512.1111	149
NC_045512.1112	150
NC_045512.1113	149
NC_045512.1114	150
NC_045512.1115	150
NC_045512.1116	150
NC_045512.1117	150
NC_045512.1118	150
NC_045512.1119	149
NC_045512.1120	148
NC_045512.1121	147
NC_045512.1122	146
NC_045512.1123	147
NC_045512.1124	148
NC_045512.1125	149
NC_045512.1126	150
NC_045512.1127	150
NC_045512.1128	150
NC_045512.1129	150
NC_045512.1130	150
NC_045512.1131	150
NC_045512.1132	150
NC_045512.1133	149
NC_045512.1134	150
NC_045512.1135	149
NC_045512.1136	149
NC_045512.1137	149
NC_045512.1138	149
NC_045512.1139	149
NC_045512.1140	150
NC_045512.1141	149
NC_045512.1142	146
NC_045512.1143	149
NC_045512.1144	150
NC_045512.1145	149
NC_045512.1146	149
NC_045512.1147	147
NC_045512.1148	150
NC_045512.1149	150
NC_045512.1150	150
NC_045512.1151	149
NC_045512.1152	150
NC_045512.1153	150
NC_045512.1154	150
NC_045512.1155	150
NC_045512.1156	150
NC_045512.1157	150
NC_045512.1158	150
NC_045512.1159	150
NC_045512.1160	149
NC_045512.1161	150
NC_045512.1162	150
NC_045512.1163	150
NC_045512.1164	150
NC_045512.1165	150
NC_045512.1166	147
NC_045512.1167	146
NC_045512.1168	145
NC_045512.1169	144
NC_045512.1170	143
NC_045512.1171	149
NC_045512.1172	150
NC_045512.1173	150
NC_045512.1174	149
NC_045512.1175	150
NC_045512.1176	150
NC_045512.1177	150
NC_045512.1178	150
NC_045512.1179	150
NC_045512.1180	149
NC_045512.1181	148
NC_045512.1182	147
NC_045512.1183	148
NC_045512.1184	149
NC_045512.1185	150
NC_045512.1186	149
NC_045512.1187	150
NC_045512.1188	150
NC_045512.1189	150
NC_045512.1190	150
NC_045512.1191	149
NC_045512.1192	150
NC_045512.1193	149
NC_045512.1194	150
NC_045512.1195	150
NC_045512.1196	150
NC_045512.1197	149
NC_045512.1198	150
NC_045512.1199	150
NC_045512.1200	150
NC_045512.1201	150
NC_045512.1202	150
NC_045512.1203	149
NC_045512.1204	150
NC_045512.1205	150
NC_045512.1206	150
NC_045512.1207	149
NC_045512.1208	150
NC_045512.1209	150
NC_045512.1210	150
NC_045512.1211	150
NC_045512.1212	149
NC_045512.1213	150
NC_045512.1214	149
NC_045512.1215	150
NC_045512.1216	150
NC_045512.1217	149
NC_045512.1218	150
NC_045512.1219	150
NC_045512.1220	150
NC_045512.1221	149
NC_045512.1222	150
NC_045512.1223	149
NC_045512.1224	150
NC_045512.1225	150
NC_045512.1226	149
NC_045512.1227	150
NC_045512.1228	150
NC_045512.1229	150
NC_045512.1230	150
NC_045512.1231	150
NC_045512.1232	150
NC_045512.1233	149
NC_045512.1234	150
NC_045512.1235	149
NC_045512.1236	150
NC_045512.1237	150
NC_045512.1238	150
NC_045512.1239	150
NC_045512.1240	150
NC_045512.1241	150
NC_045512.1242	148
NC_045512.1243	147
NC_045512.1244	145
NC_045512.1245	145
NC_045512.1246	144
NC_045512.1247	143
NC_045512.1248	142
NC_045512.1249	150
NC_045512.1250	148
NC_045512.1251	150
NC_045512.1252	148
NC_045512.1253	150
NC_045512.1254	147
NC_045512.1255	149
NC_045512.1256	150
NC_045512.1257	149
NC_045512.1258	150
NC_045512.1259	146
NC_045512.1260	149
NC_045512.1261	149
NC_045512.1262	144
NC_045512.1263	145
NC_045512.1264	146
NC_045512.1265	147
NC_045512.1266	150
NC_045512.1267	149
NC_045512.1268	150
NC_045512.1269	150
NC_045512.1270	149
NC_045512.1271	148
NC_045512.1272	147
NC_045512.1273	146
NC_045512.1274	150
NC_045512.1275	150
NC_045512.1276	150
NC_045512.1277	150
NC_045512.1278	150
NC_045512.1279	150
NC_045512.1280	150
NC_045512.1281	150
NC_045512.1282	149
NC_045512.1283	148
NC_045512.1284	147
NC_045512.1285	146
NC_045512.1286	149
NC_045512.1287	148
NC_045512.1288	149
NC_045512.1289	147
NC_045512.1290	150
NC_045512.1291	149
NC_045512.1292	150
NC_045512.1293	150
NC_045512.1294	146
NC_045512.1295	145
NC_045512.1296	144
NC_045512.1297	149
NC_045512.1298	142
NC_045512.1299	148
NC_045512.1300	149
NC_045512.1301	150
NC_045512.1302	149
NC_045512.1303	146
NC_045512.1304	147
NC_045512.1305	148
NC_045512.1306	149
NC_045512.1307	150
NC_045512.1308	144
NC_045512.1309	145
NC_045512.1310	146
NC_045512.1311	147
NC_045512.1312	148
NC_045512.1313	150
NC_045512.1314	147
NC_045512.1315	149
NC_045512.1316	149
NC_045512.1317	149
NC_045512.1318	150
NC_045512.1319	148
NC_045512.1320	149
NC_045512.1321	150
NC_045512.1322	149
NC_045512.1323	150
NC_045512.1324	150
NC_045512.1325	149
NC_045512.1326	150
NC_045512.1327	150
NC_045512.1328	150
NC_045512.1329	149
NC_045512.1330	150
NC_045512.1331	150
NC_045512.1332	150
NC_045512.1333	149
NC_045512.1334	150
NC_045512.1335	150
NC_045512.1336	150
NC_045512.1337	150
NC_045512.1338	150
NC_045512.1339	149
NC_045512.1340	149
NC_045512.1341	150
NC_045512.1342	149
NC_045512.1343	150
NC_045512.1344	149
NC_045512.1345	150
NC_045512.1346	149
NC_045512.1347	150
NC_045512.1348	150
NC_045512.1349	149
NC_045512.1350	150
NC_045512.1351	149
NC_045512.1352	148
NC_045512.1353	148
NC_045512.1354	149
NC_045512.1355	150
NC_045512.1356	149
NC_045512.1357	148
NC_045512.1358	148
NC_045512.1359	149
NC_045512.1360	150
NC_045512.1361	150
NC_045512.1362	149
NC_045512.1363	150
NC_045512.1364	150
NC_045512.1365	150
NC_045512.1366	150
NC_045512.1367	150
NC_045512.1368	149
NC_045512.1369	149
NC_045512.1370	149
NC_045512.1371	148
NC_045512.1372	147
NC_045512.1373	146
NC_045512.1374	149
NC_045512.1375	150
NC_045512.1376	150
NC_045512.1377	149
NC_045512.1378	149
NC_045512.1379	150
NC_045512.1380	149
NC_045512.1381	150
NC_045512.1382	150
NC_045512.1383	150
NC_045512.1384	150
NC_045512.1385	150
NC_045512.1386	145
NC_045512.1387	146
NC_045512.1388	147
NC_045512.1389	150
NC_045512.1390	149
NC_045512.1391	150
NC_045512.1392	150
NC_045512.1393	150
NC_045512.1394	150
NC_045512.1395	150
NC_045512.1396	149
NC_045512.1397	149
NC_045512.1398	150
NC_045512.1399	150
NC_045512.1400	149
NC_045512.1401	149
NC_045512.1402	150
NC_045512.1403	150
NC_045512.1404	148
NC_045512.1405	148
NC_045512.1406	149
NC_045512.1407	149
NC_045512.1408	149
NC_045512.1409	150
NC_045512.1410	150
NC_045512.1411	150
NC_045512.1412	150
NC_045512.1413	149
NC_045512.1414	150
NC_045512.1415	150
NC_045512.1416	146
NC_045512.1417	147
NC_045512.1418	148
NC_045512.1419	149
NC_045512.1420	150
NC_045512.1421	149
NC_045512.1422	149
NC_045512.1423	145
NC_045512.1424	146
NC_045512.1425	147
NC_045512.1426	148
NC_045512.1427	149
NC_045512.1428	150
NC_045512.1429	149
NC_045512.1430	148
NC_045512.1431	147
NC_045512.1432	146
NC_045512.1433	145
NC_045512.1434	150
NC_045512.1435	150
NC_045512.1436	145
NC_045512.1437	146
NC_045512.1438	150
NC_045512.1439	150
NC_045512.1440	149
NC_045512.1441	150
NC_045512.1442	149
NC_045512.1443	149
NC_045512.1444	150
NC_045512.1445	150
NC_045512.1446	150
NC_045512.1447	150
NC_045512.1448	150
NC_045512.1449	150
NC_045512.1450	150
NC_045512.1451	150
NC_045512.1452	150
NC_045512.1453	149
NC_045512.1454	149
NC_045512.1455	150
NC_045512.1456	150
NC_045512.1457	150
NC_045512.1458	150
NC_045512.1459	149
NC_045512.1460	148
NC_045512.1461	150
NC_045512.1462	150
NC_045512.1463	145
NC_045512.1464	150
NC_045512.1465	150
NC_045512.1466	149
NC_045512.1467	148
NC_045512.1468	148
NC_045512.1469	149
NC_045512.1470	150
NC_045512.1471	149
NC_045512.1472	150
NC_045512.1473	150
NC_045512.1474	149
NC_045512.1475	148
NC_045512.1476	149
NC_045512.1477	150
NC_045512.1478	150
NC_045512.1479	149
NC_045512.1480	149
NC_045512.1481	150
NC_045512.1482	149
NC_045512.1483	148
NC_045512.1484	149
NC_045512.1485	150
NC_045512.1486	150
NC_045512.1487	150
NC_045512.1488	150
NC_045512.1489	150
NC_045512.1490	150
NC_045512.1491	150
NC_045512.1492	150
NC_045512.1493	149
NC_045512.1494	150
NC_045512.1495	150
NC_045512.1496	149
NC_045512.1497	150
NC_045512.1498	149
NC_045512.1499	148
NC_045512.1500	149
NC_045512.1501	150
NC_045512.1502	149
NC_045512.1503	148
NC_045512.1504	147
NC_045512.1505	146
NC_045512.1506	145
NC_045512.1507	146
NC_045512.1508	147
NC_045512.1509	148
NC_045512.1510	149
NC_045512.1511	150
NC_045512.1512	149
NC_045512.1513	150
NC_045512.1514	150
NC_045512.1515	150
NC_045512.1516	149
NC_045512.1517	149
NC_045512.1518	150
NC_045512.1519	149
NC_045512.1520	150
NC_045512.1521	149
NC_045512.1522	150
NC_045512.1523	149
NC_045512.1524	150
NC_045512.1525	150
NC_045512.1526	149
NC_045512.1527	150
NC_045512.1528	150
NC_045512.1529	150
NC_045512.1530	150
NC_045512.1531	150
NC_045512.1532	149
NC_045512.1533	150
NC_045512.1534	150
NC_045512.1535	150
NC_045512.1536	150
NC_045512.1537	150
NC_045512.1538	149
NC_045512.1539	149
NC_045512.1540	150
NC_045512.1541	149
NC_045512.1542	148
NC_045512.1543	147
NC_045512.1544	148
NC_045512.1545	149
NC_045512.1546	150
NC_045512.1547	149
NC_045512.1548	149
NC_045512.1549	150
NC_045512.1550	145
NC_045512.1551	146
NC_045512.1552	147
NC_045512.1553	148
NC_045512.1554	149
NC_045512.1555	150
NC_045512.1556	149
NC_045512.1557	149
NC_045512.1558	150
NC_045512.1559	150
NC_045512.1560	149
NC_045512.1561	148
NC_045512.1562	148
NC_045512.1563	149
NC_045512.1564	150
NC_045512.1565	150
NC_045512.1566	150
NC_045512.1567	150
NC_045512.1568	149
NC_045512.1569	150
NC_045512.1570	150
NC_045512.1571	150
NC_045512.1572	150
NC_045512.1573	150
NC_045512.1574	149
NC_045512.1575	149
NC_045512.1576	150
NC_045512.1577	149
NC_045512.1578	150
NC_045512.1579	150
NC_045512.1580	148
NC_045512.1581	148
NC_045512.1582	150
NC_045512.1583	149
NC_045512.1584	150
NC_045512.1585	150
NC_045512.1586	150
NC_045512.1587	149
NC_045512.1588	150
NC_045512.1589	149
NC_045512.1590	150
NC_045512.1591	150
NC_045512.1592	150
NC_045512.1593	150
NC_045512.1594	150
NC_045512.1595	150
NC_045512.1596	149
NC_045512.1597	150
NC_045512.1598	150
NC_045512.1599	149
NC_045512.1600	148
NC_045512.1601	148
NC_045512.1602	149
NC_045512.1603	150
NC_045512.1604	145
NC_045512.1605	150
NC_045512.1606	147
NC_045512.1607	148
NC_045512.1608	150
NC_045512.1609	149
NC_045512.1610	150
NC_045512.1611	150
NC_045512.1612	149
NC_045512.1613	149
NC_045512.1614	150
NC_045512.1615	149
NC_045512.1616	148
NC_045512.1617	147
NC_045512.1618	149
NC_045512.1619	150
NC_045512.1620	150
NC_045512.1621	145
NC_045512.1622	144
NC_045512.1623	143
NC_045512.1624	148
NC_045512.1625	149
NC_045512.1626	150
NC_045512.1627	150
NC_045512.1628	149
NC_045512.1629	150
NC_045512.1630	149
NC_045512.1631	149
NC_045512.1632	150
NC_045512.1633	150
NC_045512.1634	150
NC_045512.1635	150
NC_045512.1636	150
NC_045512.1637	150
NC_045512.1638	150
NC_045512.1639	150
NC_045512.1640	150
NC_045512.1641	149
NC_045512.1642	148
NC_045512.1643	150
NC_045512.1644	149
NC_045512.1645	149
NC_045512.1646	149
NC_045512.1647	150
NC_045512.1648	149
NC_045512.1649	148
NC_045512.1650	148
NC_045512.1651	149
NC_045512.1652	150
NC_045512.1653	149
NC_045512.1654	149
NC_045512.1655	150
NC_045512.1656	150
NC_045512.1657	150
NC_045512.1658	150
NC_045512.1659	149
NC_045512.1660	150
NC_045512.1661	149
NC_045512.1662	150
NC_045512.1663	150
NC_045512.1664	149
NC_045512.1665	150
NC_045512.1666	149
NC_045512.1667	150
NC_045512.1668	150
NC_045512.1669	150
NC_045512.1670	149
NC_045512.1671	148
NC_045512.1672	149
NC_045512.1673	150
NC_045512.1674	149
NC_045512.1675	150
NC_045512.1676	148
NC_045512.1677	147
NC_045512.1678	146
NC_045512.1679	150
NC_045512.1680	150
NC_045512.1681	150
NC_045512.1682	150
NC_045512.1683	150
NC_045512.1684	150
NC_045512.1685	150
NC_045512.1686	150
NC_045512.1687	150
NC_045512.1688	150
NC_045512.1689	149
NC_045512.1690	150
NC_045512.1691	150
NC_045512.1692	149
NC_045512.1693	150
NC_045512.1694	149
NC_045512.1695	149
NC_045512.1696	150
NC_045512.1697	150
NC_045512.1698	149
NC_045512.1699	149
NC_045512.1700	150
NC_045512.1701	150
NC_045512.1702	148
NC_045512.1703	150
NC_045512.1704	149
NC_045512.1705	150
NC_045512.1706	149
NC_045512.1707	150
NC_045512.1708	150
NC_045512.1709	149
NC_045512.1710	150
NC_045512.1711	149
NC_045512.1712	150
NC_045512.1713	149
NC_045512.1714	149
NC_045512.1715	150
NC_045512.1716	149
NC_045512.1717	150
NC_045512.1718	149
NC_045512.1719	150
NC_045512.1720	150
NC_045512.1721	150
NC_045512.1722	149
NC_045512.1723	148
NC_045512.1724	147
NC_045512.1725	148
NC_045512.1726	149
NC_045512.1727	150
NC_045512.1728	149
NC_045512.1729	150
NC_045512.1730	150
NC_045512.1731	149
NC_045512.1732	149
NC_045512.1733	150
NC_045512.1734	150
NC_045512.1735	150
NC_045512.1736	149
NC_045512.1737	148
NC_045512.1738	147
NC_045512.1739	146
NC_045512.1740	148
NC_045512.1741	150
NC_045512.1742	150
NC_045512.1743	149
NC_045512.1744	150
NC_045512.1745	149
NC_045512.1746	150
NC_045512.1747	150
NC_045512.1748	149
NC_045512.1749	150
NC_045512.1750	150
NC_045512.1751	150
NC_045512.1752	149
NC_045512.1753	150
NC_045512.1754	150
NC_045512.1755	150
NC_045512.1756	149
NC_045512.1757	148
NC_045512.1758	147
NC_045512.1759	148
NC_045512.1760	149
NC_045512.1761	150
NC_045512.1762	145
NC_045512.1763	148
NC_045512.1764	147
NC_045512.1765	146
NC_045512.1766	145
NC_045512.1767	150
NC_045512.1768	149
NC_045512.1769	149
NC_045512.1770	150
NC_045512.1771	150
NC_045512.1772	149
NC_045512.1773	150
NC_045512.1774	150
NC_045512.1775	149
NC_045512.1776	150
NC_045512.1777	149
NC_045512.1778	150
NC_045512.1779	149
NC_045512.1780	150
NC_045512.1781	150
NC_045512.1782	150
NC_045512.1783	149
NC_045512.1784	148
NC_045512.1785	146
NC_045512.1786	146
NC_045512.1787	146
NC_045512.1788	145
NC_045512.1789	145
NC_045512.1790	143
NC_045512.1791	143
NC_045512.1792	142
NC_045512.1793	141
NC_045512.1794	140
NC_045512.1795	139
NC_045512.1796	138
NC_045512.1797	137
NC_045512.1798	136
NC_045512.1799	135
NC_045512.1800	134
NC_045512.1801	133
NC_045512.1802	132
NC_045512.1803	131
NC_045512.1804	150
NC_045512.1805	150
NC_045512.1806	128
NC_045512.1807	127
NC_045512.1808	147
NC_045512.1809	150
NC_045512.1810	150
NC_045512.1811	149
NC_045512.1812	149
NC_045512.1813	147
NC_045512.1814	149
NC_045512.1815	146
NC_045512.1816	141
NC_045512.1817	148
NC_045512.1818	149
NC_045512.1819	144
NC_045512.1820	145
NC_045512.1821	145
NC_045512.1822	147
NC_045512.1823	148
NC_045512.1824	148
NC_045512.1825	147
NC_045512.1826	148
NC_045512.1827	149
NC_045512.1828	150
NC_045512.1829	150
NC_045512.1830	150
NC_045512.1831	150
NC_045512.1832	149
NC_045512.1833	150
NC_045512.1834	150
NC_045512.1835	149
NC_045512.1836	148
NC_045512.1837	149
NC_045512.1838	150
NC_045512.1839	149
NC_045512.1840	150
NC_045512.1841	149
NC_045512.1842	148
NC_045512.1843	149
NC_045512.1844	150
NC_045512.1845	150
NC_045512.1846	150
NC_045512.1847	150
NC_045512.1848	150
NC_045512.1849	150
NC_045512.1850	150
NC_045512.1851	150
NC_045512.1852	150
NC_045512.1853	150
NC_045512.1854	150
NC_045512.1855	149
NC_045512.1856	150
NC_045512.1857	149
NC_045512.1858	150
NC_045512.1859	150
NC_045512.1860	150
NC_045512.1861	150
NC_045512.1862	149
NC_045512.1863	150
NC_045512.1864	150
NC_045512.1865	149
NC_045512.1866	148
NC_045512.1867	149
NC_045512.1868	150
NC_045512.1869	149
NC_045512.1870	148
NC_045512.1871	149
NC_045512.1872	150
NC_045512.1873	149
NC_045512.1874	148
NC_045512.1875	147
NC_045512.1876	146
NC_045512.1877	145
NC_045512.1878	150
NC_045512.1879	149
NC_045512.1880	148
NC_045512.1881	147
NC_045512.1882	146
NC_045512.1883	139
NC_045512.1884	149
NC_045512.1885	145
NC_045512.1886	142
NC_045512.1887	148
NC_045512.1888	140
NC_045512.1889	146
NC_045512.1890	150
NC_045512.1891	144
NC_045512.1892	130
NC_045512.1893	142
NC_045512.1894	149
NC_045512.1895	147
NC_045512.1896	145
NC_045512.1897	146
NC_045512.1898	149
NC_045512.1899	148
NC_045512.1900	149
NC_045512.1901	150
NC_045512.1902	150
NC_045512.1903	149
NC_045512.1904	141
NC_045512.1905	143
NC_045512.1906	144
NC_045512.1907	144
NC_045512.1908	146
NC_045512.1909	150
NC_045512.1910	147
NC_045512.1911	149
NC_045512.1912	149
NC_045512.1913	150
NC_045512.1914	149
NC_045512.1915	148
NC_045512.1916	144
NC_045512.1917	146
NC_045512.1918	146
NC_045512.1919	133
NC_045512.1920	134
NC_045512.1921	149
NC_045512.1922	150
NC_045512.1923	137
NC_045512.1924	138
NC_045512.1925	136
NC_045512.1926	140
NC_045512.1927	141
NC_045512.1928	142
NC_045512.1929	143
NC_045512.1930	144
NC_045512.1931	145
NC_045512.1932	146
NC_045512.1933	147
NC_045512.1934	148
NC_045512.1935	150
NC_045512.1936	149
NC_045512.1937	148
NC_045512.1938	149
NC_045512.1939	150
NC_045512.1940	149
NC_045512.1941	149
NC_045512.1942	150
NC_045512.1943	145
NC_045512.1944	146
NC_045512.1945	150
NC_045512.1946	148
NC_045512.1947	147
NC_045512.1948	146
NC_045512.1949	145
NC_045512.1950	150
NC_045512.1951	150
NC_045512.1952	150
NC_045512.1953	150
NC_045512.1954	150
NC_045512.1955	149
NC_045512.1956	150
NC_045512.1957	149
NC_045512.1958	148
NC_045512.1959	147
NC_045512.1960	146
NC_045512.1961	145
NC_045512.1962	144
NC_045512.1963	143
NC_045512.1964	150
NC_045512.1965	150
NC_045512.1966	140
NC_045512.1967	150
NC_045512.1968	150
NC_045512.1969	148
NC_045512.1970	148
NC_045512.1971	148
NC_045512.1972	147
NC_045512.1973	145
NC_045512.1974	143
NC_045512.1975	144
NC_045512.1976	146
NC_045512.1977	150
NC_045512.1978	149
NC_045512.1979	150
NC_045512.1980	149
NC_045512.1981	149
NC_045512.1982	150
NC_045512.1983	144
NC_045512.1984	145
NC_045512.1985	146
NC_045512.1986	147
NC_045512.1987	148
NC_045512.1988	149
NC_045512.1989	150
NC_045512.1990	149
NC_045512.1991	150
NC_045512.1992	150
NC_045512.1993	150
NC_045512.1994	150
NC_045512.1995	150
NC_045512.1996	150
NC_045512.1997	150
NC_045512.1998	150
NC_045512.1999	149
NC_045512.2000	148
NC_045512.2001	149
NC_045512.2002	150
NC_045512.2003	148
NC_045512.2004	147
NC_045512.2005	146
NC_045512.2006	145
NC_045512.2007	150
NC_045512.2008	149
NC_045512.2009	148
NC_045512.2010	147
NC_045512.2011	146
NC_045512.2012	145
NC_045512.2013	144
NC_045512.2014	143
NC_045512.2015	142
NC_045512.2016	141
NC_045512.2017	140
NC_045512.2018	145
NC_045512.2019	138
NC_045512.2020	147
NC_045512.2021	150
NC_045512.2022	135
NC_045512.2023	144
NC_045512.2024	145
NC_045512.2025	146
NC_045512.2026	147
NC_045512.2027	150
NC_045512.2028	149
NC_045512.2029	148
NC_045512.2030	144
NC_045512.2031	145
NC_045512.2032	145
NC_045512.2033	147
NC_045512.2034	148
NC_045512.2035	149
NC_045512.2036	149
NC_045512.2037	149
NC_045512.2038	149
NC_045512.2039	149
NC_045512.2040	150
NC_045512.2041	150
NC_045512.2042	150
NC_045512.2043	150
NC_045512.2044	150
NC_045512.2045	150
NC_045512.2046	150
NC_045512.2047	150
NC_045512.2048	150
NC_045512.2049	150
NC_045512.2050	150
NC_045512.2051	149
NC_045512.2052	150
NC_045512.2053	150
NC_045512.2054	150
NC_045512.2055	149
NC_045512.2056	150
NC_045512.2057	149
NC_045512.2058	150
NC_045512.2059	149
NC_045512.2060	150
NC_045512.2061	150
NC_045512.2062	149
NC_045512.2063	150
NC_045512.2064	150
NC_045512.2065	149
NC_045512.2066	148
NC_045512.2067	147
NC_045512.2068	146
NC_045512.2069	145
NC_045512.2070	144
NC_045512.2071	143
NC_045512.2072	142
NC_045512.2073	141
NC_045512.2074	148
NC_045512.2075	150
NC_045512.2076	150
NC_045512.2077	149
NC_045512.2078	148
NC_045512.2079	149
NC_045512.2080	150
NC_045512.2081	145
NC_045512.2082	147
NC_045512.2083	148
NC_045512.2084	142
NC_045512.2085	150
NC_045512.2086	149
NC_045512.2087	148
NC_045512.2088	143
NC_045512.2089	144
NC_045512.2090	150
NC_045512.2091	150
NC_045512.2092	147
NC_045512.2093	148
NC_045512.2094	150
NC_045512.2095	149
NC_045512.2096	150
NC_045512.2097	149
NC_045512.2098	150
NC_045512.2099	139
NC_045512.2100	140
NC_045512.2101	150
NC_045512.2102	142
NC_045512.2103	143
NC_045512.2104	144
NC_045512.2105	145
NC_045512.2106	146
NC_045512.2107	150
NC_045512.2108	148
NC_045512.2109	149
NC_045512.2110	150
NC_045512.2111	149
NC_045512.2112	150
NC_045512.2113	149
NC_045512.2114	149
NC_045512.2115	150
NC_045512.2116	150
NC_045512.2117	150
NC_045512.2118	150
NC_045512.2119	150
NC_045512.2120	150
NC_045512.2121	149
NC_045512.2122	150
NC_045512.2123	150
NC_045512.2124	150
NC_045512.2125	150
NC_045512.2126	149
NC_045512.2127	147
NC_045512.2128	146
NC_045512.2129	146
NC_045512.2130	144
NC_045512.2131	143
NC_045512.2132	148
NC_045512.2133	147
NC_045512.2134	146
NC_045512.2135	145
NC_045512.2136	138
NC_045512.2137	150
NC_045512.2138	149
NC_045512.2139	150
NC_045512.2140	150
NC_045512.2141	149
NC_045512.2142	148
NC_045512.2143	149
NC_045512.2144	149
NC_045512.2145	134
NC_045512.2146	135
NC_045512.2147	136
NC_045512.2148	137
NC_045512.2149	138
NC_045512.2150	139
NC_045512.2151	140
NC_045512.2152	141
NC_045512.2153	142
NC_045512.2154	137
NC_045512.2155	138
NC_045512.2156	145
NC_045512.2157	146
NC_045512.2158	147
NC_045512.2159	148
NC_045512.2160	149
NC_045512.2161	150
NC_045512.2162	149
NC_045512.2163	146
NC_045512.2164	147
NC_045512.2165	148
NC_045512.2166	146
NC_045512.2167	149
NC_045512.2168	144
NC_045512.2169	144
NC_045512.2170	148
NC_045512.2171	145
NC_045512.2172	150
NC_045512.2173	149
NC_045512.2174	150
NC_045512.2175	149
NC_045512.2176	149
NC_045512.2177	150
NC_045512.2178	150
NC_045512.2179	145
NC_045512.2180	146
NC_045512.2181	147
NC_045512.2182	148
NC_045512.2183	149
NC_045512.2184	150
NC_045512.2185	149
NC_045512.2186	148
NC_045512.2187	147
NC_045512.2188	146
NC_045512.2189	145
NC_045512.2190	144
NC_045512.2191	143
NC_045512.2192	142
NC_045512.2193	141
NC_045512.2194	140
NC_045512.2195	139
NC_045512.2196	138
NC_045512.2197	137
NC_045512.2198	139
NC_045512.2199	150
NC_045512.2200	149
NC_045512.2201	149
NC_045512.2202	150
NC_045512.2203	148
NC_045512.2204	149
NC_045512.2205	148
NC_045512.2206	146
NC_045512.2207	146
NC_045512.2208	150
NC_045512.2209	149
NC_045512.2210	150
NC_045512.2211	149
NC_045512.2212	148
NC_045512.2213	150
NC_045512.2214	150
NC_045512.2215	148
NC_045512.2216	149
NC_045512.2217	147
NC_045512.2218	147
NC_045512.2219	149
NC_045512.2220	150
NC_045512.2221	149
NC_045512.2222	145
NC_045512.2223	146
NC_045512.2224	147
NC_045512.2225	148
NC_045512.2226	149
NC_045512.2227	150
NC_045512.2228	149
NC_045512.2229	150
NC_045512.2230	150
NC_045512.2231	150
NC_045512.2232	150
NC_045512.2233	150
NC_045512.2234	150
NC_045512.2235	149
NC_045512.2236	150
NC_045512.2237	150
NC_045512.2238	150
NC_045512.2239	150
NC_045512.2240	149
NC_045512.2241	150
NC_045512.2242	150
NC_045512.2243	150
NC_045512.2244	149
NC_045512.2245	150
NC_045512.2246	150
NC_045512.2247	150
NC_045512.2248	150
NC_045512.2249	148
NC_045512.2250	147
NC_045512.2251	150
NC_045512.2252	145
NC_045512.2253	144
NC_045512.2254	143
NC_045512.2255	142
NC_045512.2256	150
NC_045512.2257	148
NC_045512.2258	150
NC_045512.2259	147
NC_045512.2260	148
NC_045512.2261	150
NC_045512.2262	150
NC_045512.2263	147
NC_045512.2264	149
NC_045512.2265	140
NC_045512.2266	147
NC_045512.2267	142
NC_045512.2268	149
NC_045512.2269	144
NC_045512.2270	145
NC_045512.2271	146
NC_045512.2272	147
NC_045512.2273	148
NC_045512.2274	149
NC_045512.2275	150
NC_045512.2276	145
NC_045512.2277	145
NC_045512.2278	147
NC_045512.2279	147
NC_045512.2280	149
NC_045512.2281	150
NC_045512.2282	149
NC_045512.2283	149
NC_045512.2284	150
NC_045512.2285	149
NC_045512.2286	150
NC_045512.2287	150
NC_045512.2288	145
NC_045512.2289	146
NC_045512.2290	147
NC_045512.2291	150
NC_045512.2292	150
NC_045512.2293	150
NC_045512.2294	150
NC_045512.2295	150
NC_045512.2296	150
NC_045512.2297	149
NC_045512.2298	150
NC_045512.2299	150
NC_045512.2300	149
NC_045512.2301	150
NC_045512.2302	147
NC_045512.2303	146
NC_045512.2304	145
NC_045512.2305	144
NC_045512.2306	143
NC_045512.2307	142
NC_045512.2308	141
NC_045512.2309	140
NC_045512.2310	150
NC_045512.2311	150
NC_045512.2312	148
NC_045512.2313	150
NC_045512.2314	150
NC_045512.2315	148
NC_045512.2316	147
NC_045512.2317	143
NC_045512.2318	145
NC_045512.2319	150
NC_045512.2320	143
NC_045512.2321	149
NC_045512.2322	149
NC_045512.2323	149
NC_045512.2324	148
NC_045512.2325	146
NC_045512.2326	146
NC_045512.2327	150
NC_045512.2328	144
NC_045512.2329	149
NC_045512.2330	150
NC_045512.2331	150
NC_045512.2332	149
NC_045512.2333	142
NC_045512.2334	147
NC_045512.2335	144
NC_045512.2336	144
NC_045512.2337	141
NC_045512.2338	146
NC_045512.2339	147
NC_045512.2340	144
NC_045512.2341	150
NC_045512.2342	150
NC_045512.2343	147
NC_045512.2344	149
NC_045512.2345	150
NC_045512.2346	150
NC_045512.2347	150
NC_045512.2348	150
NC_045512.2349	150
NC_045512.2350	150
NC_045512.2351	149
NC_045512.2352	149
NC_045512.2353	150
NC_045512.2354	150
NC_045512.2355	150
NC_045512.2356	150
NC_045512.2357	150
NC_045512.2358	150
NC_045512.2359	150
NC_045512.2360	148
NC_045512.2361	150
NC_045512.2362	146
NC_045512.2363	145
NC_045512.2364	144
NC_045512.2365	143
NC_045512.2366	142
NC_045512.2367	141
NC_045512.2368	150
NC_045512.2369	150
NC_045512.2370	149
NC_045512.2371	149
NC_045512.2372	148
NC_045512.2373	148
NC_045512.2374	149
NC_045512.2375	149
NC_045512.2376	150
NC_045512.2377	148
NC_045512.2378	148
NC_045512.2379	150
NC_045512.2380	150
NC_045512.2381	149
NC_045512.2382	149
NC_045512.2383	150
NC_045512.2384	148
NC_045512.2385	147
NC_045512.2386	146
NC_045512.2387	145
NC_045512.2388	144
NC_045512.2389	143
NC_045512.2390	142
NC_045512.2391	141
NC_045512.2392	140
NC_045512.2393	145
NC_045512.2394	146
NC_045512.2395	147
NC_045512.2396	148
NC_045512.2397	149
NC_045512.2398	148
NC_045512.2399	145
NC_045512.2400	148
NC_045512.2401	148
NC_045512.2402	148
NC_045512.2403	149
NC_045512.2404	150
NC_045512.2405	150
NC_045512.2406	149
NC_045512.2407	149
NC_045512.2408	148
NC_045512.2409	149
NC_045512.2410	150
NC_045512.2411	149
NC_045512.2412	150
NC_045512.2413	149
NC_045512.2414	149
NC_045512.2415	150
NC_045512.2416	149
NC_045512.2417	148
NC_045512.2418	147
NC_045512.2419	146
NC_045512.2420	145
NC_045512.2421	144
NC_045512.2422	143
NC_045512.2423	142
NC_045512.2424	141
NC_045512.2425	140
NC_045512.2426	139
NC_045512.2427	148
NC_045512.2428	149
NC_045512.2429	148
NC_045512.2430	147
NC_045512.2431	148
NC_045512.2432	146
NC_045512.2433	144
NC_045512.2434	150
NC_045512.2435	149
NC_045512.2436	149
NC_045512.2437	148
NC_045512.2438	149
NC_045512.2439	150
NC_045512.2440	149
NC_045512.2441	148
NC_045512.2442	137
NC_045512.2443	147
NC_045512.2444	145
NC_045512.2445	140
NC_045512.2446	150
NC_045512.2447	142
NC_045512.2448	143
NC_045512.2449	144
NC_045512.2450	145
NC_045512.2451	146
NC_045512.2452	147
NC_045512.2453	148
NC_045512.2454	150
NC_045512.2455	149
NC_045512.2456	148
NC_045512.2457	149
NC_045512.2458	150
NC_045512.2459	145
NC_045512.2460	146
NC_045512.2461	147
NC_045512.2462	148
NC_045512.2463	149
NC_045512.2464	150
NC_045512.2465	145
NC_045512.2466	146
NC_045512.2467	146
NC_045512.2468	145
NC_045512.2469	144
NC_045512.2470	149
NC_045512.2471	142
NC_045512.2472	150
NC_045512.2473	140
NC_045512.2474	150
NC_045512.2475	150
NC_045512.2476	150
NC_045512.2477	150
NC_045512.2478	149
NC_045512.2479	147
NC_045512.2480	148
NC_045512.2481	145
NC_045512.2482	146
NC_045512.2483	146
NC_045512.2484	144
NC_045512.2485	143
NC_045512.2486	140
NC_045512.2487	139
NC_045512.2488	146
NC_045512.2489	145
NC_045512.2490	149
NC_045512.2491	148
NC_045512.2492	150
NC_045512.2493	148
NC_045512.2494	146
NC_045512.2495	146
NC_045512.2496	147
NC_045512.2497	150
NC_045512.2498	149
NC_045512.2499	144
NC_045512.2500	138
NC_045512.2501	139
NC_045512.2502	140
NC_045512.2503	141
NC_045512.2504	150
NC_045512.2505	150
NC_045512.2506	147
NC_045512.2507	140
NC_045512.2508	142
NC_045512.2509	143
NC_045512.2510	150
NC_045512.2511	144
NC_045512.2512	147
NC_045512.2513	140
NC_045512.2514	145
NC_045512.2515	146
NC_045512.2516	146
NC_045512.2517	147
NC_045512.2518	148
NC_045512.2519	147
NC_045512.2520	148
NC_045512.2521	149
NC_045512.2522	150
NC_045512.2523	139
NC_045512.2524	140
NC_045512.2525	141
NC_045512.2526	142
NC_045512.2527	143
NC_045512.2528	144
NC_045512.2529	145
NC_045512.2530	146
NC_045512.2531	147
NC_045512.2532	148
NC_045512.2533	149
NC_045512.2534	149
NC_045512.2535	150
NC_045512.2536	150
NC_045512.2537	150
NC_045512.2538	150
NC_045512.2539	149
NC_045512.2540	149
NC_045512.2541	148
NC_045512.2542	148
NC_045512.2543	149
NC_045512.2544	150
NC_045512.2545	150
NC_045512.2546	150
NC_045512.2547	149
NC_045512.2548	150
NC_045512.2549	150
NC_045512.2550	147
NC_045512.2551	146
NC_045512.2552	145
NC_045512.2553	144
NC_045512.2554	150
NC_045512.2555	150
NC_045512.2556	149
NC_045512.2557	150
NC_045512.2558	149
NC_045512.2559	144
NC_045512.2560	145
NC_045512.2561	146
NC_045512.2562	147
NC_045512.2563	148
NC_045512.2564	150
NC_045512.2565	150
NC_045512.2566	150
NC_045512.2567	150
NC_045512.2568	150
NC_045512.2569	150
NC_045512.2570	150
NC_045512.2571	150
NC_045512.2572	150
NC_045512.2573	149
NC_045512.2574	148
NC_045512.2575	149
NC_045512.2576	148
NC_045512.2577	150
NC_045512.2578	150
NC_045512.2579	150
NC_045512.2580	149
NC_045512.2581	149
NC_045512.2582	150
NC_045512.2583	147
NC_045512.2584	146
NC_045512.2585	145
NC_045512.2586	144
NC_045512.2587	147
NC_045512.2588	141
NC_045512.2589	150
NC_045512.2590	149
NC_045512.2591	149
NC_045512.2592	149
NC_045512.2593	147
NC_045512.2594	149
NC_045512.2595	144
NC_045512.2596	147
NC_045512.2597	143
NC_045512.2598	134
NC_045512.2599	144
NC_045512.2600	147
NC_045512.2601	146
NC_045512.2602	147
NC_045512.2603	133
NC_045512.2604	140
NC_045512.2605	141
NC_045512.2606	142
NC_045512.2607	143
NC_045512.2608	144
NC_045512.2609	145
NC_045512.2610	146
NC_045512.2611	147
NC_045512.2612	148
NC_045512.2613	150
NC_045512.2614	144
NC_045512.2615	145
NC_045512.2616	146
NC_045512.2617	150
NC_045512.2618	148
NC_045512.2619	149
NC_045512.2620	150
NC_045512.2621	148
NC_045512.2622	147
NC_045512.2623	146
NC_045512.2624	145
NC_045512.2625	144
NC_045512.2626	143
NC_045512.2627	142
NC_045512.2628	141
NC_045512.2629	140
NC_045512.2630	150
NC_045512.2631	144
NC_045512.2632	143
NC_045512.2633	149
NC_045512.2634	150
NC_045512.2635	149
NC_045512.2636	150
NC_045512.2637	150
NC_045512.2638	144
NC_045512.2639	145
NC_045512.2640	146
NC_045512.2641	147
NC_045512.2642	148
NC_045512.2643	150
NC_045512.2644	149
NC_045512.2645	150
NC_045512.2646	149
NC_045512.2647	146
NC_045512.2648	147
NC_045512.2649	148
NC_045512.2650	149
NC_045512.2651	150
NC_045512.2652	150
NC_045512.2653	150
NC_045512.2654	148
NC_045512.2655	147
NC_045512.2656	150
NC_045512.2657	150
NC_045512.2658	150
NC_045512.2659	150
NC_045512.2660	150
NC_045512.2661	150
NC_045512.2662	149
NC_045512.2663	150
NC_045512.2664	149
NC_045512.2665	149
NC_045512.2666	150
NC_045512.2667	150
NC_045512.2668	149
NC_045512.2669	148
NC_045512.2670	147
NC_045512.2671	146
NC_045512.2672	145
NC_045512.2673	144
NC_045512.2674	143
NC_045512.2675	150
NC_045512.2676	141
NC_045512.2677	148
NC_045512.2678	147
NC_045512.2679	137
NC_045512.2680	145
NC_045512.2681	145
NC_045512.2682	134
NC_045512.2683	149
NC_045512.2684	146
NC_045512.2685	149
NC_045512.2686	149
NC_045512.2687	149
NC_045512.2688	149
NC_045512.2689	149
NC_045512.2690	147
NC_045512.2691	147
NC_045512.2692	146
NC_045512.2693	145
NC_045512.2694	144
NC_045512.2695	143
NC_045512.2696	142
NC_045512.2697	141
NC_045512.2698	140
NC_045512.2699	139
NC_045512.2700	138
NC_045512.2701	149
NC_045512.2702	142
NC_045512.2703	143
NC_045512.2704	144
NC_045512.2705	145
NC_045512.2706	146
NC_045512.2707	150
NC_045512.2708	148
NC_045512.2709	149
NC_045512.2710	144
NC_045512.2711	143
NC_045512.2712	148
NC_045512.2713	150
NC_045512.2714	148
NC_045512.2715	139
NC_045512.2716	138
NC_045512.2717	147
NC_045512.2718	149
NC_045512.2719	148
NC_045512.2720	144
NC_045512.2721	146
NC_045512.2722	138
NC_045512.2723	144
NC_045512.2724	143
NC_045512.2725	149
NC_045512.2726	147
NC_045512.2727	150
NC_045512.2728	149
NC_045512.2729	148
NC_045512.2730	147
NC_045512.2731	146
NC_045512.2732	145
NC_045512.2733	144
NC_045512.2734	143
NC_045512.2735	142
NC_045512.2736	141
NC_045512.2737	150
NC_045512.2738	139
NC_045512.2739	149
NC_045512.2740	148
NC_045512.2741	150
NC_045512.2742	150
NC_045512.2743	149
NC_045512.2744	149
NC_045512.2745	150
NC_045512.2746	149
NC_045512.2747	149
NC_045512.2748	150
NC_045512.2749	149
NC_045512.2750	149
NC_045512.2751	150
NC_045512.2752	144
NC_045512.2753	145
NC_045512.2754	150
NC_045512.2755	149
NC_045512.2756	144
NC_045512.2757	145
NC_045512.2758	146
NC_045512.2759	147
NC_045512.2760	148
NC_045512.2761	149
NC_045512.2762	150
NC_045512.2763	150
NC_045512.2764	149
NC_045512.2765	145
NC_045512.2766	147
NC_045512.2767	150
NC_045512.2768	145
NC_045512.2769	149
NC_045512.2770	150
NC_045512.2771	145
NC_045512.2772	150
NC_045512.2773	150
NC_045512.2774	145
NC_045512.2775	147
NC_045512.2776	137
NC_045512.2777	143
NC_045512.2778	143
NC_045512.2779	134
NC_045512.2780	145
NC_045512.2781	147
NC_045512.2782	148
NC_045512.2783	140
NC_045512.2784	149
NC_045512.2785	145
NC_045512.2786	143
NC_045512.2787	142
NC_045512.2788	148
NC_045512.2789	146
NC_045512.2790	150
NC_045512.2791	146
NC_045512.2792	149
NC_045512.2793	146
NC_045512.2794	148
NC_045512.2795	149
NC_045512.2796	150
NC_045512.2797	150
NC_045512.2798	145
NC_045512.2799	150
NC_045512.2800	150
NC_045512.2801	147
NC_045512.2802	150
NC_045512.2803	146
NC_045512.2804	148
NC_045512.2805	148
NC_045512.2806	147
NC_045512.2807	150
NC_045512.2808	149
NC_045512.2809	150
NC_045512.2810	142
NC_045512.2811	150
NC_045512.2812	144
NC_045512.2813	145
NC_045512.2814	150
NC_045512.2815	150
NC_045512.2816	148
NC_045512.2817	148
NC_045512.2818	147
NC_045512.2819	146
NC_045512.2820	145
NC_045512.2821	144
NC_045512.2822	148
NC_045512.2823	149
NC_045512.2824	149
NC_045512.2825	150
NC_045512.2826	150
NC_045512.2827	149
NC_045512.2828	138
NC_045512.2829	139
NC_045512.2830	137
NC_045512.2831	141
NC_045512.2832	141
NC_045512.2833	150
NC_045512.2834	150
NC_045512.2835	145
NC_045512.2836	145
NC_045512.2837	147
NC_045512.2838	145
NC_045512.2839	142
NC_045512.2840	149
NC_045512.2841	148
NC_045512.2842	150
NC_045512.2843	150
NC_045512.2844	149
NC_045512.2845	147
NC_045512.2846	150
NC_045512.2847	150
NC_045512.2848	150
NC_045512.2849	150
NC_045512.2850	145
NC_045512.2851	146
NC_045512.2852	150
NC_045512.2853	148
NC_045512.2854	149
NC_045512.2855	148
NC_045512.2856	147
NC_045512.2857	150
NC_045512.2858	145
NC_045512.2859	149
NC_045512.2860	149
NC_045512.2861	150
NC_045512.2862	149
NC_045512.2863	149
NC_045512.2864	150
NC_045512.2865	150
NC_045512.2866	150
NC_045512.2867	150
NC_045512.2868	149
NC_045512.2869	150
NC_045512.2870	150
NC_045512.2871	150
NC_045512.2872	141
NC_045512.2873	142
NC_045512.2874	150
NC_045512.2875	149
NC_045512.2876	140
NC_045512.2877	146
NC_045512.2878	150
NC_045512.2879	145
NC_045512.2880	147
NC_045512.2881	147
NC_045512.2882	145
NC_045512.2883	144
NC_045512.2884	148
NC_045512.2885	149
NC_045512.2886	149
NC_045512.2887	150
NC_045512.2888	148
NC_045512.2889	147
NC_045512.2890	146
NC_045512.2891	145
NC_045512.2892	144
NC_045512.2893	150
NC_045512.2894	149
NC_045512.2895	150
NC_045512.2896	149
NC_045512.2897	139
NC_045512.2898	147
NC_045512.2899	147
NC_045512.2900	144
NC_045512.2901	146
NC_045512.2902	150
NC_045512.2903	143
NC_045512.2904	148
NC_045512.2905	150
NC_045512.2906	150
NC_045512.2907	149
NC_045512.2908	144
NC_045512.2909	145
NC_045512.2910	143
NC_045512.2911	145
NC_045512.2912	148
NC_045512.2913	149
NC_045512.2914	147
NC_045512.2915	149
NC_045512.2916	148
NC_045512.2917	150
NC_045512.2918	150
NC_045512.2919	129
NC_045512.2920	147
NC_045512.2921	147
NC_045512.2922	146
NC_045512.2923	150
NC_045512.2924	149
NC_045512.2925	150
NC_045512.2926	150
NC_045512.2927	150
NC_045512.2928	149
NC_045512.2929	150
NC_045512.2930	149
NC_045512.2931	149
NC_045512.2932	145
NC_045512.2933	147
NC_045512.2934	147
NC_045512.2935	147
NC_045512.2936	150
NC_045512.2937	103
NC_045512.2938	104
NC_045512.2939	105
NC_045512.2940	106
NC_045512.2941	107
NC_045512.2942	108
NC_045512.2943	109
NC_045512.2944	110
NC_045512.2945	111
NC_045512.2946	112
NC_045512.2947	113
NC_045512.2948	114
NC_045512.2949	115
NC_045512.2950	116
NC_045512.2951	117
NC_045512.2952	118
NC_045512.2953	119
NC_045512.2954	120
NC_045512.2955	121
NC_045512.2956	122
NC_045512.2957	123
NC_045512.2958	124
NC_045512.2959	125
NC_045512.2960	126
NC_045512.2961	127
NC_045512.2962	146
NC_045512.2963	150
NC_045512.2964	148
NC_045512.2965	150
NC_045512.2966	149
NC_045512.2967	148
NC_045512.2968	149
NC_045512.2969	150
NC_045512.2970	150
NC_045512.2971	150
NC_045512.2972	150
NC_045512.2973	149
NC_045512.2974	146
NC_045512.2975	150
NC_045512.2976	147
NC_045512.2977	143
NC_045512.2978	149
NC_045512.2979	145
NC_045512.2980	146
NC_045512.2981	147
NC_045512.2982	148
NC_045512.2983	149
NC_045512.2984	150
NC_045512.2985	146
NC_045512.2986	145
NC_045512.2987	144
NC_045512.2988	143
NC_045512.2989	142
NC_045512.2990	141
NC_045512.2991	140
NC_045512.2992	139
NC_045512.2993	138
NC_045512.2994	137
NC_045512.2995	136
NC_045512.2996	135
NC_045512.2997	149
NC_045512.2998	144
NC_045512.2999	144
NC_045512.3000	131
NC_045512.3001	147
NC_045512.3002	148
NC_045512.3003	144
NC_045512.3004	147
NC_045512.3005	150
NC_045512.3006	149
NC_045512.3007	150
NC_045512.3008	149
NC_045512.3009	139
NC_045512.3010	147
NC_045512.3011	146
NC_045512.3012	146
NC_045512.3013	135
NC_045512.3014	149
NC_045512.3015	137
NC_045512.3016	147
NC_045512.3017	146
NC_045512.3018	140
NC_045512.3019	148
NC_045512.3020	149
NC_045512.3021	150
NC_045512.3022	148
NC_045512.3023	145
NC_045512.3024	146
NC_045512.3025	145
NC_045512.3026	147
NC_045512.3027	150
NC_045512.3028	149
NC_045512.3029	148
NC_045512.3030	149
NC_045512.3031	146
NC_045512.3032	145
NC_045512.3033	146
NC_045512.3034	147
NC_045512.3035	147
NC_045512.3036	145
NC_045512.3037	150
NC_045512.3038	150
NC_045512.3039	148
NC_045512.3040	149
NC_045512.3041	147
NC_045512.3042	143
NC_045512.3043	150
NC_045512.3044	145
NC_045512.3045	150
NC_045512.3046	147
NC_045512.3047	148
NC_045512.3048	149
NC_045512.3049	150
NC_045512.3050	150
NC_045512.3051	150
NC_045512.3052	149
NC_045512.3053	149
NC_045512.3054	150
NC_045512.3055	150
NC_045512.3056	148
NC_045512.3057	149
NC_045512.3058	149
NC_045512.3059	150
NC_045512.3060	149
NC_045512.3061	149
NC_045512.3062	150
NC_045512.3063	150
NC_045512.3064	148
NC_045512.3065	147
NC_045512.3066	146
NC_045512.3067	145
NC_045512.3068	148
NC_045512.3069	150
NC_045512.3070	149
NC_045512.3071	149
NC_045512.3072	150
NC_045512.3073	149
NC_045512.3074	149
NC_045512.3075	150
NC_045512.3076	150
NC_045512.3077	149
NC_045512.3078	148
NC_045512.3079	149
NC_045512.3080	150
NC_045512.3081	149
NC_045512.3082	148
NC_045512.3083	150
NC_045512.3084	146
NC_045512.3085	144
NC_045512.3086	144
NC_045512.3087	143
NC_045512.3088	147
NC_045512.3089	148
NC_045512.3090	140
NC_045512.3091	139
NC_045512.3092	150
NC_045512.3093	148
NC_045512.3094	147
NC_045512.3095	146
NC_045512.3096	145
NC_045512.3097	144
NC_045512.3098	143
NC_045512.3099	142
NC_045512.3100	141
NC_045512.3101	140
NC_045512.3102	139
NC_045512.3103	138
NC_045512.3104	137
NC_045512.3105	136
NC_045512.3106	135
NC_045512.3107	150
NC_045512.3108	149
NC_045512.3109	150
NC_045512.3110	148
NC_045512.3111	150
NC_045512.3112	149
NC_045512.3113	150
NC_045512.3114	150
NC_045512.3115	145
NC_045512.3116	148
NC_045512.3117	147
NC_045512.3118	146
NC_045512.3119	147
NC_045512.3120	146
NC_045512.3121	145
NC_045512.3122	142
NC_045512.3123	143
NC_045512.3124	142
NC_045512.3125	134
NC_045512.3126	140
NC_045512.3127	139
NC_045512.3128	138
NC_045512.3129	133
NC_045512.3130	136
NC_045512.3131	135
NC_045512.3132	150
NC_045512.3133	150
NC_045512.3134	150
NC_045512.3135	150
NC_045512.3136	146
NC_045512.3137	150
NC_045512.3138	150
NC_045512.3139	150
NC_045512.3140	147
NC_045512.3141	125
NC_045512.3142	150
NC_045512.3143	150
NC_045512.3144	142
NC_045512.3145	150
NC_045512.3146	150
NC_045512.3147	150
NC_045512.3148	150
NC_045512.3149	150
NC_045512.3150	147
NC_045512.3151	146
NC_045512.3152	145
NC_045512.3153	150
NC_045512.3154	150
NC_045512.3155	150
NC_045512.3156	150
NC_045512.3157	150
NC_045512.3158	150
NC_045512.3159	150
NC_045512.3160	150
NC_045512.3161	150
NC_045512.3162	150
NC_045512.3163	150
NC_045512.3164	150
NC_045512.3165	146
NC_045512.3166	145
NC_045512.3167	150
NC_045512.3168	147
NC_045512.3169	148
NC_045512.3170	150
NC_045512.3171	150
NC_045512.3172	150
NC_045512.3173	150
NC_045512.3174	150
NC_045512.3175	150
NC_045512.3176	150
NC_045512.3177	150
NC_045512.3178	150
NC_045512.3179	150
NC_045512.3180	150
NC_045512.3181	150
NC_045512.3182	150
NC_045512.3191	150
NC_045512.3192	150
NC_045512.3193	150
NC_045512.3194	149
NC_045512.3195	150
NC_045512.3196	150
NC_045512.3197	148
NC_045512.3198	150
NC_045512.3199	150
NC_045512.3200	145
NC_045512.3201	150
NC_045512.3202	150
NC_045512.3203	149
NC_045512.3204	149
NC_045512.3205	150
NC_045512.3206	150
NC_045512.3207	150
NC_045512.3208	150
NC_045512.3209	146
NC_045512.3210	147
NC_045512.3211	150
NC_045512.3212	150
NC_045512.3213	150
NC_045512.3214	150
NC_045512.3215	149
NC_045512.3216	150
NC_045512.3217	150
NC_045512.3218	150
NC_045512.3219	147
NC_045512.3220	146
NC_045512.3221	145
NC_045512.3222	150
NC_045512.3223	130
NC_045512.3224	150
NC_045512.3225	132
NC_045512.3226	133
NC_045512.3227	134
NC_045512.3228	135
NC_045512.3229	136
NC_045512.3230	137
NC_045512.3231	138
NC_045512.3232	139
NC_045512.3233	140
NC_045512.3234	141
NC_045512.3235	142
NC_045512.3236	143
NC_045512.3237	150
NC_045512.3238	145
NC_045512.3239	146
NC_045512.3240	141
NC_045512.3241	148
NC_045512.3242	150
NC_045512.3243	150
NC_045512.3244	145
NC_045512.3245	150
NC_045512.3246	150
NC_045512.3247	150
NC_045512.3248	150
NC_045512.3249	150
NC_045512.3250	150
NC_045512.3251	150
NC_045512.3252	150
NC_045512.3253	150
NC_045512.3254	150
NC_045512.3255	140
NC_045512.3256	141
NC_045512.3257	142
NC_045512.3258	143
NC_045512.3259	144
NC_045512.3260	145
NC_045512.3261	145
NC_045512.3262	148
NC_045512.3263	147
NC_045512.3264	146
NC_045512.3265	145
NC_045512.3266	150
NC_045512.3267	149
NC_045512.3268	148
NC_045512.3269	147
NC_045512.3270	146
NC_045512.3271	145
NC_045512.3272	144
NC_045512.3273	143
NC_045512.3274	149
NC_045512.3275	147
NC_045512.3276	149
NC_045512.3277	150
NC_045512.3278	149
NC_045512.3279	149
NC_045512.3280	149
NC_045512.3281	147
NC_045512.3282	149
NC_045512.3283	148
NC_045512.3284	150
NC_045512.3285	147
NC_045512.3286	146
NC_045512.3287	145
NC_045512.3288	143
NC_045512.3289	147
NC_045512.3290	142
NC_045512.3291	150
NC_045512.3292	150
NC_045512.3293	145
NC_045512.3294	146
NC_045512.3295	147
NC_045512.3296	148
NC_045512.3297	149
NC_045512.3298	149
NC_045512.3299	150
NC_045512.3300	149
NC_045512.3301	148
NC_045512.3302	150
NC_045512.3303	148
NC_045512.3304	149
NC_045512.3305	149
NC_045512.3306	144
NC_045512.3307	145
NC_045512.3308	146
NC_045512.3309	149
NC_045512.3310	150
NC_045512.3311	150
NC_045512.3312	150
NC_045512.3313	149
NC_045512.3314	149
NC_045512.3315	150
NC_045512.3316	149
NC_045512.3317	149
NC_045512.3318	148
NC_045512.3319	148
NC_045512.3320	148
NC_045512.3321	149
NC_045512.3322	149
NC_045512.3323	149
NC_045512.3324	150
NC_045512.3325	149
NC_045512.3326	150
NC_045512.3327	148
NC_045512.3328	148
NC_045512.3329	149
NC_045512.3330	149
NC_045512.3331	149
NC_045512.3332	149
NC_045512.3333	149
NC_045512.3334	150
NC_045512.3335	150
NC_045512.3336	150
NC_045512.3337	150
NC_045512.3338	149
NC_045512.3339	149
NC_045512.3340	144
NC_045512.3341	145
NC_045512.3342	150
NC_045512.3343	147
NC_045512.3344	150
NC_045512.3345	149
NC_045512.3346	148
NC_045512.3347	147
NC_045512.3348	148
NC_045512.3349	149
NC_045512.3350	150
NC_045512.3351	149
NC_045512.3352	150
NC_045512.3353	149
NC_045512.3354	148
NC_045512.3355	149
NC_045512.3356	150
NC_045512.3357	150
NC_045512.3358	150
NC_045512.3359	150
NC_045512.3360	150
NC_045512.3361	150
NC_045512.3362	150
NC_045512.3363	146
NC_045512.3364	150
NC_045512.3365	148
NC_045512.3366	150
NC_045512.3367	150
NC_045512.3368	150
NC_045512.3369	149
NC_045512.3370	149
NC_045512.3371	150
NC_045512.3372	150
NC_045512.3373	150
NC_045512.3374	149
NC_045512.3375	150
NC_045512.3376	150
NC_045512.3377	150
NC_045512.3378	150
NC_045512.3379	150
NC_045512.3380	149
NC_045512.3381	150
NC_045512.3382	150
NC_045512.3383	150
NC_045512.3384	150
NC_045512.3385	150
NC_045512.3386	150
NC_045512.3387	149
NC_045512.3388	148
NC_045512.3389	147
NC_045512.3390	149
NC_045512.3391	150
NC_045512.3392	142
NC_045512.3393	149
NC_045512.3394	150
NC_045512.3395	148
NC_045512.3396	150
NC_045512.3397	150
NC_045512.3398	149
NC_045512.3399	149
NC_045512.3400	148
NC_045512.3401	149
NC_045512.3402	150
NC_045512.3403	149
NC_045512.3404	150
NC_045512.3405	150
NC_045512.3406	145
NC_045512.3407	146
NC_045512.3408	147
NC_045512.3409	148
NC_045512.3410	150
NC_045512.3411	150
NC_045512.3412	150
NC_045512.3413	149
NC_045512.3414	148
NC_045512.3415	148
NC_045512.3416	149
NC_045512.3417	150
NC_045512.3418	150
NC_045512.3419	150
NC_045512.3420	150
NC_045512.3421	149
NC_045512.3422	150
NC_045512.3423	150
NC_045512.3424	150
NC_045512.3425	150
NC_045512.3426	150
NC_045512.3427	145
NC_045512.3428	146
NC_045512.3429	147
NC_045512.3430	148
NC_045512.3431	149
NC_045512.3432	150
NC_045512.3433	149
NC_045512.3434	148
NC_045512.3435	148
NC_045512.3436	149
NC_045512.3437	150
NC_045512.3438	150
NC_045512.3439	150
NC_045512.3440	149
NC_045512.3441	149
NC_045512.3442	150
NC_045512.3443	149
NC_045512.3444	149
NC_045512.3445	150
NC_045512.3446	149
NC_045512.3447	148
NC_045512.3448	147
NC_045512.3449	146
NC_045512.3450	145
NC_045512.3451	146
NC_045512.3452	147
NC_045512.3453	148
NC_045512.3454	149
NC_045512.3455	150
NC_045512.3456	145
NC_045512.3457	150
NC_045512.3458	149
NC_045512.3459	150
NC_045512.3460	149
NC_045512.3461	148
NC_045512.3462	147
NC_045512.3463	148
NC_045512.3464	149
NC_045512.3465	150
NC_045512.3466	149
NC_045512.3467	150
NC_045512.3468	150
NC_045512.3469	150
NC_045512.3470	150
NC_045512.3471	149
NC_045512.3472	150
NC_045512.3473	150
NC_045512.3474	149
NC_045512.3475	150
NC_045512.3476	150
NC_045512.3477	150
NC_045512.3478	147
NC_045512.3479	150
NC_045512.3480	149
NC_045512.3481	150
NC_045512.3482	149
NC_045512.3483	148
NC_045512.3484	148
NC_045512.3485	149
NC_045512.3486	150
NC_045512.3487	149
NC_045512.3488	150
NC_045512.3489	150
NC_045512.3490	150
NC_045512.3491	150
NC_045512.3492	150
NC_045512.3493	150
NC_045512.3494	150
NC_045512.3495	150
NC_045512.3496	150
NC_045512.3497	150
NC_045512.3498	149
NC_045512.3499	150
NC_045512.3500	150
NC_045512.3501	150
NC_045512.3502	150
NC_045512.3503	150
NC_045512.3504	149
NC_045512.3505	148
NC_045512.3506	147
NC_045512.3507	146
NC_045512.3508	146
NC_045512.3509	147
NC_045512.3510	148
NC_045512.3511	149
NC_045512.3512	150
NC_045512.3513	150
NC_045512.3514	149
NC_045512.3515	150
NC_045512.3516	150
NC_045512.3517	150
NC_045512.3518	150
NC_045512.3519	149
NC_045512.3520	148
NC_045512.3521	147
NC_045512.3522	148
NC_045512.3523	149
NC_045512.3524	150
NC_045512.3525	150
NC_045512.3526	149
NC_045512.3527	149
NC_045512.3528	150
NC_045512.3529	149
NC_045512.3530	150
NC_045512.3531	149
NC_045512.3532	148
NC_045512.3533	149
NC_045512.3534	150
NC_045512.3535	150
NC_045512.3536	150
NC_045512.3537	150
NC_045512.3538	150
NC_045512.3539	149
NC_045512.3540	148
NC_045512.3541	149
NC_045512.3542	150
NC_045512.3543	149
NC_045512.3544	150
NC_045512.3545	150
NC_045512.3546	150
NC_045512.3547	150
NC_045512.3548	150
NC_045512.3549	149
NC_045512.3550	148
NC_045512.3551	149
NC_045512.3552	150
NC_045512.3553	150
NC_045512.3554	150
NC_045512.3555	149
NC_045512.3556	150
NC_045512.3557	149
NC_045512.3558	150
NC_045512.3559	150
NC_045512.3560	149
NC_045512.3561	150
NC_045512.3562	150
NC_045512.3563	150
NC_045512.3564	149
NC_045512.3565	150
NC_045512.3566	149
NC_045512.3567	149
NC_045512.3568	150
NC_045512.3569	150
NC_045512.3570	147
NC_045512.3571	146
NC_045512.3572	145
NC_045512.3573	150
NC_045512.3574	149
NC_045512.3575	148
NC_045512.3576	147
NC_045512.3577	147
NC_045512.3578	149
NC_045512.3579	150
NC_045512.3580	150
NC_045512.3581	149
NC_045512.3582	149
NC_045512.3583	150
NC_045512.3584	150
NC_045512.3585	150
NC_045512.3586	150
NC_045512.3587	150
NC_045512.3588	150
NC_045512.3589	146
NC_045512.3590	145
NC_045512.3591	144
NC_045512.3592	143
NC_045512.3593	142
NC_045512.3594	141
NC_045512.3595	140
NC_045512.3596	139
NC_045512.3597	145
NC_045512.3598	150
NC_045512.3599	149
NC_045512.3600	150
NC_045512.3601	147
NC_045512.3602	150
NC_045512.3603	147
NC_045512.3604	146
NC_045512.3605	147
NC_045512.3606	149
NC_045512.3607	145
NC_045512.3608	149
NC_045512.3609	141
NC_045512.3610	147
NC_045512.3611	150
NC_045512.3612	149
NC_045512.3613	148
NC_045512.3614	148
NC_045512.3615	147
NC_045512.3616	146
NC_045512.3617	145
NC_045512.3618	144
NC_045512.3619	143
NC_045512.3620	148
NC_045512.3621	149
NC_045512.3622	150
NC_045512.3623	139
NC_045512.3624	150
NC_045512.3625	150
NC_045512.3626	149
NC_045512.3627	150
NC_045512.3628	147
NC_045512.3629	149
NC_045512.3630	149
NC_045512.3631	150
NC_045512.3632	150
NC_045512.3633	147
NC_045512.3634	149
NC_045512.3635	149
NC_045512.3636	144
NC_045512.3637	149
NC_045512.3638	145
NC_045512.3639	147
NC_045512.3640	147
NC_045512.3641	146
NC_045512.3642	150
NC_045512.3643	150
NC_045512.3644	143
NC_045512.3645	148
NC_045512.3646	141
NC_045512.3647	150
NC_045512.3648	149
NC_045512.3649	148
NC_045512.3650	149
NC_045512.3651	146
NC_045512.3652	145
NC_045512.3653	147
NC_045512.3654	145
NC_045512.3655	144
NC_045512.3656	144
NC_045512.3657	140
NC_045512.3658	141
NC_045512.3659	146
NC_045512.3660	145
NC_045512.3661	150
NC_045512.3662	149
NC_045512.3663	149
NC_045512.3664	150
NC_045512.3665	150
NC_045512.3666	149
NC_045512.3667	149
NC_045512.3668	150
NC_045512.3669	149
NC_045512.3670	150
NC_045512.3671	149
NC_045512.3672	150
NC_045512.3673	149
NC_045512.3674	148
NC_045512.3675	149
NC_045512.3676	150
NC_045512.3677	149
NC_045512.3678	148
NC_045512.3679	150
NC_045512.3680	150
NC_045512.3681	150
NC_045512.3682	150
NC_045512.3683	150
NC_045512.3684	149
NC_045512.3685	149
NC_045512.3686	150
NC_045512.3687	150
NC_045512.3688	149
NC_045512.3689	148
NC_045512.3690	147
NC_045512.3691	146
NC_045512.3692	145
NC_045512.3693	144
NC_045512.3694	150
NC_045512.3695	149
NC_045512.3696	150
NC_045512.3697	150
NC_045512.3698	149
NC_045512.3699	148
NC_045512.3700	137
NC_045512.3701	146
NC_045512.3702	149
NC_045512.3703	145
NC_045512.3704	142
NC_045512.3705	149
NC_045512.3706	148
NC_045512.3707	148
NC_045512.3708	146
NC_045512.3709	146
NC_045512.3710	150
NC_045512.3711	143
NC_045512.3712	144
NC_045512.3713	145
NC_045512.3714	141
NC_045512.3715	146
NC_045512.3716	148
NC_045512.3717	148
NC_045512.3718	148
NC_045512.3719	142
NC_045512.3720	148
NC_045512.3721	131
NC_045512.3722	142
NC_045512.3723	146
NC_045512.3724	144
NC_045512.3725	135
NC_045512.3726	144
NC_045512.3727	143
NC_045512.3728	149
NC_045512.3729	139
NC_045512.3730	146
NC_045512.3731	148
NC_045512.3732	142
NC_045512.3733	143
NC_045512.3734	142
NC_045512.3735	145
NC_045512.3736	146
NC_045512.3737	147
NC_045512.3738	149
NC_045512.3739	135
NC_045512.3740	148
NC_045512.3741	146
NC_045512.3742	147
NC_045512.3743	147
NC_045512.3744	149
NC_045512.3745	147
NC_045512.3746	144
NC_045512.3747	145
NC_045512.3748	147
NC_045512.3749	145
NC_045512.3750	148
NC_045512.3751	150
NC_045512.3752	150
NC_045512.3753	149
NC_045512.3754	150
NC_045512.3755	150
NC_045512.3756	143
NC_045512.3757	150
NC_045512.3758	145
NC_045512.3759	146
NC_045512.3760	146
NC_045512.3761	149
NC_045512.3762	148
NC_045512.3763	149
NC_045512.3764	150
NC_045512.3765	149
NC_045512.3766	149
NC_045512.3767	150
NC_045512.3768	150
NC_045512.3769	150
NC_045512.3770	150
NC_045512.3771	149
NC_045512.3772	148
NC_045512.3773	149
NC_045512.3774	150
NC_045512.3775	147
NC_045512.3776	146
NC_045512.3777	145
NC_045512.3778	150
NC_045512.3779	150
NC_045512.3780	150
NC_045512.3781	150
NC_045512.3782	150
NC_045512.3783	150
NC_045512.3784	146
NC_045512.3785	147
NC_045512.3786	148
NC_045512.3787	150
NC_045512.3788	148
NC_045512.3789	147
NC_045512.3790	146
NC_045512.3791	145
NC_045512.3792	144
NC_045512.3793	149
NC_045512.3794	149
NC_045512.3795	149
NC_045512.3796	149
NC_045512.3797	150
NC_045512.3798	149
NC_045512.3799	150
NC_045512.3800	149
NC_045512.3801	148
NC_045512.3802	150
NC_045512.3803	150
NC_045512.3804	147
NC_045512.3805	150
NC_045512.3806	147
NC_045512.3807	147
NC_045512.3808	150
NC_045512.3809	149
NC_045512.3810	145
NC_045512.3811	146
NC_045512.3812	148
NC_045512.3813	148
NC_045512.3814	149
NC_045512.3815	146
NC_045512.3816	149
NC_045512.3817	148
NC_045512.3818	148
NC_045512.3819	147
NC_045512.3820	146
NC_045512.3821	145
NC_045512.3822	150
NC_045512.3823	143
NC_045512.3824	150
NC_045512.3825	150
NC_045512.3826	147
NC_045512.3827	149
NC_045512.3828	147
NC_045512.3829	150
NC_045512.3830	150
NC_045512.3831	150
NC_045512.3832	148
NC_045512.3833	145
NC_045512.3834	146
NC_045512.3835	150
NC_045512.3836	148
NC_045512.3837	150
NC_045512.3838	148
NC_045512.3839	147
NC_045512.3840	148
NC_045512.3841	149
NC_045512.3842	145
NC_045512.3843	145
NC_045512.3844	147
NC_045512.3845	146
NC_045512.3846	148
NC_045512.3847	150
NC_045512.3848	150
NC_045512.3849	150
NC_045512.3850	150
NC_045512.3851	145
NC_045512.3852	146
NC_045512.3853	147
NC_045512.3854	148
NC_045512.3855	149
NC_045512.3856	150
NC_045512.3857	150
NC_045512.3858	150
NC_045512.3859	150
NC_045512.3860	150
NC_045512.3861	149
NC_045512.3862	150
NC_045512.3863	149
NC_045512.3864	150
NC_045512.3865	150
NC_045512.3866	145
NC_045512.3867	146
NC_045512.3868	147
NC_045512.3869	150
NC_045512.3870	148
NC_045512.3871	149
NC_045512.3872	150
NC_045512.3873	150
NC_045512.3874	150
NC_045512.3875	150
NC_045512.3876	149
NC_045512.3877	149
NC_045512.3878	150
NC_045512.3879	150
NC_045512.3880	149
NC_045512.3881	150
NC_045512.3882	147
NC_045512.3883	146
NC_045512.3884	150
NC_045512.3885	150
NC_045512.3886	149
NC_045512.3887	149
NC_045512.3888	150
NC_045512.3889	150
NC_045512.3890	150
NC_045512.3891	150
NC_045512.3892	149
NC_045512.3893	148
NC_045512.3894	149
NC_045512.3895	150
NC_045512.3896	149
NC_045512.3897	149
NC_045512.3898	149
NC_045512.3899	146
NC_045512.3900	150
NC_045512.3901	150
NC_045512.3902	146
NC_045512.3903	147
NC_045512.3904	146
NC_045512.3905	150
NC_045512.3906	144
NC_045512.3907	149
NC_045512.3908	148
NC_045512.3909	147
NC_045512.3910	146
NC_045512.3911	145
NC_045512.3912	144
NC_045512.3913	149
NC_045512.3914	148
NC_045512.3915	148
NC_045512.3916	143
NC_045512.3917	144
NC_045512.3918	145
NC_045512.3919	150
NC_045512.3920	147
NC_045512.3921	148
NC_045512.3922	149
NC_045512.3923	148
NC_045512.3924	144
NC_045512.3925	146
NC_045512.3926	139
NC_045512.3927	140
NC_045512.3928	141
NC_045512.3929	148
NC_045512.3930	143
NC_045512.3931	144
NC_045512.3932	145
NC_045512.3933	146
NC_045512.3934	147
NC_045512.3935	136
NC_045512.3936	149
NC_045512.3937	150
NC_045512.3938	149
NC_045512.3939	150
NC_045512.3940	149
NC_045512.3941	150
NC_045512.3942	147
NC_045512.3943	146
NC_045512.3944	145
NC_045512.3945	150
NC_045512.3946	150
NC_045512.3947	149
NC_045512.3948	149
NC_045512.3949	150
NC_045512.3950	149
NC_045512.3951	150
NC_045512.3952	150
NC_045512.3953	150
NC_045512.3954	150
NC_045512.3955	149
NC_045512.3956	150
NC_045512.3957	149
NC_045512.3958	150
NC_045512.3959	149
NC_045512.3960	150
NC_045512.3961	149
NC_045512.3962	145
NC_045512.3963	146
NC_045512.3964	147
NC_045512.3965	148
NC_045512.3966	150
NC_045512.3967	150
NC_045512.3968	148
NC_045512.3969	147
NC_045512.3970	146
NC_045512.3971	145
NC_045512.3972	150
NC_045512.3973	150
NC_045512.3974	150
NC_045512.3975	150
NC_045512.3976	150
NC_045512.3977	149
NC_045512.3978	150
NC_045512.3979	150
NC_045512.3980	145
NC_045512.3981	150
NC_045512.3982	149
NC_045512.3983	150
NC_045512.3984	147
NC_045512.3985	149
NC_045512.3986	150
NC_045512.3987	147
NC_045512.3988	146
NC_045512.3989	145
NC_045512.3990	144
NC_045512.3991	150
NC_045512.3992	150
NC_045512.3993	141
NC_045512.3994	146
NC_045512.3995	145
NC_045512.3996	150
NC_045512.3997	150
NC_045512.3998	149
NC_045512.3999	148
NC_045512.4000	149
NC_045512.4001	139
NC_045512.4002	138
NC_045512.4003	137
NC_045512.4004	136
NC_045512.4005	135
NC_045512.4006	134
NC_045512.4007	133
NC_045512.4008	132
NC_045512.4009	131
NC_045512.4010	130
NC_045512.4011	129
NC_045512.4012	128
NC_045512.4013	127
NC_045512.4014	126
NC_045512.4015	125
NC_045512.4016	124
NC_045512.4017	123
NC_045512.4018	122
NC_045512.4019	121
NC_045512.4020	120
NC_045512.4021	119
NC_045512.4022	118
NC_045512.4023	117
NC_045512.4024	116
NC_045512.4025	115
NC_045512.4026	114
NC_045512.4027	113
NC_045512.4028	112
NC_045512.4029	111
NC_045512.4030	110
NC_045512.4031	109
NC_045512.4032	108
NC_045512.4033	107
NC_045512.4034	106
NC_045512.4035	105
NC_045512.4036	89
NC_045512.4037	89
NC_045512.4038	149
NC_045512.4039	150
NC_045512.4040	148
NC_045512.4041	147
NC_045512.4042	146
NC_045512.4043	145
NC_045512.4044	144
NC_045512.4045	150
NC_045512.4046	150
NC_045512.4047	146
NC_045512.4048	147
NC_045512.4049	148
NC_045512.4050	150
NC_045512.4051	150
NC_045512.4052	145
NC_045512.4053	146
NC_045512.4054	147
NC_045512.4055	148
NC_045512.4056	149
NC_045512.4057	150
NC_045512.4058	150
NC_045512.4059	149
NC_045512.4060	150
NC_045512.4061	150
NC_045512.4062	149
NC_045512.4063	149
NC_045512.4064	149
NC_045512.4065	147
NC_045512.4066	126
NC_045512.4067	138
NC_045512.4068	150
NC_045512.4069	141
NC_045512.4070	138
NC_045512.4071	131
NC_045512.4072	144
NC_045512.4073	139
NC_045512.4074	142
NC_045512.4075	143
NC_045512.4076	144
NC_045512.4077	144
NC_045512.4078	145
NC_045512.4079	150
NC_045512.4080	147
NC_045512.4081	141
NC_045512.4082	150
NC_045512.4083	150
NC_045512.4084	149
NC_045512.4085	148
NC_045512.4086	147
NC_045512.4087	146
NC_045512.4088	143
NC_045512.4089	144
NC_045512.4090	143
NC_045512.4091	149
NC_045512.4092	146
NC_045512.4093	140
NC_045512.4094	139
NC_045512.4095	150
NC_045512.4096	150
NC_045512.4097	147
NC_045512.4098	149
NC_045512.4099	150
NC_045512.4100	147
NC_045512.4101	150
NC_045512.4102	146
NC_045512.4103	150
NC_045512.4104	149
NC_045512.4105	145
NC_045512.4106	148
NC_045512.4107	149
NC_045512.4108	146
NC_045512.4109	145
NC_045512.4110	150
NC_045512.4111	137
NC_045512.4112	145
NC_045512.4113	141
NC_045512.4114	140
NC_045512.4115	148
NC_045512.4116	138
NC_045512.4117	137
NC_045512.4118	147
NC_045512.4119	148
NC_045512.4120	147
NC_045512.4121	147
NC_045512.4122	148
NC_045512.4123	138
NC_045512.4124	150
NC_045512.4125	146
NC_045512.4126	147
NC_045512.4127	146
NC_045512.4128	143
NC_045512.4129	150
NC_045512.4130	145
NC_045512.4131	146
NC_045512.4132	141
NC_045512.4133	142
NC_045512.4134	143
NC_045512.4135	144
NC_045512.4136	143
NC_045512.4137	146
NC_045512.4138	144
NC_045512.4139	148
NC_045512.4140	150
NC_045512.4141	143
NC_045512.4142	149
NC_045512.4143	149
NC_045512.4144	148
NC_045512.4145	147
NC_045512.4146	146
NC_045512.4147	145
NC_045512.4148	144
NC_045512.4149	143
NC_045512.4150	150
NC_045512.4151	149
NC_045512.4152	147
NC_045512.4153	147
NC_045512.4154	146
NC_045512.4155	143
NC_045512.4156	139
NC_045512.4157	145
NC_045512.4158	141
NC_045512.4159	145
NC_045512.4160	148
NC_045512.4161	139
NC_045512.4162	143
NC_045512.4163	147
NC_045512.4164	144
NC_045512.4165	147
NC_045512.4166	147
NC_045512.4167	150
NC_045512.4168	146
NC_045512.4169	148
NC_045512.4170	147
NC_045512.4171	146
NC_045512.4172	150
NC_045512.4173	150
NC_045512.4174	149
NC_045512.4175	150
NC_045512.4176	150
NC_045512.4177	149
NC_045512.4178	148
NC_045512.4179	150
NC_045512.4180	146
NC_045512.4181	145
NC_045512.4182	150
NC_045512.4183	150
NC_045512.4184	150
NC_045512.4185	150
NC_045512.4186	147
NC_045512.4187	148
NC_045512.4188	149
NC_045512.4189	150
NC_045512.4190	150
NC_045512.4191	150
NC_045512.4192	150
NC_045512.4193	150
NC_045512.4194	149
NC_045512.4195	150
NC_045512.4196	149
NC_045512.4197	150
NC_045512.4198	149
NC_045512.4199	149
NC_045512.4200	150
NC_045512.4201	149
NC_045512.4202	145
NC_045512.4203	142
NC_045512.4204	146
NC_045512.4205	144
NC_045512.4206	148
NC_045512.4207	148
NC_045512.4208	150
NC_045512.4209	149
NC_045512.4210	141
NC_045512.4211	150
NC_045512.4212	145
NC_045512.4213	145
NC_045512.4214	147
NC_045512.4215	148
NC_045512.4216	147
NC_045512.4217	150
NC_045512.4218	149
NC_045512.4219	146
NC_045512.4220	149
NC_045512.4221	149
NC_045512.4222	150
NC_045512.4223	149
NC_045512.4224	149
NC_045512.4225	146
NC_045512.4226	145
NC_045512.4227	144
NC_045512.4228	141
NC_045512.4229	150
NC_045512.4230	143
NC_045512.4231	140
NC_045512.4232	145
NC_045512.4233	146
NC_045512.4234	144
NC_045512.4235	150
NC_045512.4236	149
NC_045512.4237	147
NC_045512.4238	149
NC_045512.4239	146
NC_045512.4240	150
NC_045512.4241	149
NC_045512.4242	148
NC_045512.4243	148
NC_045512.4244	150
NC_045512.4245	137
NC_045512.4246	138
NC_045512.4247	150
NC_045512.4248	140
NC_045512.4249	141
NC_045512.4250	142
NC_045512.4251	143
NC_045512.4252	150
NC_045512.4253	145
NC_045512.4254	146
NC_045512.4255	147
NC_045512.4256	148
NC_045512.4257	149
NC_045512.4258	150
NC_045512.4259	149
NC_045512.4260	150
NC_045512.4261	149
NC_045512.4262	150
NC_045512.4263	149
NC_045512.4264	150
NC_045512.4265	150
NC_045512.4266	149
NC_045512.4267	149
NC_045512.4268	149
NC_045512.4269	150
NC_045512.4270	149
NC_045512.4271	144
NC_045512.4272	146
NC_045512.4273	147
NC_045512.4274	150
NC_045512.4275	147
NC_045512.4276	146
NC_045512.4277	150
NC_045512.4278	149
NC_045512.4279	150
NC_045512.4280	145
NC_045512.4281	146
NC_045512.4282	147
NC_045512.4283	148
NC_045512.4284	150
NC_045512.4285	150
NC_045512.4286	150
NC_045512.4287	150
NC_045512.4288	145
NC_045512.4289	150
NC_045512.4290	147
NC_045512.4291	148
NC_045512.4292	149
NC_045512.4293	148
NC_045512.4294	147
NC_045512.4295	146
NC_045512.4296	145
NC_045512.4297	144
NC_045512.4298	143
NC_045512.4299	142
NC_045512.4300	141
NC_045512.4301	140
NC_045512.4302	139
NC_045512.4303	138
NC_045512.4304	149
NC_045512.4305	136
NC_045512.4306	149
NC_045512.4307	148
NC_045512.4308	147
NC_045512.4309	146
NC_045512.4310	145
NC_045512.4311	144
NC_045512.4312	143
NC_045512.4313	148
NC_045512.4314	149
NC_045512.4315	150
NC_045512.4316	139
NC_045512.4317	148
NC_045512.4318	141
NC_045512.4319	142
NC_045512.4320	143
NC_045512.4321	134
NC_045512.4322	145
NC_045512.4323	142
NC_045512.4324	150
NC_045512.4325	149
NC_045512.4326	148
NC_045512.4327	150
NC_045512.4328	146
NC_045512.4329	150
NC_045512.4330	149
NC_045512.4331	148
NC_045512.4332	147
NC_045512.4333	145
NC_045512.4334	145
NC_045512.4335	149
NC_045512.4336	143
NC_045512.4337	142
NC_045512.4338	141
NC_045512.4339	140
NC_045512.4340	139
NC_045512.4341	138
NC_045512.4342	148
NC_045512.4343	136
NC_045512.4344	147
NC_045512.4345	147
NC_045512.4346	147
NC_045512.4347	149
NC_045512.4348	150
NC_045512.4349	150
NC_045512.4350	148
NC_045512.4351	149
NC_045512.4352	146
NC_045512.4353	145
NC_045512.4354	145
NC_045512.4355	145
NC_045512.4356	144
NC_045512.4357	143
NC_045512.4358	142
NC_045512.4359	141
NC_045512.4360	140
NC_045512.4361	139
NC_045512.4362	150
NC_045512.4363	149
NC_045512.4364	142
NC_045512.4365	150
NC_045512.4366	150
NC_045512.4367	149
NC_045512.4368	146
NC_045512.4369	147
NC_045512.4370	146
NC_045512.4371	148
NC_045512.4372	149
NC_045512.4373	149
NC_045512.4374	149
NC_045512.4375	148
NC_045512.4376	149
NC_045512.4377	147
NC_045512.4378	147
NC_045512.4379	149
NC_045512.4380	150
NC_045512.4381	150
NC_045512.4382	150
NC_045512.4383	149
NC_045512.4384	148
NC_045512.4385	147
NC_045512.4386	146
NC_045512.4387	145
NC_045512.4388	150
NC_045512.4389	144
NC_045512.4390	143
NC_045512.4391	148
NC_045512.4392	149
NC_045512.4393	150
NC_045512.4394	148
NC_045512.4395	147
NC_045512.4396	146
NC_045512.4397	145
NC_045512.4398	144
NC_045512.4399	143
NC_045512.4400	142
NC_045512.4420	150
NC_045512.4421	149
NC_045512.4422	149
NC_045512.4423	150
NC_045512.4424	149
NC_045512.4425	147
NC_045512.4426	145
NC_045512.4427	132
NC_045512.4428	146
NC_045512.4429	149
NC_045512.4430	149
NC_045512.4431	149
NC_045512.4432	138
NC_045512.4433	139
NC_045512.4434	140
NC_045512.4435	141
NC_045512.4436	139
NC_045512.4437	131
NC_045512.4438	141
NC_045512.4439	145
NC_045512.4440	146
NC_045512.4441	145
NC_045512.4442	150
NC_045512.4443	147
NC_045512.4444	150
NC_045512.4445	149
NC_045512.4446	147
NC_045512.4447	146
NC_045512.4448	145
NC_045512.4449	149
NC_045512.4450	150
NC_045512.4451	150
NC_045512.4452	148
NC_045512.4453	140
NC_045512.4454	145
NC_045512.4455	142
NC_045512.4456	147
NC_045512.4457	148
NC_045512.4458	144
NC_045512.4459	148
NC_045512.4460	147
NC_045512.4461	149
NC_045512.4462	147
NC_045512.4463	150
NC_045512.4464	149
NC_045512.4465	150
NC_045512.4466	149
NC_045512.4467	150
NC_045512.4468	149
NC_045512.4469	148
NC_045512.4470	150
NC_045512.4471	150
NC_045512.4472	150
NC_045512.4473	140
NC_045512.4474	141
NC_045512.4475	142
NC_045512.4476	143
NC_045512.4477	144
NC_045512.4478	145
NC_045512.4479	146
NC_045512.4480	147
NC_045512.4481	148
NC_045512.4482	150
NC_045512.4483	149
NC_045512.4484	148
NC_045512.4485	150
NC_045512.4486	146
NC_045512.4487	145
NC_045512.4488	144
NC_045512.4489	143
NC_045512.4490	148
NC_045512.4491	149
NC_045512.4492	150
NC_045512.4493	150
NC_045512.4494	140
NC_045512.4495	141
NC_045512.4496	142
NC_045512.4497	143
NC_045512.4498	144
NC_045512.4499	145
NC_045512.4500	146
NC_045512.4501	147
NC_045512.4502	149
NC_045512.4503	149
NC_045512.4504	148
NC_045512.4505	149
NC_045512.4506	146
NC_045512.4507	149
NC_045512.4508	149
NC_045512.4509	150
NC_045512.4510	150
NC_045512.4511	148
NC_045512.4512	147
NC_045512.4513	146
NC_045512.4514	145
NC_045512.4515	144
NC_045512.4516	150
NC_045512.4517	149
NC_045512.4518	149
NC_045512.4519	150
NC_045512.4520	148
NC_045512.4521	150
NC_045512.4522	146
NC_045512.4523	145
NC_045512.4524	144
NC_045512.4525	143
NC_045512.4526	142
NC_045512.4527	149
NC_045512.4528	150
NC_045512.4529	148
NC_045512.4530	150
NC_045512.4531	146
NC_045512.4532	136
NC_045512.4533	144
NC_045512.4534	141
NC_045512.4535	142
NC_045512.4536	132
NC_045512.4537	144
NC_045512.4538	139
NC_045512.4539	129
NC_045512.4540	128
NC_045512.4541	136
NC_045512.4542	135
NC_045512.4543	146
NC_045512.4544	145
NC_045512.4545	148
NC_045512.4546	150
NC_045512.4547	147
NC_045512.4548	141
NC_045512.4549	147
NC_045512.4550	148
NC_045512.4551	147
NC_045512.4552	146
NC_045512.4553	146
NC_045512.4554	150
NC_045512.4555	142
NC_045512.4556	149
NC_045512.4557	149
NC_045512.4558	150
NC_045512.4559	148
NC_045512.4560	147
NC_045512.4561	146
NC_045512.4562	145
NC_045512.4563	144
NC_045512.4564	142
NC_045512.4565	149
NC_045512.4566	141
NC_045512.4567	140
NC_045512.4568	148
NC_045512.4569	145
NC_045512.4570	137
NC_045512.4571	148
NC_045512.4572	150
NC_045512.4573	146
NC_045512.4574	150
NC_045512.4575	139
NC_045512.4576	143
NC_045512.4577	142
NC_045512.4578	142
NC_045512.4579	150
NC_045512.4580	144
NC_045512.4581	137
NC_045512.4582	148
NC_045512.4583	147
NC_045512.4584	148
NC_045512.4585	146
NC_045512.4586	145
NC_045512.4587	144
NC_045512.4588	143
NC_045512.4589	145
NC_045512.4590	146
NC_045512.4591	140
NC_045512.4592	139
NC_045512.4593	149
NC_045512.4594	146
NC_045512.4595	150
NC_045512.4596	143
NC_045512.4597	143
NC_045512.4606	150
NC_045512.4607	150
NC_045512.4608	150
NC_045512.4617	141
NC_045512.4618	149
NC_045512.4619	143
NC_045512.4620	149
NC_045512.4621	146
NC_045512.4622	149
NC_045512.4623	140
NC_045512.4624	148
NC_045512.4625	142
NC_045512.4626	150
NC_045512.4627	149
NC_045512.4628	145
NC_045512.4629	146
NC_045512.4630	147
NC_045512.4631	147
NC_045512.4632	145
NC_045512.4633	142
NC_045512.4634	147
NC_045512.4635	144
NC_045512.4636	142
NC_045512.4637	147
NC_045512.4638	148
NC_045512.4639	147
NC_045512.4640	147
NC_045512.4641	148
NC_045512.4642	148
NC_045512.4643	145
NC_045512.4644	149
NC_045512.4645	144
NC_045512.4646	147
NC_045512.4647	140
NC_045512.4648	130
NC_045512.4649	141
NC_045512.4650	150
NC_045512.4651	142
NC_045512.4652	141
NC_045512.4653	139
NC_045512.4654	139
NC_045512.4655	149
NC_045512.4656	137
NC_045512.4657	138
NC_045512.4658	147
NC_045512.4659	140
NC_045512.4660	148
NC_045512.4661	140
NC_045512.4662	149
NC_045512.4663	141
NC_045512.4664	150
NC_045512.4665	146
NC_045512.4666	146
NC_045512.4667	150
NC_045512.4668	150
NC_045512.4669	141
NC_045512.4670	148
NC_045512.4671	149
NC_045512.4672	144
NC_045512.4673	150
NC_045512.4674	144
NC_045512.4675	147
NC_045512.4676	145
NC_045512.4677	150
NC_045512.4678	140
NC_045512.4679	148
NC_045512.4680	140
NC_045512.4681	149
NC_045512.4682	148
NC_045512.4683	150
NC_045512.4684	144
NC_045512.4685	144
NC_045512.4686	146
NC_045512.4687	149
NC_045512.4688	148
NC_045512.4689	148
NC_045512.4690	149
NC_045512.4691	148
NC_045512.4692	149
NC_045512.4693	149
NC_045512.4694	145
NC_045512.4695	142
NC_045512.4696	144
NC_045512.4697	147
NC_045512.4698	139
NC_045512.4699	148
NC_045512.4700	148
NC_045512.4701	143
NC_045512.4702	150
NC_045512.4703	145
NC_045512.4704	146
NC_045512.4705	147
NC_045512.4706	148
NC_045512.4707	149
NC_045512.4708	149
NC_045512.4709	150
NC_045512.4710	150
NC_045512.4711	141
NC_045512.4712	142
NC_045512.4713	143
NC_045512.4714	144
NC_045512.4715	145
NC_045512.4716	146
NC_045512.4717	150
NC_045512.4718	145
NC_045512.4719	144
NC_045512.4720	143
NC_045512.4721	142
NC_045512.4722	141
NC_045512.4723	140
NC_045512.4724	149
NC_045512.4725	150
NC_045512.4726	149
NC_045512.4727	148
NC_045512.4728	147
NC_045512.4729	147
NC_045512.4730	150
NC_045512.4731	149
NC_045512.4732	150
NC_045512.4733	149
NC_045512.4734	148
NC_045512.4735	150
NC_045512.4736	149
NC_045512.4737	150
NC_045512.4738	150
NC_045512.4739	149
NC_045512.4740	149
NC_045512.4741	149
NC_045512.4742	149
NC_045512.4743	150
NC_045512.4744	147
NC_045512.4745	148
NC_045512.4746	145
NC_045512.4747	140
NC_045512.4748	148
NC_045512.4749	148
NC_045512.4750	147
NC_045512.4751	149
NC_045512.4752	148
NC_045512.4753	145
NC_045512.4754	149
NC_045512.4755	147
NC_045512.4756	148
NC_045512.4757	148
NC_045512.4758	140
NC_045512.4759	141
NC_045512.4760	147
NC_045512.4761	143
NC_045512.4762	142
NC_045512.4763	146
NC_045512.4764	145
NC_045512.4765	150
NC_045512.4766	148
NC_045512.4767	130
NC_045512.4768	148
NC_045512.4769	149
NC_045512.4770	150
NC_045512.4771	148
NC_045512.4772	148
NC_045512.4773	149
NC_045512.4774	145
NC_045512.4775	146
NC_045512.4776	150
NC_045512.4777	150
NC_045512.4778	149
NC_045512.4779	148
NC_045512.4780	132
NC_045512.4781	147
NC_045512.4782	147
NC_045512.4783	144
NC_045512.4784	136
NC_045512.4785	137
NC_045512.4786	149
NC_045512.4787	139
NC_045512.4788	140
NC_045512.4789	141
NC_045512.4790	144
NC_045512.4791	144
NC_045512.4792	132
NC_045512.4793	145
NC_045512.4794	146
NC_045512.4795	135
NC_045512.4796	136
NC_045512.4797	137
NC_045512.4798	148
NC_045512.4799	139
NC_045512.4800	140
NC_045512.4801	141
NC_045512.4802	142
NC_045512.4803	143
NC_045512.4804	144
NC_045512.4805	145
NC_045512.4806	146
NC_045512.4807	147
NC_045512.4808	148
NC_045512.4809	150
NC_045512.4810	149
NC_045512.4811	148
NC_045512.4812	147
NC_045512.4813	146
NC_045512.4814	145
NC_045512.4815	144
NC_045512.4816	144
NC_045512.4817	145
NC_045512.4818	146
NC_045512.4819	147
NC_045512.4820	148
NC_045512.4821	150
NC_045512.4822	149
NC_045512.4823	148
NC_045512.4824	147
NC_045512.4825	146
NC_045512.4826	145
NC_045512.4827	144
NC_045512.4828	150
NC_045512.4829	150
NC_045512.4830	150
NC_045512.4831	150
NC_045512.4832	149
NC_045512.4833	147
NC_045512.4834	137
NC_045512.4835	136
NC_045512.4836	135
NC_045512.4837	134
NC_045512.4838	133
NC_045512.4839	135
NC_045512.4840	132
NC_045512.4841	132
NC_045512.4842	138
NC_045512.4843	139
NC_045512.4844	140
NC_045512.4845	141
NC_045512.4846	142
NC_045512.4847	143
NC_045512.4848	144
NC_045512.4849	145
NC_045512.4850	146
NC_045512.4851	147
NC_045512.4852	148
NC_045512.4853	149
NC_045512.4854	150
NC_045512.4855	150
NC_045512.4856	149
NC_045512.4857	148
NC_045512.4858	147
NC_045512.4859	146
NC_045512.4860	145
NC_045512.4861	144
NC_045512.4862	143
NC_045512.4863	142
NC_045512.4864	141
NC_045512.4865	140
NC_045512.4866	139
NC_045512.4867	138
NC_045512.4868	137
NC_045512.4869	136
NC_045512.4870	135
NC_045512.4871	134
NC_045512.4872	133
NC_045512.4873	132
NC_045512.4874	131
NC_045512.4875	130
NC_045512.4876	129
NC_045512.4877	128
NC_045512.4878	127
NC_045512.4879	126
NC_045512.4880	125
NC_045512.4881	124
NC_045512.4882	123
NC_045512.4883	122
NC_045512.4884	121
NC_045512.4885	120
NC_045512.4886	119
NC_045512.4887	118
NC_045512.4888	117
NC_045512.4889	116
NC_045512.4890	115
NC_045512.4891	114
NC_045512.4892	113
NC_045512.4893	112
NC_045512.4894	145
NC_045512.4895	147
NC_045512.4896	148
NC_045512.4897	146
NC_045512.4898	150
NC_045512.4899	148
NC_045512.4900	149
NC_045512.4901	148
NC_045512.4902	147
NC_045512.4903	146
NC_045512.4904	145
NC_045512.4905	145
NC_045512.4906	146
NC_045512.4907	147
NC_045512.4908	147
NC_045512.4909	148
NC_045512.4910	147
NC_045512.4911	150
NC_045512.4912	148
NC_045512.4913	150
NC_045512.4914	149
NC_045512.4915	150
NC_045512.4916	149
NC_045512.4917	150
NC_045512.4918	148
NC_045512.4919	150
NC_045512.4920	149
NC_045512.4921	150
NC_045512.4922	148
NC_045512.4923	148
NC_045512.4924	148
NC_045512.4925	149
NC_045512.4926	150
NC_045512.4927	150
NC_045512.4928	149
NC_045512.4929	150
NC_045512.4930	150
NC_045512.4931	150
NC_045512.4932	146
NC_045512.4933	147
NC_045512.4934	150
NC_045512.4935	150
NC_045512.4936	149
NC_045512.4937	150
NC_045512.4938	149
NC_045512.4939	149
NC_045512.4940	149
NC_045512.4941	139
NC_045512.4942	149
NC_045512.4943	150
NC_045512.4944	150
NC_045512.4945	147
NC_045512.4946	150
NC_045512.4947	149
NC_045512.4948	147
NC_045512.4949	150
NC_045512.4950	148
NC_045512.4951	149
NC_045512.4952	150
NC_045512.4953	149
NC_045512.4954	148
NC_045512.4955	147
NC_045512.4956	144
NC_045512.4957	130
NC_045512.4958	137
NC_045512.4959	148
NC_045512.4960	150
NC_045512.4961	147
NC_045512.4962	148
NC_045512.4963	135
NC_045512.4964	150
NC_045512.4965	149
NC_045512.4966	138
NC_045512.4967	146
NC_045512.4968	147
NC_045512.4969	148
NC_045512.4970	149
NC_045512.4971	150
NC_045512.4972	145
NC_045512.4973	145
NC_045512.4974	134
NC_045512.4975	148
NC_045512.4976	149
NC_045512.4977	137
NC_045512.4978	150
NC_045512.4979	148
NC_045512.4980	140
NC_045512.4981	141
NC_045512.4982	150
NC_045512.4983	143
NC_045512.4984	150
NC_045512.4985	144
NC_045512.4986	146
NC_045512.4987	147
NC_045512.4988	148
NC_045512.4989	150
NC_045512.4990	149
NC_045512.4991	149
NC_045512.4992	149
NC_045512.4993	150
NC_045512.4994	145
NC_045512.4995	148
NC_045512.4996	147
NC_045512.4997	146
NC_045512.4998	145
NC_045512.4999	144
NC_045512.5000	150
NC_045512.5001	149
NC_045512.5002	148
NC_045512.5003	147
NC_045512.5004	146
NC_045512.5005	147
NC_045512.5006	148
NC_045512.5007	150
NC_045512.5008	149
NC_045512.5009	149
NC_045512.5010	149
NC_045512.5011	150
NC_045512.5012	145
NC_045512.5013	146
NC_045512.5014	147
NC_045512.5015	148
NC_045512.5016	150
NC_045512.5017	149
NC_045512.5018	148
NC_045512.5019	146
NC_045512.5020	145
NC_045512.5021	147
NC_045512.5022	144
NC_045512.5023	144
NC_045512.5024	144
NC_045512.5025	144
NC_045512.5026	145
NC_045512.5027	146
NC_045512.5028	147
NC_045512.5029	148
NC_045512.5030	149
NC_045512.5031	150
NC_045512.5032	149
NC_045512.5033	148
NC_045512.5034	147
NC_045512.5035	146
NC_045512.5036	145
NC_045512.5037	144
NC_045512.5038	143
NC_045512.5039	142
NC_045512.5040	141
NC_045512.5041	140
NC_045512.5042	139
NC_045512.5043	143
NC_045512.5044	150
NC_045512.5045	145
NC_045512.5046	135
NC_045512.5047	144
NC_045512.5048	133
NC_045512.5049	147
NC_045512.5050	148
NC_045512.5051	150
NC_045512.5052	149
NC_045512.5053	150
NC_045512.5054	149
NC_045512.5055	148
NC_045512.5056	147
NC_045512.5057	143
NC_045512.5058	150
NC_045512.5059	143
NC_045512.5060	147
NC_045512.5061	150
NC_045512.5062	149
NC_045512.5063	150
NC_045512.5064	150
NC_045512.5065	150
NC_045512.5066	149
NC_045512.5067	149
NC_045512.5068	150
NC_045512.5069	150
NC_045512.5070	149
NC_045512.5071	149
NC_045512.5072	150
NC_045512.5073	150
NC_045512.5074	146
NC_045512.5075	145
NC_045512.5076	144
NC_045512.5077	149
NC_045512.5078	150
NC_045512.5079	149
NC_045512.5080	150
NC_045512.5081	150
NC_045512.5082	149
NC_045512.5083	150
NC_045512.5084	150
NC_045512.5085	150
NC_045512.5086	149
NC_045512.5087	148
NC_045512.5088	148
NC_045512.5089	149
NC_045512.5090	150
NC_045512.5091	150
NC_045512.5092	149
NC_045512.5093	150
NC_045512.5094	150
NC_045512.5095	150
NC_045512.5096	150
NC_045512.5097	150
NC_045512.5098	148
NC_045512.5099	147
NC_045512.5100	148
NC_045512.5101	138
NC_045512.5102	150
NC_045512.5103	150
NC_045512.5104	133
NC_045512.5105	149
NC_045512.5106	123
NC_045512.5107	136
NC_045512.5108	136
NC_045512.5109	137
NC_045512.5110	147
NC_045512.5111	133
NC_045512.5112	134
NC_045512.5113	135
NC_045512.5114	147
NC_045512.5115	144
NC_045512.5116	149
NC_045512.5117	145
NC_045512.5118	147
NC_045512.5119	147
NC_045512.5120	142
NC_045512.5121	150
NC_045512.5122	149
NC_045512.5123	150
NC_045512.5124	146
NC_045512.5125	147
NC_045512.5126	148
NC_045512.5127	149
NC_045512.5128	149
NC_045512.5129	146
NC_045512.5130	147
NC_045512.5131	149
NC_045512.5132	144
NC_045512.5133	149
NC_045512.5134	149
NC_045512.5135	150
NC_045512.5136	148
NC_045512.5137	149
NC_045512.5138	134
NC_045512.5139	135
NC_045512.5140	146
NC_045512.5141	137
NC_045512.5142	138
NC_045512.5143	139
NC_045512.5144	150
NC_045512.5145	141
NC_045512.5146	142
NC_045512.5147	143
NC_045512.5148	144
NC_045512.5149	145
NC_045512.5150	146
NC_045512.5151	147
NC_045512.5152	148
NC_045512.5153	149
NC_045512.5154	150
NC_045512.5155	149
NC_045512.5156	148
NC_045512.5157	147
NC_045512.5158	146
NC_045512.5159	145
NC_045512.5160	141
NC_045512.5161	143
NC_045512.5162	149
NC_045512.5163	149
NC_045512.5164	140
NC_045512.5165	149
NC_045512.5166	149
NC_045512.5167	149
NC_045512.5168	150
NC_045512.5169	147
NC_045512.5170	146
NC_045512.5171	145
NC_045512.5172	144
NC_045512.5173	143
NC_045512.5174	142
NC_045512.5175	149
NC_045512.5176	150
NC_045512.5177	145
NC_045512.5178	146
NC_045512.5179	147
NC_045512.5180	148
NC_045512.5181	149
NC_045512.5182	149
NC_045512.5183	150
NC_045512.5184	147
NC_045512.5185	146
NC_045512.5186	140
NC_045512.5187	144
NC_045512.5188	143
NC_045512.5189	148
NC_045512.5190	150
NC_045512.5191	146
NC_045512.5192	145
NC_045512.5193	144
NC_045512.5194	150
NC_045512.5195	148
NC_045512.5196	148
NC_045512.5197	146
NC_045512.5198	139
NC_045512.5199	148
NC_045512.5200	145
NC_045512.5201	146
NC_045512.5202	145
NC_045512.5203	142
NC_045512.5204	143
NC_045512.5205	148
NC_045512.5206	150
NC_045512.5207	149
NC_045512.5208	150
NC_045512.5209	147
NC_045512.5210	148
NC_045512.5211	144
NC_045512.5212	146
NC_045512.5213	142
NC_045512.5214	143
NC_045512.5215	130
NC_045512.5216	142
NC_045512.5217	145
NC_045512.5218	138
NC_045512.5219	139
NC_045512.5220	144
NC_045512.5221	143
NC_045512.5222	136
NC_045512.5256	144
NC_045512.5257	140
NC_045512.5258	150
NC_045512.5259	150
NC_045512.5260	149
NC_045512.5261	147
NC_045512.5262	150
NC_045512.5263	148
NC_045512.5264	145
NC_045512.5265	150
NC_045512.5266	146
NC_045512.5267	149
NC_045512.5268	149
NC_045512.5269	148
NC_045512.5270	149
NC_045512.5271	149
NC_045512.5272	147
NC_045512.5273	145
NC_045512.5274	147
NC_045512.5275	147
NC_045512.5276	143
NC_045512.5277	144
NC_045512.5278	149
NC_045512.5279	148
NC_045512.5280	147
NC_045512.5281	148
NC_045512.5282	143
NC_045512.5283	146
NC_045512.5284	149
NC_045512.5285	148
NC_045512.5286	149
NC_045512.5287	146
NC_045512.5288	150
NC_045512.5289	148
NC_045512.5290	135
NC_045512.5291	145
NC_045512.5292	146
NC_045512.5293	138
NC_045512.5294	139
NC_045512.5295	140
NC_045512.5296	141
NC_045512.5297	142
NC_045512.5298	142
NC_045512.5299	143
NC_045512.5300	144
NC_045512.5301	146
NC_045512.5302	147
NC_045512.5303	145
NC_045512.5304	149
NC_045512.5305	150
NC_045512.5306	149
NC_045512.5307	149
NC_045512.5308	148
NC_045512.5309	147
NC_045512.5310	142
NC_045512.5311	144
NC_045512.5312	150
NC_045512.5313	149
NC_045512.5314	148
NC_045512.5315	143
NC_045512.5316	144
NC_045512.5317	145
NC_045512.5318	144
NC_045512.5319	143
NC_045512.5320	142
NC_045512.5321	141
NC_045512.5322	140
NC_045512.5323	139
NC_045512.5324	137
NC_045512.5325	143
NC_045512.5326	150
NC_045512.5327	145
NC_045512.5328	146
NC_045512.5329	147
NC_045512.5330	148
NC_045512.5331	150
NC_045512.5332	149
NC_045512.5333	150
NC_045512.5334	146
NC_045512.5335	148
NC_045512.5336	148
NC_045512.5337	147
NC_045512.5338	145
NC_045512.5339	146
NC_045512.5340	142
NC_045512.5341	143
NC_045512.5342	144
NC_045512.5343	145
NC_045512.5344	150
NC_045512.5345	149
NC_045512.5346	147
NC_045512.5347	148
NC_045512.5348	149
NC_045512.5349	150
NC_045512.5350	150
NC_045512.5351	133
NC_045512.5352	134
NC_045512.5353	135
NC_045512.5354	136
NC_045512.5355	137
NC_045512.5356	138
NC_045512.5357	139
NC_045512.5358	140
NC_045512.5359	141
NC_045512.5360	142
NC_045512.5361	150
NC_045512.5362	144
NC_045512.5363	145
NC_045512.5364	143
NC_045512.5365	147
NC_045512.5366	148
NC_045512.5367	149
NC_045512.5368	150
NC_045512.5369	150
NC_045512.5370	146
NC_045512.5371	147
NC_045512.5372	150
NC_045512.5373	149
NC_045512.5374	150
NC_045512.5375	150
NC_045512.5376	149
NC_045512.5377	149
NC_045512.5378	150
NC_045512.5379	146
NC_045512.5380	147
NC_045512.5381	148
NC_045512.5382	149
NC_045512.5383	150
NC_045512.5384	149
NC_045512.5385	148
NC_045512.5386	147
NC_045512.5387	146
NC_045512.5388	145
NC_045512.5389	144
NC_045512.5390	143
NC_045512.5391	142
NC_045512.5392	146
NC_045512.5393	148
NC_045512.5394	147
NC_045512.5395	149
NC_045512.5396	145
NC_045512.5397	147
NC_045512.5398	147
NC_045512.5399	145
NC_045512.5400	147
NC_045512.5401	146
NC_045512.5402	143
NC_045512.5403	144
NC_045512.5404	142
NC_045512.5405	142
NC_045512.5406	141
NC_045512.5407	140
NC_045512.5408	139
NC_045512.5409	138
NC_045512.5410	137
NC_045512.5411	136
NC_045512.5412	150
NC_045512.5413	134
NC_045512.5414	133
NC_045512.5415	143
NC_045512.5416	144
NC_045512.5417	145
NC_045512.5418	146
NC_045512.5419	147
NC_045512.5420	150
NC_045512.5421	146
NC_045512.5422	148
NC_045512.5423	150
NC_045512.5424	150
NC_045512.5425	142
NC_045512.5426	144
NC_045512.5427	145
NC_045512.5428	146
NC_045512.5429	147
NC_045512.5430	148
NC_045512.5431	149
NC_045512.5432	150
NC_045512.5433	150
NC_045512.5434	150
NC_045512.5435	146
NC_045512.5436	147
NC_045512.5437	148
NC_045512.5438	149
NC_045512.5439	150
NC_045512.5440	149
NC_045512.5441	149
NC_045512.5442	150
NC_045512.5443	144
NC_045512.5444	145
NC_045512.5445	146
NC_045512.5446	150
NC_045512.5447	150
NC_045512.5448	150
NC_045512.5449	150
NC_045512.5450	149
NC_045512.5451	148
NC_045512.5452	147
NC_045512.5453	146
NC_045512.5454	145
NC_045512.5455	144
NC_045512.5456	150
NC_045512.5457	140
NC_045512.5458	141
NC_045512.5459	142
NC_045512.5460	143
NC_045512.5461	144
NC_045512.5462	145
NC_045512.5463	146
NC_045512.5464	147
NC_045512.5465	150
NC_045512.5466	149
NC_045512.5467	148
NC_045512.5468	147
NC_045512.5469	146
NC_045512.5470	150
NC_045512.5471	150
NC_045512.5472	149
NC_045512.5473	150
NC_045512.5474	149
NC_045512.5475	150
NC_045512.5476	149
NC_045512.5477	150
NC_045512.5478	150
NC_045512.5479	150
NC_045512.5480	149
NC_045512.5481	150
NC_045512.5482	150
NC_045512.5483	150
NC_045512.5484	150
NC_045512.5485	150
NC_045512.5486	149
NC_045512.5487	148
NC_045512.5488	150
NC_045512.5489	150
NC_045512.5490	149
NC_045512.5491	149
NC_045512.5492	149
NC_045512.5493	150
NC_045512.5494	150
NC_045512.5495	149
NC_045512.5496	149
NC_045512.5497	150
NC_045512.5498	149
NC_045512.5499	148
NC_045512.5500	147
NC_045512.5501	146
NC_045512.5502	147
NC_045512.5503	148
NC_045512.5504	149
NC_045512.5505	150
NC_045512.5506	147
NC_045512.5507	146
NC_045512.5508	150
NC_045512.5509	149
NC_045512.5510	147
NC_045512.5511	148
NC_045512.5512	149
NC_045512.5513	150
NC_045512.5514	150
NC_045512.5515	149
NC_045512.5516	148
NC_045512.5517	147
NC_045512.5518	146
NC_045512.5519	145
NC_045512.5520	144
NC_045512.5521	143
NC_045512.5522	142
NC_045512.5523	141
NC_045512.5524	140
NC_045512.5525	139
NC_045512.5526	138
NC_045512.5527	149
NC_045512.5528	150
NC_045512.5529	135
NC_045512.5530	148
NC_045512.5531	149
NC_045512.5532	149
NC_045512.5533	149
NC_045512.5534	150
NC_045512.5535	149
NC_045512.5536	150
NC_045512.5537	133
NC_045512.5538	134
NC_045512.5539	149
NC_045512.5540	136
NC_045512.5541	137
NC_045512.5542	147
NC_045512.5543	146
NC_045512.5544	140
NC_045512.5545	141
NC_045512.5546	142
NC_045512.5547	143
NC_045512.5548	144
NC_045512.5549	145
NC_045512.5550	146
NC_045512.5551	147
NC_045512.5552	148
NC_045512.5553	149
NC_045512.5554	150
NC_045512.5555	150
NC_045512.5556	140
NC_045512.5557	149
NC_045512.5558	149
NC_045512.5559	146
NC_045512.5560	149
NC_045512.5561	150
NC_045512.5562	150
NC_045512.5563	150
NC_045512.5564	150
NC_045512.5565	149
NC_045512.5566	149
NC_045512.5567	150
NC_045512.5568	150
NC_045512.5569	149
NC_045512.5570	150
NC_045512.5571	150
NC_045512.5572	150
NC_045512.5573	149
NC_045512.5574	150
NC_045512.5575	150
NC_045512.5576	150
NC_045512.5577	148
NC_045512.5578	148
NC_045512.5579	148
NC_045512.5580	149
NC_045512.5581	150
NC_045512.5582	150
NC_045512.5583	146
NC_045512.5584	145
NC_045512.5585	144
NC_045512.5586	143
NC_045512.5587	149
NC_045512.5588	150
NC_045512.5589	149
NC_045512.5590	148
NC_045512.5591	148
NC_045512.5592	149
NC_045512.5593	150
NC_045512.5594	150
NC_045512.5595	145
NC_045512.5596	150
NC_045512.5597	150
NC_045512.5598	149
NC_045512.5599	148
NC_045512.5600	149
NC_045512.5601	150
NC_045512.5602	149
NC_045512.5603	150
NC_045512.5604	150
NC_045512.5605	148
NC_045512.5606	148
NC_045512.5607	149
NC_045512.5608	150
NC_045512.5609	149
NC_045512.5610	150
NC_045512.5611	150
NC_045512.5612	149
NC_045512.5613	150
NC_045512.5614	150
NC_045512.5615	150
NC_045512.5616	150
NC_045512.5617	149
NC_045512.5618	147
NC_045512.5619	149
NC_045512.5620	150
NC_045512.5621	148
NC_045512.5622	141
NC_045512.5623	150
NC_045512.5624	143
NC_045512.5625	145
NC_045512.5626	146
NC_045512.5627	144
NC_045512.5628	144
NC_045512.5629	143
NC_045512.5630	149
NC_045512.5631	140
NC_045512.5632	150
NC_045512.5633	150
NC_045512.5634	150
NC_045512.5635	149
NC_045512.5636	148
NC_045512.5637	147
NC_045512.5638	140
NC_045512.5639	148
NC_045512.5640	142
NC_045512.5641	143
NC_045512.5642	144
NC_045512.5643	146
NC_045512.5644	146
NC_045512.5645	149
NC_045512.5646	148
NC_045512.5647	149
NC_045512.5648	148
NC_045512.5649	149
NC_045512.5650	145
NC_045512.5651	146
NC_045512.5652	147
NC_045512.5653	150
NC_045512.5654	149
NC_045512.5655	149
NC_045512.5656	150
NC_045512.5657	139
NC_045512.5658	140
NC_045512.5659	141
NC_045512.5660	142
NC_045512.5661	143
NC_045512.5662	144
NC_045512.5663	145
NC_045512.5664	146
NC_045512.5665	147
NC_045512.5666	148
NC_045512.5667	150
NC_045512.5668	149
NC_045512.5669	150
NC_045512.5670	150
NC_045512.5671	150
NC_045512.5672	149
NC_045512.5673	150
NC_045512.5674	148
NC_045512.5675	148
NC_045512.5676	147
NC_045512.5677	146
NC_045512.5678	145
NC_045512.5679	150
NC_045512.5680	150
NC_045512.5681	148
NC_045512.5682	150
NC_045512.5683	149
NC_045512.5684	145
NC_045512.5685	147
NC_045512.5686	143
NC_045512.5687	145
NC_045512.5688	144
NC_045512.5689	143
NC_045512.5690	142
NC_045512.5691	141
NC_045512.5692	140
NC_045512.5693	139
NC_045512.5694	138
NC_045512.5695	137
NC_045512.5696	136
NC_045512.5697	135
NC_045512.5698	134
NC_045512.5699	149
NC_045512.5700	132
NC_045512.5701	149
NC_045512.5702	148
NC_045512.5703	129
NC_045512.5704	128
NC_045512.5705	149
NC_045512.5706	150
NC_045512.5707	145
NC_045512.5708	149
NC_045512.5709	148
NC_045512.5710	150
NC_045512.5711	150
NC_045512.5712	149
NC_045512.5713	148
NC_045512.5714	150
NC_045512.5715	150
NC_045512.5716	149
NC_045512.5717	150
NC_045512.5718	150
NC_045512.5719	149
NC_045512.5720	148
NC_045512.5721	147
NC_045512.5722	146
NC_045512.5723	145
NC_045512.5724	150
NC_045512.5725	145
NC_045512.5726	146
NC_045512.5727	147
NC_045512.5728	150
NC_045512.5729	149
NC_045512.5730	148
NC_045512.5731	147
NC_045512.5732	146
NC_045512.5733	149
NC_045512.5734	150
NC_045512.5735	145
NC_045512.5736	150
NC_045512.5737	150
NC_045512.5738	149
NC_045512.5739	150
NC_045512.5740	149
NC_045512.5741	150
NC_045512.5742	150
NC_045512.5743	150
NC_045512.5744	150
NC_045512.5745	150
NC_045512.5746	149
NC_045512.5747	147
NC_045512.5748	148
NC_045512.5749	146
NC_045512.5750	149
NC_045512.5751	143
NC_045512.5752	144
NC_045512.5753	145
NC_045512.5754	146
NC_045512.5755	147
NC_045512.5756	148
NC_045512.5757	149
NC_045512.5758	150
NC_045512.5759	150
NC_045512.5760	149
NC_045512.5761	150
NC_045512.5762	150
NC_045512.5763	150
NC_045512.5764	150
NC_045512.5765	149
NC_045512.5766	150
NC_045512.5767	141
NC_045512.5768	150
NC_045512.5769	150
NC_045512.5770	144
NC_045512.5771	145
NC_045512.5772	146
NC_045512.5773	149
NC_045512.5774	146
NC_045512.5775	147
NC_045512.5776	148
NC_045512.5777	149
NC_045512.5778	150
NC_045512.5779	150
NC_045512.5780	150
NC_045512.5781	149
NC_045512.5782	149
NC_045512.5783	150
NC_045512.5784	149
NC_045512.5785	150
NC_045512.5786	149
NC_045512.5787	150
NC_045512.5788	150
NC_045512.5789	150
NC_045512.5790	150
NC_045512.5791	150
NC_045512.5792	150
NC_045512.5793	149
NC_045512.5794	150
NC_045512.5795	149
NC_045512.5796	149
NC_045512.5797	149
NC_045512.5798	148
NC_045512.5799	145
NC_045512.5800	149
NC_045512.5801	150
NC_045512.5802	149
NC_045512.5803	150
NC_045512.5804	148
NC_045512.5805	149
NC_045512.5806	145
NC_045512.5807	150
NC_045512.5808	149
NC_045512.5809	149
NC_045512.5810	149
NC_045512.5811	149
NC_045512.5812	150
NC_045512.5813	149
NC_045512.5814	149
NC_045512.5815	147
NC_045512.5816	148
NC_045512.5817	128
NC_045512.5818	129
NC_045512.5819	130
NC_045512.5820	131
NC_045512.5821	132
NC_045512.5822	133
NC_045512.5823	134
NC_045512.5824	135
NC_045512.5825	136
NC_045512.5826	137
NC_045512.5827	138
NC_045512.5828	134
NC_045512.5829	140
NC_045512.5830	141
NC_045512.5831	134
NC_045512.5832	143
NC_045512.5833	134
NC_045512.5834	145
NC_045512.5835	146
NC_045512.5836	147
NC_045512.5837	148
NC_045512.5838	147
NC_045512.5839	146
NC_045512.5840	145
NC_045512.5841	144
NC_045512.5842	149
NC_045512.5843	150
NC_045512.5844	141
NC_045512.5845	148
NC_045512.5846	147
NC_045512.5847	138
NC_045512.5848	137
NC_045512.5849	136
NC_045512.5850	135
NC_045512.5851	150
NC_045512.5852	149
NC_045512.5853	149
NC_045512.5854	149
NC_045512.5855	148
NC_045512.5856	146
NC_045512.5857	148
NC_045512.5858	147
NC_045512.5859	149
NC_045512.5860	141
NC_045512.5861	142
NC_045512.5862	148
NC_045512.5863	144
NC_045512.5864	145
NC_045512.5865	146
NC_045512.5866	146
NC_045512.5867	147
NC_045512.5868	148
NC_045512.5869	150
NC_045512.5870	149
NC_045512.5871	150
NC_045512.5872	150
NC_045512.5873	150
NC_045512.5874	150
NC_045512.5875	150
NC_045512.5876	145
NC_045512.5877	146
NC_045512.5878	146
NC_045512.5879	148
NC_045512.5880	149
NC_045512.5881	150
NC_045512.5882	150
NC_045512.5883	150
NC_045512.5884	150
NC_045512.5885	150
NC_045512.5886	150
NC_045512.5887	150
NC_045512.5888	150
NC_045512.5889	149
NC_045512.5890	150
NC_045512.5891	147
NC_045512.5892	150
NC_045512.5893	150
NC_045512.5894	145
NC_045512.5895	150
NC_045512.5896	150
NC_045512.5897	150
NC_045512.5898	150
NC_045512.5899	149
NC_045512.5900	149
NC_045512.5901	149
NC_045512.5902	148
NC_045512.5903	147
NC_045512.5904	150
NC_045512.5905	147
NC_045512.5906	148
NC_045512.5907	149
NC_045512.5908	146
NC_045512.5909	147
NC_045512.5910	149
NC_045512.5911	146
NC_045512.5912	142
NC_045512.5913	149
NC_045512.5914	150
NC_045512.5915	150
NC_045512.5916	150
NC_045512.5917	149
NC_045512.5918	148
NC_045512.5919	147
NC_045512.5920	146
NC_045512.5921	145
NC_045512.5922	144
NC_045512.5923	150
NC_045512.5924	149
NC_045512.5925	150
NC_045512.5926	150
NC_045512.5927	149
NC_045512.5928	149
NC_045512.5929	150
NC_045512.5930	150
NC_045512.5931	150
NC_045512.5932	149
NC_045512.5933	150
NC_045512.5934	149
NC_045512.5935	150
NC_045512.5936	149
NC_045512.5937	150
NC_045512.5938	149
NC_045512.5939	148
NC_045512.5940	150
NC_045512.5941	150
NC_045512.5942	150
NC_045512.5943	150
NC_045512.5944	149
NC_045512.5945	150
NC_045512.5946	150
NC_045512.5947	150
NC_045512.5948	149
NC_045512.5949	150
NC_045512.5950	149
NC_045512.5951	150
NC_045512.5952	149
NC_045512.5953	150
NC_045512.5954	148
NC_045512.5955	150
NC_045512.5956	150
NC_045512.5957	150
NC_045512.5958	148
NC_045512.5959	149
NC_045512.5960	147
NC_045512.5961	149
NC_045512.5962	149
NC_045512.5963	150
NC_045512.5964	149
NC_045512.5965	148
NC_045512.5966	150
NC_045512.5967	150
NC_045512.5968	140
NC_045512.5969	141
NC_045512.5970	142
NC_045512.5971	143
NC_045512.5972	144
NC_045512.5973	145
NC_045512.5974	146
NC_045512.5975	129
NC_045512.5976	130
NC_045512.5977	131
NC_045512.5978	132
NC_045512.5979	133
NC_045512.5980	134
NC_045512.5981	135
NC_045512.5982	136
NC_045512.5983	137
NC_045512.5984	138
NC_045512.5985	139
NC_045512.5986	140
NC_045512.5987	141
NC_045512.5988	142
NC_045512.5989	143
NC_045512.5990	144
NC_045512.5991	145
NC_045512.5992	146
NC_045512.5993	147
NC_045512.5994	148
NC_045512.5995	149
NC_045512.5996	150
NC_045512.5997	144
NC_045512.5998	143
NC_045512.5999	142
NC_045512.6000	141
NC_045512.6001	150
NC_045512.6002	139
NC_045512.6003	138
NC_045512.6004	148
NC_045512.6005	149
NC_045512.6006	148
NC_045512.6007	149
NC_045512.6008	150
NC_045512.6009	148
NC_045512.6010	149
NC_045512.6011	149
NC_045512.6012	149
NC_045512.6013	150
NC_045512.6014	146
NC_045512.6015	150
NC_045512.6016	149
NC_045512.6017	148
NC_045512.6018	149
NC_045512.6019	144
NC_045512.6020	145
NC_045512.6021	146
NC_045512.6022	147
NC_045512.6023	148
NC_045512.6024	150
NC_045512.6025	150
NC_045512.6026	150
NC_045512.6027	150
NC_045512.6028	149
NC_045512.6029	149
NC_045512.6030	150
NC_045512.6031	149
NC_045512.6032	150
NC_045512.6033	150
NC_045512.6034	150
NC_045512.6035	150
NC_045512.6036	146
NC_045512.6037	147
NC_045512.6038	148
NC_045512.6039	149
NC_045512.6040	150
NC_045512.6041	149
NC_045512.6042	148
NC_045512.6043	149
NC_045512.6044	150
NC_045512.6045	149
NC_045512.6046	149
NC_045512.6047	150
NC_045512.6048	147
NC_045512.6049	146
NC_045512.6050	145
NC_045512.6051	144
NC_045512.6052	143
NC_045512.6053	142
NC_045512.6054	141
NC_045512.6055	140
NC_045512.6056	139
NC_045512.6057	138
NC_045512.6058	149
NC_045512.6059	150
NC_045512.6060	149
NC_045512.6061	150
NC_045512.6062	146
NC_045512.6063	147
NC_045512.6064	148
NC_045512.6065	149
NC_045512.6066	150
NC_045512.6067	150
NC_045512.6068	150
NC_045512.6069	150
NC_045512.6070	149
NC_045512.6071	149
NC_045512.6072	150
NC_045512.6073	150
NC_045512.6074	150
NC_045512.6075	149
NC_045512.6076	148
NC_045512.6077	148
NC_045512.6078	150
NC_045512.6079	146
NC_045512.6080	150
NC_045512.6081	150
NC_045512.6082	150
NC_045512.6083	150
NC_045512.6084	150
NC_045512.6085	149
NC_045512.6086	149
NC_045512.6087	150
NC_045512.6088	149
NC_045512.6089	148
NC_045512.6090	149
NC_045512.6091	150
NC_045512.6092	149
NC_045512.6093	150
NC_045512.6094	149
NC_045512.6095	148
NC_045512.6096	149
NC_045512.6097	150
NC_045512.6098	150
NC_045512.6099	149
NC_045512.6100	149
NC_045512.6101	150
NC_045512.6102	149
NC_045512.6103	148
NC_045512.6104	148
NC_045512.6105	149
NC_045512.6106	150
NC_045512.6107	150
NC_045512.6108	150
NC_045512.6109	150
NC_045512.6110	150
NC_045512.6111	150
NC_045512.6112	149
NC_045512.6113	150
NC_045512.6114	147
NC_045512.6115	146
NC_045512.6116	145
NC_045512.6117	144
NC_045512.6118	150
NC_045512.6119	142
NC_045512.6120	141
NC_045512.6121	146
NC_045512.6122	145
NC_045512.6123	144
NC_045512.6124	150
NC_045512.6125	148
NC_045512.6126	150
NC_045512.6127	149
NC_045512.6128	150
NC_045512.6129	150
NC_045512.6130	149
NC_045512.6131	149
NC_045512.6132	148
NC_045512.6133	141
NC_045512.6134	149
NC_045512.6135	143
NC_045512.6136	144
NC_045512.6137	145
NC_045512.6138	146
NC_045512.6139	150
NC_045512.6140	148
NC_045512.6141	145
NC_045512.6142	149
NC_045512.6143	147
NC_045512.6144	148
NC_045512.6145	149
NC_045512.6146	150
NC_045512.6147	150
NC_045512.6148	149
NC_045512.6149	148
NC_045512.6150	147
NC_045512.6151	148
NC_045512.6152	149
NC_045512.6153	150
NC_045512.6154	146
NC_045512.6155	150
NC_045512.6156	150
NC_045512.6157	150
NC_045512.6158	149
NC_045512.6159	150
NC_045512.6160	150
NC_045512.6161	149
NC_045512.6162	150
NC_045512.6163	150
NC_045512.6164	150
NC_045512.6165	150
NC_045512.6166	149
NC_045512.6167	150
NC_045512.6168	149
NC_045512.6169	150
NC_045512.6170	149
NC_045512.6171	150
NC_045512.6172	148
NC_045512.6173	150
NC_045512.6174	150
NC_045512.6175	149
NC_045512.6176	150
NC_045512.6177	149
NC_045512.6178	148
NC_045512.6179	144
NC_045512.6180	145
NC_045512.6181	146
NC_045512.6182	147
NC_045512.6183	148
NC_045512.6184	149
NC_045512.6185	150
NC_045512.6186	147
NC_045512.6187	146
NC_045512.6188	145
NC_045512.6189	144
NC_045512.6190	143
NC_045512.6191	142
NC_045512.6192	141
NC_045512.6193	140
NC_045512.6194	134
NC_045512.6195	134
NC_045512.6196	137
NC_045512.6197	136
NC_045512.6198	135
NC_045512.6199	134
NC_045512.6200	133
NC_045512.6201	132
NC_045512.6202	131
NC_045512.6203	147
NC_045512.6204	146
NC_045512.6205	145
NC_045512.6206	150
NC_045512.6207	150
NC_045512.6208	150
NC_045512.6209	148
NC_045512.6210	147
NC_045512.6211	146
NC_045512.6212	145
NC_045512.6213	150
NC_045512.6214	143
NC_045512.6215	142
NC_045512.6216	141
NC_045512.6217	140
NC_045512.6218	150
NC_045512.6219	149
NC_045512.6220	150
NC_045512.6221	147
NC_045512.6222	146
NC_045512.6223	147
NC_045512.6224	148
NC_045512.6225	146
NC_045512.6226	145
NC_045512.6227	144
NC_045512.6228	145
NC_045512.6229	150
NC_045512.6230	149
NC_045512.6231	148
NC_045512.6232	141
NC_045512.6233	147
NC_045512.6234	149
NC_045512.6235	150
NC_045512.6236	149
NC_045512.6237	150
NC_045512.6238	147
NC_045512.6239	145
NC_045512.6240	149
NC_045512.6241	150
NC_045512.6242	149
NC_045512.6243	150
NC_045512.6244	149
NC_045512.6245	149
NC_045512.6246	150
NC_045512.6247	147
NC_045512.6248	149
NC_045512.6249	149
NC_045512.6250	150
NC_045512.6251	150
NC_045512.6252	149
NC_045512.6253	150
NC_045512.6254	150
NC_045512.6255	150
NC_045512.6256	144
NC_045512.6257	145
NC_045512.6258	146
NC_045512.6259	147
NC_045512.6260	150
NC_045512.6261	150
NC_045512.6262	144
NC_045512.6263	150
NC_045512.6264	150
NC_045512.6265	150
NC_045512.6266	149
NC_045512.6267	148
NC_045512.6268	149
NC_045512.6269	150
NC_045512.6270	150
NC_045512.6271	150
NC_045512.6272	150
NC_045512.6273	150
NC_045512.6274	150
NC_045512.6275	150
NC_045512.6276	149
NC_045512.6277	148
NC_045512.6278	147
NC_045512.6279	150
NC_045512.6280	150
NC_045512.6281	149
NC_045512.6282	149
NC_045512.6283	149
NC_045512.6284	150
NC_045512.6285	150
NC_045512.6286	150
NC_045512.6287	149
NC_045512.6288	148
NC_045512.6289	150
NC_045512.6290	148
NC_045512.6291	149
NC_045512.6292	150
NC_045512.6293	150
NC_045512.6294	150
NC_045512.6295	150
NC_045512.6296	149
NC_045512.6297	150
NC_045512.6298	147
NC_045512.6299	146
NC_045512.6300	145
NC_045512.6301	144
NC_045512.6302	150
NC_045512.6303	150
NC_045512.6304	150
NC_045512.6305	150
NC_045512.6306	150
NC_045512.6307	149
NC_045512.6308	150
NC_045512.6309	149
NC_045512.6310	149
NC_045512.6311	146
NC_045512.6312	150
NC_045512.6313	148
NC_045512.6314	150
NC_045512.6315	149
NC_045512.6316	149
NC_045512.6317	148
NC_045512.6318	149
NC_045512.6319	147
NC_045512.6320	148
NC_045512.6321	149
NC_045512.6322	147
NC_045512.6323	146
NC_045512.6324	147
NC_045512.6325	148
NC_045512.6326	149
NC_045512.6327	150
NC_045512.6328	144
NC_045512.6329	145
NC_045512.6330	146
NC_045512.6331	147
NC_045512.6332	148
NC_045512.6333	150
NC_045512.6334	149
NC_045512.6335	150
NC_045512.6336	144
NC_045512.6337	150
NC_045512.6338	146
NC_045512.6339	147
NC_045512.6340	148
NC_045512.6341	148
NC_045512.6342	149
NC_045512.6343	150
NC_045512.6344	149
NC_045512.6345	150
NC_045512.6346	145
NC_045512.6347	150
NC_045512.6348	136
NC_045512.6349	137
NC_045512.6350	138
NC_045512.6351	139
NC_045512.6352	140
NC_045512.6353	141
NC_045512.6354	142
NC_045512.6355	143
NC_045512.6356	144
NC_045512.6357	145
NC_045512.6358	146
NC_045512.6359	147
NC_045512.6360	148
NC_045512.6361	147
NC_045512.6362	146
NC_045512.6363	145
NC_045512.6364	150
NC_045512.6365	149
NC_045512.6366	150
NC_045512.6367	150
NC_045512.6368	150
NC_045512.6369	149
NC_045512.6370	150
NC_045512.6371	149
NC_045512.6372	150
NC_045512.6373	150
NC_045512.6374	150
NC_045512.6375	150
NC_045512.6376	150
NC_045512.6377	150
NC_045512.6378	150
NC_045512.6379	150
NC_045512.6380	148
NC_045512.6381	147
NC_045512.6382	146
NC_045512.6383	145
NC_045512.6384	150
NC_045512.6385	149
NC_045512.6386	150
NC_045512.6387	149
NC_045512.6388	150
NC_045512.6389	150
NC_045512.6390	150
NC_045512.6391	149
NC_045512.6392	148
NC_045512.6393	147
NC_045512.6394	146
NC_045512.6395	145
NC_045512.6396	144
NC_045512.6397	143
NC_045512.6398	142
NC_045512.6399	141
NC_045512.6400	140
NC_045512.6401	139
NC_045512.6402	149
NC_045512.6403	148
NC_045512.6404	147
NC_045512.6405	146
NC_045512.6406	149
NC_045512.6407	149
NC_045512.6408	145
NC_045512.6409	146
NC_045512.6410	148
NC_045512.6411	144
NC_045512.6412	143
NC_045512.6413	142
NC_045512.6414	148
NC_045512.6415	150
NC_045512.6416	148
NC_045512.6417	138
NC_045512.6418	150
NC_045512.6419	149
NC_045512.6420	142
NC_045512.6421	147
NC_045512.6422	146
NC_045512.6423	149
NC_045512.6424	146
NC_045512.6425	146
NC_045512.6426	145
NC_045512.6427	146
NC_045512.6428	142
NC_045512.6429	144
NC_045512.6430	146
NC_045512.6431	135
NC_045512.6432	147
NC_045512.6433	149
NC_045512.6434	149
NC_045512.6435	139
NC_045512.6436	140
NC_045512.6437	150
NC_045512.6438	149
NC_045512.6439	149
NC_045512.6440	150
NC_045512.6441	145
NC_045512.6442	146
NC_045512.6443	147
NC_045512.6444	150
NC_045512.6445	150
NC_045512.6446	150
NC_045512.6447	150
NC_045512.6448	150
NC_045512.6449	149
NC_045512.6450	150
NC_045512.6451	149
NC_045512.6452	148
NC_045512.6453	147
NC_045512.6454	147
NC_045512.6455	148
NC_045512.6456	149
NC_045512.6457	150
NC_045512.6458	149
NC_045512.6459	149
NC_045512.6460	150
NC_045512.6461	149
NC_045512.6462	150
NC_045512.6463	150
NC_045512.6464	150
NC_045512.6465	149
NC_045512.6466	148
NC_045512.6467	149
NC_045512.6468	150
NC_045512.6469	149
NC_045512.6470	150
NC_045512.6471	150
NC_045512.6472	150
NC_045512.6473	149
NC_045512.6474	149
NC_045512.6475	150
NC_045512.6476	149
NC_045512.6477	150
NC_045512.6478	141
NC_045512.6479	150
NC_045512.6480	149
NC_045512.6481	149
NC_045512.6482	148
NC_045512.6483	150
NC_045512.6484	148
NC_045512.6485	150
NC_045512.6486	149
NC_045512.6487	144
NC_045512.6488	145
NC_045512.6489	149
NC_045512.6490	145
NC_045512.6491	146
NC_045512.6492	149
NC_045512.6493	150
NC_045512.6494	149
NC_045512.6495	150
NC_045512.6496	149
NC_045512.6497	149
NC_045512.6498	148
NC_045512.6499	145
NC_045512.6500	148
NC_045512.6501	150
NC_045512.6502	139
NC_045512.6503	144
NC_045512.6504	145
NC_045512.6505	146
NC_045512.6506	148
NC_045512.6507	148
NC_045512.6508	150
NC_045512.6509	143
NC_045512.6510	147
NC_045512.6511	148
NC_045512.6512	149
NC_045512.6513	143
NC_045512.6514	148
NC_045512.6515	149
NC_045512.6516	149
NC_045512.6517	146
NC_045512.6518	145
NC_045512.6519	150
NC_045512.6520	143
NC_045512.6521	150
NC_045512.6522	141
NC_045512.6523	140
NC_045512.6524	145
NC_045512.6525	149
NC_045512.6526	147
NC_045512.6527	148
NC_045512.6528	150
NC_045512.6529	145
NC_045512.6530	150
NC_045512.6531	149
NC_045512.6532	150
NC_045512.6533	140
NC_045512.6534	141
NC_045512.6535	142
NC_045512.6536	143
NC_045512.6537	144
NC_045512.6538	145
NC_045512.6539	146
NC_045512.6540	147
NC_045512.6541	146
NC_045512.6542	150
NC_045512.6543	150
NC_045512.6544	150
NC_045512.6545	149
NC_045512.6546	148
NC_045512.6547	150
NC_045512.6548	149
NC_045512.6549	150
NC_045512.6550	144
NC_045512.6551	145
NC_045512.6552	146
NC_045512.6553	147
NC_045512.6554	148
NC_045512.6555	149
NC_045512.6556	149
NC_045512.6557	148
NC_045512.6558	147
NC_045512.6559	146
NC_045512.6560	145
NC_045512.6561	150
NC_045512.6562	149
NC_045512.6563	150
NC_045512.6564	150
NC_045512.6565	150
NC_045512.6566	149
NC_045512.6567	150
NC_045512.6568	149
NC_045512.6569	150
NC_045512.6570	147
NC_045512.6571	146
NC_045512.6572	145
NC_045512.6573	144
NC_045512.6574	143
NC_045512.6575	148
NC_045512.6576	149
NC_045512.6577	150
NC_045512.6578	149
NC_045512.6579	148
NC_045512.6580	149
NC_045512.6581	149
NC_045512.6582	150
NC_045512.6583	150
NC_045512.6584	149
NC_045512.6585	150
NC_045512.6586	150
NC_045512.6587	148
NC_045512.6588	147
NC_045512.6589	146
NC_045512.6590	150
NC_045512.6591	144
NC_045512.6592	150
NC_045512.6593	150
NC_045512.6594	149
NC_045512.6595	149
NC_045512.6596	148
NC_045512.6597	149
NC_045512.6598	148
NC_045512.6599	149
NC_045512.6600	150
NC_045512.6601	147
NC_045512.6602	149
NC_045512.6603	150
NC_045512.6604	148
NC_045512.6605	147
NC_045512.6606	149
NC_045512.6607	150
NC_045512.6608	145
NC_045512.6609	149
NC_045512.6610	150
NC_045512.6611	149
NC_045512.6612	150
NC_045512.6613	150
NC_045512.6614	149
NC_045512.6615	149
NC_045512.6616	150
NC_045512.6617	150
NC_045512.6618	150
NC_045512.6619	150
NC_045512.6620	150
NC_045512.6621	149
NC_045512.6622	150
NC_045512.6623	150
NC_045512.6624	150
NC_045512.6625	150
NC_045512.6626	150
NC_045512.6627	150
NC_045512.6628	150
NC_045512.6629	149
NC_045512.6630	150
NC_045512.6631	150
NC_045512.6632	149
NC_045512.6633	150
NC_045512.6634	150
NC_045512.6635	149
NC_045512.6636	148
NC_045512.6637	149
NC_045512.6638	149
NC_045512.6639	148
NC_045512.6640	147
NC_045512.6641	150
NC_045512.6642	145
NC_045512.6643	144
NC_045512.6644	150
NC_045512.6645	150
NC_045512.6646	149
NC_045512.6647	149
NC_045512.6648	149
NC_045512.6649	149
NC_045512.6650	148
NC_045512.6651	150
NC_045512.6652	150
NC_045512.6653	148
NC_045512.6654	147
NC_045512.6655	146
NC_045512.6656	145
NC_045512.6657	140
NC_045512.6658	141
NC_045512.6659	142
NC_045512.6660	143
NC_045512.6661	144
NC_045512.6662	134
NC_045512.6663	146
NC_045512.6664	150
NC_045512.6665	147
NC_045512.6666	148
NC_045512.6667	149
NC_045512.6668	150
NC_045512.6669	146
NC_045512.6670	145
NC_045512.6671	144
NC_045512.6672	142
NC_045512.6673	142
NC_045512.6674	141
NC_045512.6675	148
NC_045512.6676	139
NC_045512.6677	148
NC_045512.6678	149
NC_045512.6679	150
NC_045512.6680	147
NC_045512.6681	140
NC_045512.6682	145
NC_045512.6683	144
NC_045512.6684	143
NC_045512.6685	142
NC_045512.6686	141
NC_045512.6687	147
NC_045512.6688	139
NC_045512.6689	148
NC_045512.6690	150
NC_045512.6691	150
NC_045512.6692	148
NC_045512.6693	148
NC_045512.6694	150
NC_045512.6695	149
NC_045512.6696	140
NC_045512.6697	147
NC_045512.6698	149
NC_045512.6699	150
NC_045512.6700	150
NC_045512.6701	145
NC_045512.6702	146
NC_045512.6703	147
NC_045512.6704	148
NC_045512.6705	149
NC_045512.6706	150
NC_045512.6707	149
NC_045512.6708	149
NC_045512.6709	150
NC_045512.6710	150
NC_045512.6711	150
NC_045512.6712	144
NC_045512.6713	145
NC_045512.6714	146
NC_045512.6715	150
NC_045512.6716	149
NC_045512.6717	148
NC_045512.6718	147
NC_045512.6719	147
NC_045512.6720	148
NC_045512.6721	149
NC_045512.6722	150
NC_045512.6723	150
NC_045512.6724	149
NC_045512.6725	150
NC_045512.6726	149
NC_045512.6727	148
NC_045512.6728	148
NC_045512.6729	149
NC_045512.6730	150
NC_045512.6731	149
NC_045512.6732	148
NC_045512.6733	147
NC_045512.6734	146
NC_045512.6735	145
NC_045512.6736	144
NC_045512.6737	143
NC_045512.6738	148
NC_045512.6739	149
NC_045512.6740	150
NC_045512.6741	150
NC_045512.6742	149
NC_045512.6743	149
NC_045512.6744	150
NC_045512.6745	149
NC_045512.6746	149
NC_045512.6747	150
NC_045512.6748	149
NC_045512.6749	148
NC_045512.6750	149
NC_045512.6751	150
NC_045512.6752	150
NC_045512.6753	149
NC_045512.6754	150
NC_045512.6755	149
NC_045512.6756	150
NC_045512.6757	149
NC_045512.6758	144
NC_045512.6759	146
NC_045512.6760	147
NC_045512.6761	148
NC_045512.6762	149
NC_045512.6763	150
NC_045512.6764	150
NC_045512.6765	149
NC_045512.6766	150
NC_045512.6767	148
NC_045512.6768	147
NC_045512.6769	146
NC_045512.6770	145
NC_045512.6771	150
NC_045512.6772	150
NC_045512.6773	150
NC_045512.6774	149
NC_045512.6775	149
NC_045512.6776	150
NC_045512.6777	149
NC_045512.6778	148
NC_045512.6779	148
NC_045512.6780	146
NC_045512.6781	150
NC_045512.6782	149
NC_045512.6783	148
NC_045512.6784	147
NC_045512.6785	146
NC_045512.6786	145
NC_045512.6787	144
NC_045512.6788	143
NC_045512.6789	142
NC_045512.6790	138
NC_045512.6791	139
NC_045512.6792	140
NC_045512.6793	141
NC_045512.6794	142
NC_045512.6795	143
NC_045512.6796	144
NC_045512.6797	145
NC_045512.6798	146
NC_045512.6799	147
NC_045512.6800	148
NC_045512.6801	150
NC_045512.6802	149
NC_045512.6803	148
NC_045512.6804	147
NC_045512.6805	146
NC_045512.6806	136
NC_045512.6807	137
NC_045512.6808	138
NC_045512.6809	139
NC_045512.6810	140
NC_045512.6811	141
NC_045512.6812	142
NC_045512.6813	143
NC_045512.6814	144
NC_045512.6815	145
NC_045512.6816	146
NC_045512.6817	147
NC_045512.6818	148
NC_045512.6819	149
NC_045512.6820	150
NC_045512.6821	149
NC_045512.6822	148
NC_045512.6823	147
NC_045512.6824	146
NC_045512.6825	147
NC_045512.6826	150
NC_045512.6827	149
NC_045512.6828	148
NC_045512.6829	148
NC_045512.6830	149
NC_045512.6831	150
NC_045512.6832	150
NC_045512.6833	149
NC_045512.6834	149
NC_045512.6835	150
NC_045512.6836	149
NC_045512.6837	149
NC_045512.6838	150
NC_045512.6839	149
NC_045512.6840	148
NC_045512.6841	149
NC_045512.6842	150
NC_045512.6843	149
NC_045512.6844	148
NC_045512.6845	149
NC_045512.6846	150
NC_045512.6847	150
NC_045512.6848	150
NC_045512.6849	150
NC_045512.6850	149
NC_045512.6851	149
NC_045512.6852	150
NC_045512.6853	150
NC_045512.6854	149
NC_045512.6855	150
NC_045512.6856	149
NC_045512.6857	149
NC_045512.6858	150
NC_045512.6859	150
NC_045512.6860	149
NC_045512.6861	148
NC_045512.6862	149
NC_045512.6863	150
NC_045512.6864	150
NC_045512.6865	149
NC_045512.6866	150
NC_045512.6867	149
NC_045512.6868	149
NC_045512.6869	150
NC_045512.6870	149
NC_045512.6871	149
NC_045512.6872	150
NC_045512.6873	150
NC_045512.6874	150
NC_045512.6875	149
NC_045512.6876	143
NC_045512.6877	144
NC_045512.6878	145
NC_045512.6879	146
NC_045512.6880	150
NC_045512.6881	148
NC_045512.6882	149
NC_045512.6883	150
NC_045512.6884	150
NC_045512.6885	149
NC_045512.6886	150
NC_045512.6887	150
NC_045512.6888	150
NC_045512.6889	149
NC_045512.6890	150
NC_045512.6891	149
NC_045512.6892	150
NC_045512.6893	149
NC_045512.6894	150
NC_045512.6895	150
NC_045512.6896	149
NC_045512.6897	148
NC_045512.6898	147
NC_045512.6899	148
NC_045512.6900	149
NC_045512.6901	150
NC_045512.6902	149
NC_045512.6903	148
NC_045512.6904	149
NC_045512.6905	150
NC_045512.6906	149
NC_045512.6907	150
NC_045512.6908	150
NC_045512.6909	150
NC_045512.6910	150
NC_045512.6911	150
NC_045512.6912	150
NC_045512.6913	147
NC_045512.6914	150
NC_045512.6915	150
NC_045512.6916	149
NC_045512.6917	149
NC_045512.6918	150
NC_045512.6919	149
NC_045512.6920	148
NC_045512.6921	147
NC_045512.6922	147
NC_045512.6923	148
NC_045512.6924	149
NC_045512.6925	150
NC_045512.6926	150
NC_045512.6927	149
NC_045512.6928	150
NC_045512.6929	150
NC_045512.6930	149
NC_045512.6931	150
NC_045512.6932	149
NC_045512.6933	148
NC_045512.6934	143
NC_045512.6935	144
NC_045512.6936	145
NC_045512.6937	146
NC_045512.6938	147
NC_045512.6939	150
NC_045512.6940	149
NC_045512.6941	150
NC_045512.6942	149
NC_045512.6943	149
NC_045512.6944	150
NC_045512.6945	150
NC_045512.6946	149
NC_045512.6947	148
NC_045512.6948	149
NC_045512.6949	150
NC_045512.6950	149
NC_045512.6951	150
NC_045512.6952	150
NC_045512.6953	149
NC_045512.6954	150
NC_045512.6955	150
NC_045512.6956	150
NC_045512.6957	150
NC_045512.6958	150
NC_045512.6959	150
NC_045512.6960	147
NC_045512.6961	146
NC_045512.6962	145
NC_045512.6963	150
NC_045512.6964	150
NC_045512.6965	149
NC_045512.6966	148
NC_045512.6967	149
NC_045512.6968	150
NC_045512.6969	150
NC_045512.6970	150
NC_045512.6971	149
NC_045512.6972	148
NC_045512.6973	148
NC_045512.6974	148
NC_045512.6975	150
NC_045512.6976	150
NC_045512.6977	150
NC_045512.6978	149
NC_045512.6979	150
NC_045512.6980	150
NC_045512.6981	149
NC_045512.6982	149
NC_045512.6983	149
NC_045512.6984	150
NC_045512.6985	150
NC_045512.6986	149
NC_045512.6987	150
NC_045512.6988	149
NC_045512.6989	150
NC_045512.6990	147
NC_045512.6991	146
NC_045512.6992	145
NC_045512.6993	144
NC_045512.6994	149
NC_045512.6995	150
NC_045512.6996	150
NC_045512.6997	150
NC_045512.6998	150
NC_045512.6999	150
NC_045512.7000	149
NC_045512.7001	150
NC_045512.7002	149
NC_045512.7003	150
NC_045512.7004	150
NC_045512.7005	150
NC_045512.7006	149
NC_045512.7007	149
NC_045512.7008	150
NC_045512.7009	150
NC_045512.7010	150
NC_045512.7011	146
NC_045512.7012	147
NC_045512.7013	148
NC_045512.7014	149
NC_045512.7015	150
NC_045512.7016	147
NC_045512.7017	146
NC_045512.7018	145
NC_045512.7019	150
NC_045512.7020	143
NC_045512.7021	142
NC_045512.7022	141
NC_045512.7023	140
NC_045512.7024	150
NC_045512.7025	149
NC_045512.7026	150
NC_045512.7027	149
NC_045512.7028	148
NC_045512.7029	147
NC_045512.7030	147
NC_045512.7031	149
NC_045512.7032	150
NC_045512.7033	150
NC_045512.7034	149
NC_045512.7035	150
NC_045512.7036	149
NC_045512.7037	150
NC_045512.7038	149
NC_045512.7039	150
NC_045512.7040	150
NC_045512.7041	150
NC_045512.7042	150
NC_045512.7043	149
NC_045512.7044	150
NC_045512.7045	150
NC_045512.7046	148
NC_045512.7047	147
NC_045512.7048	147
NC_045512.7049	150
NC_045512.7050	150
NC_045512.7051	146
NC_045512.7052	147
NC_045512.7053	148
NC_045512.7054	149
NC_045512.7055	150
NC_045512.7056	149
NC_045512.7057	148
NC_045512.7058	147
NC_045512.7059	146
NC_045512.7060	145
NC_045512.7061	144
NC_045512.7062	150
NC_045512.7063	150
NC_045512.7064	150
NC_045512.7065	150
NC_045512.7066	150
NC_045512.7067	150
NC_045512.7068	149
NC_045512.7069	150
NC_045512.7070	150
NC_045512.7071	150
NC_045512.7072	149
NC_045512.7073	150
NC_045512.7074	149
NC_045512.7075	150
NC_045512.7076	149
NC_045512.7077	148
NC_045512.7078	147
NC_045512.7079	149
NC_045512.7080	150
NC_045512.7081	150
NC_045512.7082	147
NC_045512.7083	148
NC_045512.7084	149
NC_045512.7085	150
NC_045512.7086	150
NC_045512.7087	150
NC_045512.7088	150
NC_045512.7089	150
NC_045512.7090	150
NC_045512.7091	150
NC_045512.7092	149
NC_045512.7093	150
NC_045512.7094	150
NC_045512.7095	149
NC_045512.7096	150
NC_045512.7097	150
NC_045512.7098	149
NC_045512.7099	150
NC_045512.7100	148
NC_045512.7101	149
NC_045512.7102	150
NC_045512.7103	145
NC_045512.7104	146
NC_045512.7105	147
NC_045512.7106	148
NC_045512.7107	149
NC_045512.7108	150
NC_045512.7109	150
NC_045512.7110	149
NC_045512.7111	150
NC_045512.7112	149
NC_045512.7113	150
NC_045512.7114	150
NC_045512.7115	150
NC_045512.7116	149
NC_045512.7117	148
NC_045512.7118	149
NC_045512.7119	150
NC_045512.7120	146
NC_045512.7121	150
NC_045512.7122	150
NC_045512.7123	149
NC_045512.7124	150
NC_045512.7125	150
NC_045512.7126	150
NC_045512.7127	150
NC_045512.7128	147
NC_045512.7129	146
NC_045512.7130	145
NC_045512.7131	144
NC_045512.7132	150
NC_045512.7133	149
NC_045512.7134	148
NC_045512.7135	147
NC_045512.7136	146
NC_045512.7137	145
NC_045512.7138	144
NC_045512.7139	143
NC_045512.7140	142
NC_045512.7141	146
NC_045512.7142	145
NC_045512.7143	150
NC_045512.7144	149
NC_045512.7145	142
NC_045512.7146	150
NC_045512.7147	149
NC_045512.7148	139
NC_045512.7149	144
NC_045512.7150	149
NC_045512.7151	148
NC_045512.7152	147
NC_045512.7153	146
NC_045512.7154	149
NC_045512.7155	137
NC_045512.7156	149
NC_045512.7157	139
NC_045512.7158	140
NC_045512.7159	141
NC_045512.7160	142
NC_045512.7161	143
NC_045512.7162	144
NC_045512.7163	145
NC_045512.7164	146
NC_045512.7165	147
NC_045512.7166	148
NC_045512.7167	149
NC_045512.7168	150
NC_045512.7169	149
NC_045512.7170	148
NC_045512.7171	147
NC_045512.7172	146
NC_045512.7173	145
NC_045512.7174	144
NC_045512.7175	143
NC_045512.7176	143
NC_045512.7177	144
NC_045512.7178	145
NC_045512.7179	146
NC_045512.7180	147
NC_045512.7181	148
NC_045512.7182	149
NC_045512.7183	150
NC_045512.7184	149
NC_045512.7185	149
NC_045512.7186	150
NC_045512.7187	149
NC_045512.7188	150
NC_045512.7189	149
NC_045512.7190	150
NC_045512.7191	149
NC_045512.7192	150
NC_045512.7193	150
NC_045512.7194	150
NC_045512.7195	149
NC_045512.7196	150
NC_045512.7197	149
NC_045512.7198	148
NC_045512.7199	147
NC_045512.7200	148
NC_045512.7201	149
NC_045512.7202	150
NC_045512.7203	149
NC_045512.7204	149
NC_045512.7205	150
NC_045512.7206	149
NC_045512.7207	148
NC_045512.7208	149
NC_045512.7209	150
NC_045512.7210	150
NC_045512.7211	150
NC_045512.7212	149
NC_045512.7213	150
NC_045512.7214	150
NC_045512.7215	149
NC_045512.7216	148
NC_045512.7217	147
NC_045512.7218	148
NC_045512.7219	149
NC_045512.7220	150
NC_045512.7221	149
NC_045512.7222	148
NC_045512.7223	148
NC_045512.7224	149
NC_045512.7225	150
NC_045512.7226	149
NC_045512.7227	150
NC_045512.7228	150
NC_045512.7229	149
NC_045512.7230	150
NC_045512.7231	149
NC_045512.7232	150
NC_045512.7233	149
NC_045512.7234	148
NC_045512.7235	149
NC_045512.7236	150
NC_045512.7237	150
NC_045512.7238	149
NC_045512.7239	150
NC_045512.7240	150
NC_045512.7241	150
NC_045512.7242	150
NC_045512.7243	150
NC_045512.7244	148
NC_045512.7245	148
NC_045512.7246	147
NC_045512.7247	146
NC_045512.7248	144
NC_045512.7249	144
NC_045512.7250	149
NC_045512.7251	149
NC_045512.7252	150
NC_045512.7253	150
NC_045512.7254	148
NC_045512.7255	149
NC_045512.7256	150
NC_045512.7257	149
NC_045512.7258	150
NC_045512.7259	149
NC_045512.7260	143
NC_045512.7261	149
NC_045512.7262	145
NC_045512.7263	148
NC_045512.7264	147
NC_045512.7265	148
NC_045512.7266	140
NC_045512.7267	150
NC_045512.7268	142
NC_045512.7269	143
NC_045512.7270	138
NC_045512.7271	145
NC_045512.7272	146
NC_045512.7273	145
NC_045512.7274	148
NC_045512.7275	150
NC_045512.7276	150
NC_045512.7277	149
NC_045512.7278	148
NC_045512.7279	147
NC_045512.7280	149
NC_045512.7281	143
NC_045512.7282	150
NC_045512.7283	145
NC_045512.7284	146
NC_045512.7285	149
NC_045512.7286	146
NC_045512.7287	145
NC_045512.7288	149
NC_045512.7289	149
NC_045512.7290	145
NC_045512.7291	148
NC_045512.7292	147
NC_045512.7293	150
NC_045512.7294	149
NC_045512.7295	150
NC_045512.7296	148
NC_045512.7297	149
NC_045512.7298	150
NC_045512.7299	149
NC_045512.7300	150
NC_045512.7301	149
NC_045512.7302	150
NC_045512.7303	149
NC_045512.7304	150
NC_045512.7305	150
NC_045512.7306	149
NC_045512.7307	150
NC_045512.7308	150
NC_045512.7309	150
NC_045512.7310	150
NC_045512.7311	150
NC_045512.7312	149
NC_045512.7313	148
NC_045512.7314	149
NC_045512.7315	150
NC_045512.7316	150
NC_045512.7317	150
NC_045512.7318	149
NC_045512.7319	150
NC_045512.7320	150
NC_045512.7321	149
NC_045512.7322	148
NC_045512.7323	149
NC_045512.7324	150
NC_045512.7325	150
NC_045512.7326	150
NC_045512.7327	149
NC_045512.7328	149
NC_045512.7329	150
NC_045512.7330	148
NC_045512.7331	147
NC_045512.7332	146
NC_045512.7333	150
NC_045512.7334	150
NC_045512.7335	150
NC_045512.7336	150
NC_045512.7337	149
NC_045512.7338	149
NC_045512.7339	150
NC_045512.7340	149
NC_045512.7341	150
NC_045512.7342	150
NC_045512.7343	150
NC_045512.7344	150
NC_045512.7345	150
NC_045512.7346	150
NC_045512.7347	149
NC_045512.7348	149
NC_045512.7349	150
NC_045512.7350	149
NC_045512.7351	149
NC_045512.7352	148
NC_045512.7353	149
NC_045512.7354	150
NC_045512.7355	149
NC_045512.7356	150
NC_045512.7357	147
NC_045512.7358	148
NC_045512.7359	143
NC_045512.7360	149
NC_045512.7361	150
NC_045512.7362	150
NC_045512.7363	142
NC_045512.7364	141
NC_045512.7365	144
NC_045512.7366	148
NC_045512.7367	148
NC_045512.7368	150
NC_045512.7369	144
NC_045512.7370	149
NC_045512.7371	150
NC_045512.7372	149
NC_045512.7373	147
NC_045512.7374	149
NC_045512.7375	150
NC_045512.7376	147
NC_045512.7377	149
NC_045512.7378	149
NC_045512.7379	150
NC_045512.7380	145
NC_045512.7381	146
NC_045512.7382	145
NC_045512.7383	150
NC_045512.7384	149
NC_045512.7385	148
NC_045512.7386	149
NC_045512.7387	144
NC_045512.7388	145
NC_045512.7389	146
NC_045512.7390	150
NC_045512.7391	148
NC_045512.7392	149
NC_045512.7393	150
NC_045512.7394	150
NC_045512.7395	148
NC_045512.7396	149
NC_045512.7397	147
NC_045512.7398	146
NC_045512.7399	150
NC_045512.7400	149
NC_045512.7401	143
NC_045512.7402	142
NC_045512.7403	143
NC_045512.7404	145
NC_045512.7405	147
NC_045512.7406	148
NC_045512.7407	147
NC_045512.7408	148
NC_045512.7409	148
NC_045512.7410	150
NC_045512.7411	150
NC_045512.7412	149
NC_045512.7413	150
NC_045512.7414	150
NC_045512.7415	145
NC_045512.7416	146
NC_045512.7417	147
NC_045512.7418	148
NC_045512.7419	149
NC_045512.7420	150
NC_045512.7421	149
NC_045512.7422	148
NC_045512.7423	149
NC_045512.7424	150
NC_045512.7425	150
NC_045512.7426	150
NC_045512.7427	150
NC_045512.7428	150
NC_045512.7429	148
NC_045512.7430	148
NC_045512.7431	149
NC_045512.7432	150
NC_045512.7433	150
NC_045512.7434	150
NC_045512.7435	150
NC_045512.7436	150
NC_045512.7437	150
NC_045512.7438	150
NC_045512.7439	150
NC_045512.7440	150
NC_045512.7441	150
NC_045512.7442	149
NC_045512.7443	148
NC_045512.7444	150
NC_045512.7445	150
NC_045512.7446	150
NC_045512.7447	150
NC_045512.7448	145
NC_045512.7449	150
NC_045512.7450	149
NC_045512.7451	142
NC_045512.7452	148
NC_045512.7453	149
NC_045512.7454	150
NC_045512.7455	150
NC_045512.7456	147
NC_045512.7457	149
NC_045512.7458	149
NC_045512.7459	148
NC_045512.7460	150
NC_045512.7461	148
NC_045512.7462	150
NC_045512.7463	149
NC_045512.7464	147
NC_045512.7465	145
NC_045512.7466	148
NC_045512.7467	149
NC_045512.7468	150
NC_045512.7469	149
NC_045512.7470	150
NC_045512.7471	149
NC_045512.7472	150
NC_045512.7473	144
NC_045512.7474	145
NC_045512.7475	146
NC_045512.7476	147
NC_045512.7477	148
NC_045512.7478	150
NC_045512.7479	150
NC_045512.7480	149
NC_045512.7481	150
NC_045512.7482	149
NC_045512.7483	150
NC_045512.7484	150
NC_045512.7485	147
NC_045512.7486	146
NC_045512.7487	145
NC_045512.7488	144
NC_045512.7489	143
NC_045512.7490	149
NC_045512.7491	150
NC_045512.7492	149
NC_045512.7493	150
NC_045512.7494	149
NC_045512.7495	149
NC_045512.7496	150
NC_045512.7497	149
NC_045512.7498	150
NC_045512.7499	150
NC_045512.7500	149
NC_045512.7501	150
NC_045512.7502	149
NC_045512.7503	150
NC_045512.7504	149
NC_045512.7505	150
NC_045512.7506	149
NC_045512.7507	149
NC_045512.7508	149
NC_045512.7509	150
NC_045512.7510	149
NC_045512.7511	148
NC_045512.7512	150
NC_045512.7513	150
NC_045512.7514	150
NC_045512.7515	150
NC_045512.7516	149
NC_045512.7517	149
NC_045512.7518	150
NC_045512.7519	149
NC_045512.7520	150
NC_045512.7521	149
NC_045512.7522	150
NC_045512.7523	145
NC_045512.7524	150
NC_045512.7525	147
NC_045512.7526	148
NC_045512.7527	150
NC_045512.7528	149
NC_045512.7529	150
NC_045512.7530	150
NC_045512.7531	148
NC_045512.7532	147
NC_045512.7533	148
NC_045512.7534	149
NC_045512.7535	150
NC_045512.7536	149
NC_045512.7537	149
NC_045512.7538	150
NC_045512.7539	150
NC_045512.7540	149
NC_045512.7541	148
NC_045512.7542	147
NC_045512.7543	146
NC_045512.7544	147
NC_045512.7545	148
NC_045512.7546	149
NC_045512.7547	150
NC_045512.7548	150
NC_045512.7549	149
NC_045512.7550	148
NC_045512.7551	150
NC_045512.7552	150
NC_045512.7553	145
NC_045512.7554	150
NC_045512.7555	150
NC_045512.7556	149
NC_045512.7557	149
NC_045512.7558	150
NC_045512.7559	149
NC_045512.7560	150
NC_045512.7561	150
NC_045512.7562	149
NC_045512.7563	149
NC_045512.7564	148
NC_045512.7565	149
NC_045512.7566	149
NC_045512.7567	149
NC_045512.7568	148
NC_045512.7569	148
NC_045512.7570	150
NC_045512.7571	148
NC_045512.7572	150
NC_045512.7573	149
NC_045512.7574	148
NC_045512.7575	148
NC_045512.7576	146
NC_045512.7577	148
NC_045512.7578	145
NC_045512.7579	150
NC_045512.7580	150
NC_045512.7581	150
NC_045512.7582	150
NC_045512.7583	149
NC_045512.7584	150
NC_045512.7585	150
NC_045512.7586	150
NC_045512.7587	149
NC_045512.7588	150
NC_045512.7589	150
NC_045512.7590	146
NC_045512.7591	150
NC_045512.7592	150
NC_045512.7593	150
NC_045512.7594	150
NC_045512.7595	150
NC_045512.7596	150
NC_045512.7597	149
NC_045512.7598	150
NC_045512.7599	150
NC_045512.7600	149
NC_045512.7601	150
NC_045512.7602	149
NC_045512.7603	150
NC_045512.7604	150
NC_045512.7605	149
NC_045512.7606	150
NC_045512.7607	150
NC_045512.7608	149
NC_045512.7609	150
NC_045512.7610	149
NC_045512.7611	150
NC_045512.7612	149
NC_045512.7613	150
NC_045512.7614	150
NC_045512.7615	150
NC_045512.7616	147
NC_045512.7617	146
NC_045512.7618	145
NC_045512.7619	150
NC_045512.7620	150
NC_045512.7621	150
NC_045512.7622	150
NC_045512.7623	150
NC_045512.7624	149
NC_045512.7625	148
NC_045512.7626	143
NC_045512.7627	144
NC_045512.7628	145
NC_045512.7629	146
NC_045512.7630	150
NC_045512.7631	150
NC_045512.7632	149
NC_045512.7633	149
NC_045512.7634	150
NC_045512.7635	149
NC_045512.7636	148
NC_045512.7637	143
NC_045512.7638	144
NC_045512.7639	145
NC_045512.7640	146
NC_045512.7641	147
NC_045512.7642	148
NC_045512.7643	149
NC_045512.7644	150
NC_045512.7645	149
NC_045512.7646	148
NC_045512.7647	147
NC_045512.7648	148
NC_045512.7649	149
NC_045512.7650	150
NC_045512.7651	150
NC_045512.7652	150
NC_045512.7653	150
NC_045512.7654	149
NC_045512.7655	150
NC_045512.7656	149
NC_045512.7657	150
NC_045512.7658	150
NC_045512.7659	150
NC_045512.7660	149
NC_045512.7661	150
NC_045512.7662	150
NC_045512.7663	150
NC_045512.7664	149
NC_045512.7665	150
NC_045512.7666	150
NC_045512.7667	150
NC_045512.7668	150
NC_045512.7669	150
NC_045512.7670	150
NC_045512.7671	148
NC_045512.7672	150
NC_045512.7673	149
NC_045512.7674	150
NC_045512.7675	150
NC_045512.7676	150
NC_045512.7677	149
NC_045512.7678	149
NC_045512.7679	150
NC_045512.7680	150
NC_045512.7681	149
NC_045512.7682	150
NC_045512.7683	148
NC_045512.7684	149
NC_045512.7685	150
NC_045512.7686	150
NC_045512.7687	150
NC_045512.7688	149
NC_045512.7689	149
NC_045512.7690	150
NC_045512.7691	148
NC_045512.7692	147
NC_045512.7693	146
NC_045512.7694	145
NC_045512.7695	146
NC_045512.7696	150
NC_045512.7697	148
NC_045512.7698	149
NC_045512.7699	150
NC_045512.7700	150
NC_045512.7701	149
NC_045512.7702	148
NC_045512.7703	147
NC_045512.7704	146
NC_045512.7705	145
NC_045512.7706	150
NC_045512.7707	150
NC_045512.7708	149
NC_045512.7709	150
NC_045512.7710	150
NC_045512.7711	150
NC_045512.7712	150
NC_045512.7713	149
NC_045512.7714	149
NC_045512.7715	150
NC_045512.7716	150
NC_045512.7717	148
NC_045512.7718	148
NC_045512.7719	149
NC_045512.7720	147
NC_045512.7721	148
NC_045512.7722	149
NC_045512.7723	147
NC_045512.7724	149
NC_045512.7725	145
NC_045512.7726	148
NC_045512.7727	149
NC_045512.7728	150
NC_045512.7729	146
NC_045512.7730	147
NC_045512.7731	150
NC_045512.7732	149
NC_045512.7733	150
NC_045512.7734	150
NC_045512.7735	148
NC_045512.7736	149
NC_045512.7737	150
NC_045512.7738	149
NC_045512.7739	148
NC_045512.7740	147
NC_045512.7741	148
NC_045512.7742	149
NC_045512.7743	150
NC_045512.7744	150
NC_045512.7745	150
NC_045512.7746	149
NC_045512.7747	149
NC_045512.7748	150
NC_045512.7749	149
NC_045512.7750	150
NC_045512.7751	150
NC_045512.7752	150
NC_045512.7753	149
NC_045512.7754	149
NC_045512.7755	150
NC_045512.7756	150
NC_045512.7757	150
NC_045512.7758	150
NC_045512.7759	145
NC_045512.7760	146
NC_045512.7761	147
NC_045512.7762	150
NC_045512.7763	150
NC_045512.7764	149
NC_045512.7765	150
NC_045512.7766	150
NC_045512.7767	150
NC_045512.7768	149
NC_045512.7769	150
NC_045512.7770	150
NC_045512.7771	150
NC_045512.7772	149
NC_045512.7773	148
NC_045512.7774	149
NC_045512.7775	150
NC_045512.7776	150
NC_045512.7777	149
NC_045512.7778	150
NC_045512.7779	150
NC_045512.7780	149
NC_045512.7781	149
NC_045512.7782	150
NC_045512.7783	149
NC_045512.7784	150
NC_045512.7785	150
NC_045512.7786	150
NC_045512.7787	150
NC_045512.7788	150
NC_045512.7789	150
NC_045512.7790	150
NC_045512.7791	149
NC_045512.7792	149
NC_045512.7793	150
NC_045512.7794	150
NC_045512.7795	149
NC_045512.7796	149
NC_045512.7797	150
NC_045512.7798	149
NC_045512.7799	150
NC_045512.7800	149
NC_045512.7801	150
NC_045512.7802	149
NC_045512.7803	148
NC_045512.7804	149
NC_045512.7805	150
NC_045512.7806	149
NC_045512.7807	150
NC_045512.7808	150
NC_045512.7809	149
NC_045512.7810	148
NC_045512.7811	147
NC_045512.7812	148
NC_045512.7813	148
NC_045512.7814	149
NC_045512.7815	150
NC_045512.7816	150
NC_045512.7817	150
NC_045512.7818	150
NC_045512.7819	150
NC_045512.7820	149
NC_045512.7821	150
NC_045512.7822	150
NC_045512.7823	149
NC_045512.7824	148
NC_045512.7825	148
NC_045512.7826	149
NC_045512.7827	150
NC_045512.7828	149
NC_045512.7829	150
NC_045512.7830	149
NC_045512.7831	150
NC_045512.7832	149
NC_045512.7833	150
NC_045512.7834	144
NC_045512.7835	145
NC_045512.7836	146
NC_045512.7837	147
NC_045512.7838	150
NC_045512.7839	149
NC_045512.7840	150
NC_045512.7841	149
NC_045512.7842	149
NC_045512.7843	150
NC_045512.7844	148
NC_045512.7845	147
NC_045512.7846	141
NC_045512.7847	145
NC_045512.7848	147
NC_045512.7849	148
NC_045512.7850	150
NC_045512.7851	149
NC_045512.7852	149
NC_045512.7853	150
NC_045512.7854	150
NC_045512.7855	149
NC_045512.7856	149
NC_045512.7857	150
NC_045512.7858	150
NC_045512.7859	150
NC_045512.7860	149
NC_045512.7861	149
NC_045512.7862	150
NC_045512.7863	147
NC_045512.7864	146
NC_045512.7865	145
NC_045512.7866	144
NC_045512.7867	143
NC_045512.7868	142
NC_045512.7869	141
NC_045512.7870	140
NC_045512.7871	150
NC_045512.7872	144
NC_045512.7873	148
NC_045512.7874	149
NC_045512.7875	150
NC_045512.7876	149
NC_045512.7877	150
NC_045512.7878	150
NC_045512.7879	149
NC_045512.7880	148
NC_045512.7881	147
NC_045512.7882	148
NC_045512.7883	149
NC_045512.7884	150
NC_045512.7885	150
NC_045512.7886	150
NC_045512.7887	150
NC_045512.7888	150
NC_045512.7889	150
NC_045512.7890	149
NC_045512.7891	150
NC_045512.7892	149
NC_045512.7893	150
NC_045512.7894	149
NC_045512.7895	149
NC_045512.7896	149
NC_045512.7897	149
NC_045512.7898	150
NC_045512.7899	149
NC_045512.7900	148
NC_045512.7901	149
NC_045512.7902	150
NC_045512.7903	149
NC_045512.7904	150
NC_045512.7905	149
NC_045512.7906	148
NC_045512.7907	148
NC_045512.7908	149
NC_045512.7909	150
NC_045512.7910	149
NC_045512.7911	149
NC_045512.7912	150
NC_045512.7913	150
NC_045512.7914	150
NC_045512.7915	150
NC_045512.7916	149
NC_045512.7917	150
NC_045512.7918	149
NC_045512.7919	150
NC_045512.7920	149
NC_045512.7921	150
NC_045512.7922	150
NC_045512.7923	150
NC_045512.7924	150
NC_045512.7925	149
NC_045512.7926	148
NC_045512.7927	149
NC_045512.7928	150
NC_045512.7929	150
NC_045512.7930	149
NC_045512.7931	150
NC_045512.7932	150
NC_045512.7933	150
NC_045512.7934	150
NC_045512.7935	150
NC_045512.7936	150
NC_045512.7937	150
NC_045512.7938	150
NC_045512.7939	148
NC_045512.7940	149
NC_045512.7941	150
NC_045512.7942	147
NC_045512.7943	146
NC_045512.7944	145
NC_045512.7945	150
NC_045512.7946	150
NC_045512.7947	150
NC_045512.7948	149
NC_045512.7949	150
NC_045512.7950	150
NC_045512.7951	150
NC_045512.7952	150
NC_045512.7953	150
NC_045512.7954	150
NC_045512.7955	150
NC_045512.7956	150
NC_045512.7957	150
NC_045512.7958	149
NC_045512.7959	148
NC_045512.7960	150
NC_045512.7961	149
NC_045512.7962	148
NC_045512.7963	148
NC_045512.7964	149
NC_045512.7965	149
NC_045512.7966	150
NC_045512.7967	147
NC_045512.7968	141
NC_045512.7969	148
NC_045512.7970	142
NC_045512.7971	149
NC_045512.7972	144
NC_045512.7973	150
NC_045512.7974	149
NC_045512.7975	148
NC_045512.7976	147
NC_045512.7977	150
NC_045512.7978	150
NC_045512.7979	149
NC_045512.7980	145
NC_045512.7981	150
NC_045512.7982	149
NC_045512.7983	149
NC_045512.7984	150
NC_045512.7985	150
NC_045512.7986	150
NC_045512.7987	144
NC_045512.7988	150
NC_045512.7989	146
NC_045512.7990	147
NC_045512.7991	146
NC_045512.7992	148
NC_045512.7993	147
NC_045512.7994	150
NC_045512.7995	149
NC_045512.7996	148
NC_045512.7997	150
NC_045512.7998	149
NC_045512.7999	148
NC_045512.8000	150
NC_045512.8001	150
NC_045512.8002	150
NC_045512.8003	149
NC_045512.8004	150
NC_045512.8005	144
NC_045512.8006	145
NC_045512.8007	146
NC_045512.8008	147
NC_045512.8009	148
NC_045512.8010	150
NC_045512.8011	150
NC_045512.8012	145
NC_045512.8013	150
NC_045512.8014	147
NC_045512.8015	148
NC_045512.8016	149
NC_045512.8017	150
NC_045512.8018	149
NC_045512.8019	150
NC_045512.8020	150
NC_045512.8021	149
NC_045512.8022	150
NC_045512.8023	150
NC_045512.8024	150
NC_045512.8025	150
NC_045512.8026	150
NC_045512.8027	150
NC_045512.8028	150
NC_045512.8029	150
NC_045512.8030	150
NC_045512.8031	150
NC_045512.8032	150
NC_045512.8033	150
NC_045512.8034	150
NC_045512.8035	149
NC_045512.8036	150
NC_045512.8037	149
NC_045512.8038	150
NC_045512.8039	150
NC_045512.8040	150
NC_045512.8041	150
NC_045512.8042	150
NC_045512.8043	150
NC_045512.8044	149
NC_045512.8045	148
NC_045512.8046	149
NC_045512.8047	150
NC_045512.8048	150
NC_045512.8049	150
NC_045512.8050	149
NC_045512.8051	150
NC_045512.8052	150
NC_045512.8053	149
NC_045512.8054	150
NC_045512.8055	150
NC_045512.8056	149
NC_045512.8057	148
NC_045512.8058	149
NC_045512.8059	148
NC_045512.8060	148
NC_045512.8061	150
NC_045512.8062	150
NC_045512.8063	145
NC_045512.8064	144
NC_045512.8065	149
NC_045512.8066	149
NC_045512.8067	150
NC_045512.8068	149
NC_045512.8069	149
NC_045512.8070	148
NC_045512.8071	150
NC_045512.8072	150
NC_045512.8073	150
NC_045512.8074	150
NC_045512.8075	150
NC_045512.8076	148
NC_045512.8077	150
NC_045512.8078	150
NC_045512.8079	149
NC_045512.8080	150
NC_045512.8081	150
NC_045512.8082	148
NC_045512.8083	143
NC_045512.8084	150
NC_045512.8085	145
NC_045512.8086	150
NC_045512.8087	147
NC_045512.8088	148
NC_045512.8089	149
NC_045512.8090	150
NC_045512.8091	150
NC_045512.8092	150
NC_045512.8093	150
NC_045512.8094	150
NC_045512.8095	149
NC_045512.8096	150
NC_045512.8097	149
NC_045512.8098	149
NC_045512.8099	150
NC_045512.8100	149
NC_045512.8101	150
NC_045512.8102	150
NC_045512.8103	150
NC_045512.8104	149
NC_045512.8105	150
NC_045512.8106	150
NC_045512.8107	150
NC_045512.8108	150
NC_045512.8109	149
NC_045512.8110	150
NC_045512.8111	150
NC_045512.8112	150
NC_045512.8113	150
NC_045512.8114	150
NC_045512.8115	150
NC_045512.8116	150
NC_045512.8117	148
NC_045512.8118	147
NC_045512.8119	146
NC_045512.8120	145
NC_045512.8121	150
NC_045512.8122	149
NC_045512.8123	148
NC_045512.8124	150
NC_045512.8125	150
NC_045512.8126	149
NC_045512.8127	149
NC_045512.8128	149
NC_045512.8129	150
NC_045512.8130	150
NC_045512.8131	149
NC_045512.8132	149
NC_045512.8133	150
NC_045512.8134	149
NC_045512.8135	149
NC_045512.8136	148
NC_045512.8137	147
NC_045512.8138	149
NC_045512.8139	150
NC_045512.8140	150
NC_045512.8141	149
NC_045512.8142	150
NC_045512.8143	149
NC_045512.8144	150
NC_045512.8145	150
NC_045512.8146	149
NC_045512.8147	148
NC_045512.8148	149
NC_045512.8149	150
NC_045512.8150	149
NC_045512.8151	150
NC_045512.8152	149
NC_045512.8153	148
NC_045512.8154	149
NC_045512.8155	150
NC_045512.8156	150
NC_045512.8157	150
NC_045512.8158	150
NC_045512.8159	150
NC_045512.8160	149
NC_045512.8161	150
NC_045512.8162	149
NC_045512.8163	149
NC_045512.8164	150
NC_045512.8165	150
NC_045512.8166	150
NC_045512.8167	150
NC_045512.8168	150
NC_045512.8169	150
NC_045512.8170	150
NC_045512.8171	150
NC_045512.8172	150
NC_045512.8173	150
NC_045512.8174	149
NC_045512.8175	148
NC_045512.8176	147
NC_045512.8177	145
NC_045512.8178	149
NC_045512.8179	149
NC_045512.8180	148
NC_045512.8181	150
NC_045512.8182	149
NC_045512.8183	147
NC_045512.8184	148
NC_045512.8185	148
NC_045512.8186	149
NC_045512.8187	148
NC_045512.8188	149
NC_045512.8189	144
NC_045512.8190	147
NC_045512.8191	144
NC_045512.8192	149
NC_045512.8193	149
NC_045512.8194	145
NC_045512.8195	150
NC_045512.8196	150
NC_045512.8197	148
NC_045512.8198	147
NC_045512.8199	147
NC_045512.8200	141
NC_045512.8201	150
NC_045512.8202	149
NC_045512.8203	150
NC_045512.8204	150
NC_045512.8205	146
NC_045512.8206	147
NC_045512.8207	148
NC_045512.8208	149
NC_045512.8209	150
NC_045512.8210	149
NC_045512.8211	150
NC_045512.8212	149
NC_045512.8213	150
NC_045512.8214	149
NC_045512.8215	148
NC_045512.8216	147
NC_045512.8217	147
NC_045512.8218	148
NC_045512.8219	149
NC_045512.8220	150
NC_045512.8221	150
NC_045512.8222	149
NC_045512.8223	150
NC_045512.8224	150
NC_045512.8225	149
NC_045512.8226	150
NC_045512.8227	150
NC_045512.8228	150
NC_045512.8229	150
NC_045512.8230	150
NC_045512.8231	149
NC_045512.8232	150
NC_045512.8233	150
NC_045512.8234	150
NC_045512.8235	150
NC_045512.8236	149
NC_045512.8237	148
NC_045512.8238	147
NC_045512.8239	150
NC_045512.8240	146
NC_045512.8241	148
NC_045512.8242	150
NC_045512.8243	150
NC_045512.8244	150
NC_045512.8245	149
NC_045512.8246	150
NC_045512.8247	150
NC_045512.8248	149
NC_045512.8249	149
NC_045512.8250	149
NC_045512.8251	150
NC_045512.8252	150
NC_045512.8253	150
NC_045512.8254	150
NC_045512.8255	150
NC_045512.8256	150
NC_045512.8257	150
NC_045512.8258	150
NC_045512.8259	149
NC_045512.8260	144
NC_045512.8261	145
NC_045512.8262	150
NC_045512.8263	147
NC_045512.8264	150
NC_045512.8265	149
NC_045512.8266	148
NC_045512.8267	147
NC_045512.8268	148
NC_045512.8269	149
NC_045512.8270	150
NC_045512.8271	149
NC_045512.8272	149
NC_045512.8273	150
NC_045512.8274	150
NC_045512.8275	150
NC_045512.8276	149
NC_045512.8277	150
NC_045512.8278	150
NC_045512.8279	150
NC_045512.8280	150
NC_045512.8281	149
NC_045512.8282	150
NC_045512.8283	150
NC_045512.8284	149
NC_045512.8285	150
NC_045512.8286	150
NC_045512.8287	150
NC_045512.8288	149
NC_045512.8289	148
NC_045512.8290	149
NC_045512.8291	150
NC_045512.8292	150
NC_045512.8293	150
NC_045512.8294	150
NC_045512.8295	150
NC_045512.8296	150
NC_045512.8297	150
NC_045512.8298	150
NC_045512.8299	149
NC_045512.8300	149
NC_045512.8301	150
NC_045512.8302	150
NC_045512.8303	149
NC_045512.8304	149
NC_045512.8305	150
NC_045512.8306	149
NC_045512.8307	148
NC_045512.8308	149
NC_045512.8309	150
NC_045512.8310	150
NC_045512.8311	150
NC_045512.8312	149
NC_045512.8313	150
NC_045512.8314	149
NC_045512.8315	148
NC_045512.8316	147
NC_045512.8317	150
NC_045512.8318	145
NC_045512.8319	146
NC_045512.8320	150
NC_045512.8321	150
NC_045512.8322	150
NC_045512.8323	150
NC_045512.8324	150
NC_045512.8325	150
NC_045512.8326	149
NC_045512.8327	149
NC_045512.8328	149
NC_045512.8329	148
NC_045512.8330	149
NC_045512.8331	150
NC_045512.8332	150
NC_045512.8333	149
NC_045512.8334	148
NC_045512.8335	147
NC_045512.8336	146
NC_045512.8337	145
NC_045512.8338	150
NC_045512.8339	149
NC_045512.8340	150
NC_045512.8341	150
NC_045512.8342	149
NC_045512.8343	149
NC_045512.8344	150
NC_045512.8345	149
NC_045512.8346	148
NC_045512.8347	148
NC_045512.8348	149
NC_045512.8349	150
NC_045512.8350	149
NC_045512.8351	148
NC_045512.8352	147
NC_045512.8353	147
NC_045512.8354	148
NC_045512.8355	149
NC_045512.8356	150
NC_045512.8357	150
NC_045512.8358	150
NC_045512.8359	150
NC_045512.8360	150
NC_045512.8361	150
NC_045512.8362	150
NC_045512.8363	150
NC_045512.8364	150
NC_045512.8365	149
NC_045512.8366	148
NC_045512.8367	147
NC_045512.8368	148
NC_045512.8369	149
NC_045512.8370	150
NC_045512.8371	149
NC_045512.8372	150
NC_045512.8373	149
NC_045512.8374	150
NC_045512.8375	150
NC_045512.8376	150
NC_045512.8377	150
NC_045512.8378	150
NC_045512.8379	150
NC_045512.8380	149
NC_045512.8381	150
NC_045512.8382	150
NC_045512.8383	150
NC_045512.8384	150
NC_045512.8385	150
NC_045512.8386	150
NC_045512.8387	150
NC_045512.8388	150
NC_045512.8389	150
NC_045512.8390	150
NC_045512.8391	150
NC_045512.8392	150
NC_045512.8393	150
NC_045512.8394	150
NC_045512.8395	149
NC_045512.8396	148
NC_045512.8397	148
NC_045512.8398	149
NC_045512.8399	150
NC_045512.8400	150
NC_045512.8401	150
NC_045512.8402	150
NC_045512.8403	150
NC_045512.8404	150
NC_045512.8405	150
NC_045512.8406	149
NC_045512.8407	150
NC_045512.8408	150
NC_045512.8409	150
NC_045512.8410	150
NC_045512.8411	150
NC_045512.8412	150
NC_045512.8413	150
NC_045512.8414	150
NC_045512.8415	149
NC_045512.8416	150
NC_045512.8417	150
NC_045512.8418	149
NC_045512.8419	148
NC_045512.8420	149
NC_045512.8421	150
NC_045512.8422	149
NC_045512.8423	150
NC_045512.8424	150
NC_045512.8425	149
NC_045512.8426	148
NC_045512.8427	147
NC_045512.8428	150
NC_045512.8429	145
NC_045512.8430	150
NC_045512.8431	150
NC_045512.8432	150
NC_045512.8433	150
NC_045512.8434	149
NC_045512.8435	148
NC_045512.8436	147
NC_045512.8437	146
NC_045512.8438	148
NC_045512.8439	150
NC_045512.8440	149
NC_045512.8441	150
NC_045512.8442	148
NC_045512.8443	150
NC_045512.8444	149
NC_045512.8445	147
NC_045512.8446	149
NC_045512.8447	150
NC_045512.8448	150
NC_045512.8449	150
NC_045512.8450	150
NC_045512.8451	150
NC_045512.8452	150
NC_045512.8453	149
NC_045512.8454	150
NC_045512.8455	140
NC_045512.8456	141
NC_045512.8457	142
NC_045512.8458	143
NC_045512.8459	144
NC_045512.8460	145
NC_045512.8461	146
NC_045512.8462	147
NC_045512.8463	148
NC_045512.8464	149
NC_045512.8465	150
NC_045512.8466	149
NC_045512.8467	148
NC_045512.8468	147
NC_045512.8469	146
NC_045512.8470	145
NC_045512.8471	150
NC_045512.8472	150
NC_045512.8473	150
NC_045512.8474	149
NC_045512.8475	150
NC_045512.8476	150
NC_045512.8477	150
NC_045512.8478	149
NC_045512.8479	149
NC_045512.8480	150
NC_045512.8481	150
NC_045512.8482	149
NC_045512.8483	148
NC_045512.8484	149
NC_045512.8485	150
NC_045512.8486	150
NC_045512.8487	150
NC_045512.8488	149
NC_045512.8489	149
NC_045512.8490	150
NC_045512.8491	149
NC_045512.8492	150
NC_045512.8493	150
NC_045512.8494	150
NC_045512.8495	150
NC_045512.8496	150
NC_045512.8497	149
NC_045512.8498	150
NC_045512.8499	149
NC_045512.8500	149
NC_045512.8501	150
NC_045512.8502	150
NC_045512.8503	149
NC_045512.8504	148
NC_045512.8505	149
NC_045512.8506	150
NC_045512.8507	149
NC_045512.8508	150
NC_045512.8509	150
NC_045512.8510	150
NC_045512.8511	150
NC_045512.8512	150
NC_045512.8513	148
NC_045512.8514	147
NC_045512.8515	146
NC_045512.8516	145
NC_045512.8517	144
NC_045512.8518	148
NC_045512.8519	149
NC_045512.8520	150
NC_045512.8521	150
NC_045512.8522	149
NC_045512.8523	150
NC_045512.8524	150
NC_045512.8525	150
NC_045512.8526	149
NC_045512.8527	150
NC_045512.8528	150
NC_045512.8529	150
NC_045512.8530	149
NC_045512.8531	150
NC_045512.8532	150
NC_045512.8533	149
NC_045512.8534	149
NC_045512.8535	150
NC_045512.8536	150
NC_045512.8537	150
NC_045512.8538	150
NC_045512.8539	149
NC_045512.8540	150
NC_045512.8541	150
NC_045512.8542	146
NC_045512.8543	145
NC_045512.8544	144
NC_045512.8545	150
NC_045512.8546	150
NC_045512.8547	150
NC_045512.8548	150
NC_045512.8549	149
NC_045512.8550	148
NC_045512.8551	147
NC_045512.8552	146
NC_045512.8553	149
NC_045512.8554	150
NC_045512.8555	145
NC_045512.8556	142
NC_045512.8557	149
NC_045512.8558	150
NC_045512.8559	150
NC_045512.8560	146
NC_045512.8561	148
NC_045512.8562	149
NC_045512.8563	145
NC_045512.8564	150
NC_045512.8565	146
NC_045512.8566	150
NC_045512.8567	141
NC_045512.8568	149
NC_045512.8569	144
NC_045512.8570	150
NC_045512.8571	149
NC_045512.8572	148
NC_045512.8573	147
NC_045512.8574	149
NC_045512.8575	145
NC_045512.8576	150
NC_045512.8577	150
NC_045512.8578	149
NC_045512.8579	150
NC_045512.8580	150
NC_045512.8581	149
NC_045512.8582	148
NC_045512.8583	147
NC_045512.8584	146
NC_045512.8585	145
NC_045512.8586	150
NC_045512.8587	150
NC_045512.8588	150
NC_045512.8589	150
NC_045512.8590	150
NC_045512.8591	149
NC_045512.8592	148
NC_045512.8593	149
NC_045512.8594	150
NC_045512.8595	149
NC_045512.8596	150
NC_045512.8597	149
NC_045512.8598	148
NC_045512.8599	150
NC_045512.8600	150
NC_045512.8601	149
NC_045512.8602	148
NC_045512.8603	150
NC_045512.8604	150
NC_045512.8605	149
NC_045512.8606	148
NC_045512.8607	147
NC_045512.8608	146
NC_045512.8609	150
NC_045512.8610	144
NC_045512.8611	149
NC_045512.8612	148
NC_045512.8613	149
NC_045512.8614	150
NC_045512.8615	149
NC_045512.8616	150
NC_045512.8617	150
NC_045512.8618	150
NC_045512.8619	149
NC_045512.8620	148
NC_045512.8621	149
NC_045512.8622	150
NC_045512.8623	146
NC_045512.8624	145
NC_045512.8625	150
NC_045512.8626	150
NC_045512.8627	150
NC_045512.8628	150
NC_045512.8629	150
NC_045512.8630	149
NC_045512.8631	150
NC_045512.8632	149
NC_045512.8633	148
NC_045512.8634	147
NC_045512.8635	146
NC_045512.8636	150
NC_045512.8637	150
NC_045512.8638	149
NC_045512.8639	150
NC_045512.8640	141
NC_045512.8641	150
NC_045512.8642	149
NC_045512.8643	148
NC_045512.8644	149
NC_045512.8645	148
NC_045512.8646	150
NC_045512.8647	150
NC_045512.8648	150
NC_045512.8649	147
NC_045512.8650	149
NC_045512.8651	146
NC_045512.8652	148
NC_045512.8653	148
NC_045512.8654	142
NC_045512.8655	149
NC_045512.8656	150
NC_045512.8657	150
NC_045512.8658	146
NC_045512.8659	147
NC_045512.8660	148
NC_045512.8661	150
NC_045512.8662	149
NC_045512.8663	150
NC_045512.8664	150
NC_045512.8665	147
NC_045512.8666	147
NC_045512.8667	148
NC_045512.8668	150
NC_045512.8669	150
NC_045512.8670	147
NC_045512.8671	148
NC_045512.8672	149
NC_045512.8673	150
NC_045512.8674	150
NC_045512.8675	150
NC_045512.8676	149
NC_045512.8677	150
NC_045512.8678	147
NC_045512.8679	148
NC_045512.8680	149
NC_045512.8681	149
NC_045512.8682	150
NC_045512.8683	150
NC_045512.8684	145
NC_045512.8685	146
NC_045512.8686	147
NC_045512.8687	148
NC_045512.8688	150
NC_045512.8689	149
NC_045512.8690	150
NC_045512.8691	150
NC_045512.8692	150
NC_045512.8693	150
NC_045512.8694	150
NC_045512.8695	150
NC_045512.8696	145
NC_045512.8697	150
NC_045512.8698	150
NC_045512.8699	148
NC_045512.8700	149
NC_045512.8701	150
NC_045512.8702	149
NC_045512.8703	150
NC_045512.8704	150
NC_045512.8705	150
NC_045512.8706	149
NC_045512.8707	148
NC_045512.8708	149
NC_045512.8709	150
NC_045512.8710	149
NC_045512.8711	148
NC_045512.8712	150
NC_045512.8713	146
NC_045512.8714	150
NC_045512.8715	144
NC_045512.8716	143
NC_045512.8717	149
NC_045512.8718	150
NC_045512.8719	149
NC_045512.8720	150
NC_045512.8721	148
NC_045512.8722	147
NC_045512.8723	146
NC_045512.8724	150
NC_045512.8725	150
NC_045512.8726	145
NC_045512.8727	149
NC_045512.8728	150
NC_045512.8729	148
NC_045512.8730	147
NC_045512.8731	146
NC_045512.8732	145
NC_045512.8733	149
NC_045512.8734	148
NC_045512.8735	142
NC_045512.8736	150
NC_045512.8737	147
NC_045512.8738	139
NC_045512.8739	149
NC_045512.8740	150
NC_045512.8741	150
NC_045512.8742	137
NC_045512.8743	148
NC_045512.8744	149
NC_045512.8745	146
NC_045512.8746	141
NC_045512.8747	148
NC_045512.8748	143
NC_045512.8749	150
NC_045512.8750	149
NC_045512.8751	146
NC_045512.8752	147
NC_045512.8753	148
NC_045512.8754	150
NC_045512.8755	150
NC_045512.8756	146
NC_045512.8757	147
NC_045512.8758	148
NC_045512.8759	149
NC_045512.8760	150
NC_045512.8761	149
NC_045512.8762	150
NC_045512.8763	150
NC_045512.8764	149
NC_045512.8765	150
NC_045512.8766	146
NC_045512.8767	150
NC_045512.8768	148
NC_045512.8769	150
NC_045512.8770	149
NC_045512.8771	150
NC_045512.8772	147
NC_045512.8773	150
NC_045512.8774	150
NC_045512.8775	150
NC_045512.8776	150
NC_045512.8777	145
NC_045512.8778	146
NC_045512.8779	147
NC_045512.8780	148
NC_045512.8781	149
NC_045512.8782	150
NC_045512.8783	149
NC_045512.8784	148
NC_045512.8785	147
NC_045512.8786	148
NC_045512.8787	149
NC_045512.8788	150
NC_045512.8789	150
NC_045512.8790	149
NC_045512.8791	150
NC_045512.8792	149
NC_045512.8793	149
NC_045512.8794	143
NC_045512.8795	144
NC_045512.8796	145
NC_045512.8797	146
NC_045512.8798	147
NC_045512.8799	148
NC_045512.8800	149
NC_045512.8801	150
NC_045512.8802	150
NC_045512.8803	149
NC_045512.8804	148
NC_045512.8805	150
NC_045512.8806	146
NC_045512.8807	145
NC_045512.8808	144
NC_045512.8809	149
NC_045512.8810	150
NC_045512.8811	150
NC_045512.8812	149
NC_045512.8813	150
NC_045512.8814	149
NC_045512.8815	150
NC_045512.8816	146
NC_045512.8817	147
NC_045512.8818	147
NC_045512.8819	148
NC_045512.8820	149
NC_045512.8821	144
NC_045512.8822	149
NC_045512.8823	150
NC_045512.8824	150
NC_045512.8825	149
NC_045512.8826	149
NC_045512.8827	149
NC_045512.8828	149
NC_045512.8829	149
NC_045512.8830	150
NC_045512.8831	150
NC_045512.8832	150
NC_045512.8833	149
NC_045512.8834	149
NC_045512.8835	150
NC_045512.8836	149
NC_045512.8837	148
NC_045512.8838	150
NC_045512.8839	150
NC_045512.8840	150
NC_045512.8841	149
NC_045512.8842	150
NC_045512.8843	142
NC_045512.8844	148
NC_045512.8845	149
NC_045512.8846	150
NC_045512.8847	148
NC_045512.8848	150
NC_045512.8849	149
NC_045512.8850	149
NC_045512.8851	149
NC_045512.8852	150
NC_045512.8853	147
NC_045512.8854	147
NC_045512.8855	145
NC_045512.8856	146
NC_045512.8857	147
NC_045512.8858	148
NC_045512.8859	146
NC_045512.8860	147
NC_045512.8861	148
NC_045512.8862	149
NC_045512.8863	150
NC_045512.8864	150
NC_045512.8865	145
NC_045512.8866	150
NC_045512.8867	147
NC_045512.8868	148
NC_045512.8869	150
NC_045512.8870	149
NC_045512.8871	149
NC_045512.8872	150
NC_045512.8873	145
NC_045512.8874	146
NC_045512.8875	147
NC_045512.8876	150
NC_045512.8877	149
NC_045512.8878	150
NC_045512.8879	150
NC_045512.8880	150
NC_045512.8881	149
NC_045512.8882	149
NC_045512.8883	150
NC_045512.8884	149
NC_045512.8885	150
NC_045512.8886	150
NC_045512.8887	150
NC_045512.8888	150
NC_045512.8889	150
NC_045512.8890	150
NC_045512.8891	149
NC_045512.8892	148
NC_045512.8893	149
NC_045512.8894	150
NC_045512.8895	149
NC_045512.8896	148
NC_045512.8897	147
NC_045512.8898	148
NC_045512.8899	148
NC_045512.8900	150
NC_045512.8901	148
NC_045512.8902	148
NC_045512.8903	149
NC_045512.8904	150
NC_045512.8905	149
NC_045512.8906	150
NC_045512.8907	149
NC_045512.8908	149
NC_045512.8909	149
NC_045512.8910	149
NC_045512.8911	150
NC_045512.8912	149
NC_045512.8913	143
NC_045512.8914	144
NC_045512.8915	145
NC_045512.8916	146
NC_045512.8917	150
NC_045512.8918	148
NC_045512.8919	150
NC_045512.8920	150
NC_045512.8921	148
NC_045512.8922	150
NC_045512.8923	150
NC_045512.8924	145
NC_045512.8925	149
NC_045512.8926	149
NC_045512.8927	142
NC_045512.8928	141
NC_045512.8929	148
NC_045512.8930	149
NC_045512.8931	145
NC_045512.8932	149
NC_045512.8933	148
NC_045512.8934	149
NC_045512.8935	149
NC_045512.8936	149
NC_045512.8937	149
NC_045512.8938	148
NC_045512.8939	149
NC_045512.8940	150
NC_045512.8941	149
NC_045512.8942	147
NC_045512.8943	149
NC_045512.8944	150
NC_045512.8945	150
NC_045512.8946	143
NC_045512.8947	144
NC_045512.8948	148
NC_045512.8949	147
NC_045512.8950	146
NC_045512.8951	148
NC_045512.8952	144
NC_045512.8953	143
NC_045512.8954	142
NC_045512.8955	141
NC_045512.8956	146
NC_045512.8957	145
NC_045512.8958	144
NC_045512.8959	137
NC_045512.8960	136
NC_045512.8961	141
NC_045512.8962	140
NC_045512.8963	139
NC_045512.8964	132
NC_045512.8965	144
NC_045512.8966	145
NC_045512.8967	146
NC_045512.8968	147
NC_045512.8969	148
NC_045512.8970	149
NC_045512.8971	150
NC_045512.8972	149
NC_045512.8973	148
NC_045512.8974	147
NC_045512.8975	146
NC_045512.8976	145
NC_045512.8977	144
NC_045512.8978	143
NC_045512.8979	143
NC_045512.8980	150
NC_045512.8981	142
NC_045512.8982	148
NC_045512.8983	147
NC_045512.8984	134
NC_045512.8985	147
NC_045512.8986	145
NC_045512.8987	146
NC_045512.8988	144
NC_045512.8989	147
NC_045512.8990	150
NC_045512.8991	150
NC_045512.8992	137
NC_045512.8993	139
NC_045512.8994	146
NC_045512.8995	147
NC_045512.8996	127
NC_045512.8997	148
NC_045512.8998	148
NC_045512.8999	139
NC_045512.9000	145
NC_045512.9001	147
NC_045512.9002	150
NC_045512.9003	149
NC_045512.9004	150
NC_045512.9005	149
NC_045512.9006	148
NC_045512.9007	148
NC_045512.9008	149
NC_045512.9009	150
NC_045512.9010	150
NC_045512.9011	150
NC_045512.9012	150
NC_045512.9013	149
NC_045512.9014	148
NC_045512.9015	147
NC_045512.9016	146
NC_045512.9017	145
NC_045512.9018	144
NC_045512.9019	143
NC_045512.9020	142
NC_045512.9021	141
NC_045512.9022	140
NC_045512.9023	139
NC_045512.9024	150
NC_045512.9025	150
NC_045512.9026	150
NC_045512.9027	150
NC_045512.9028	150
NC_045512.9029	150
NC_045512.9030	150
NC_045512.9031	149
NC_045512.9032	150
NC_045512.9033	150
NC_045512.9034	148
NC_045512.9035	148
NC_045512.9036	146
NC_045512.9037	150
NC_045512.9038	150
NC_045512.9039	149
NC_045512.9040	150
NC_045512.9041	150
NC_045512.9042	150
NC_045512.9043	150
NC_045512.9044	150
NC_045512.9045	150
NC_045512.9046	150
NC_045512.9047	149
NC_045512.9048	137
NC_045512.9049	150
NC_045512.9050	149
NC_045512.9051	140
NC_045512.9052	150
NC_045512.9053	146
NC_045512.9054	145
NC_045512.9055	150
NC_045512.9056	146
NC_045512.9057	147
NC_045512.9058	149
NC_045512.9059	147
NC_045512.9060	149
NC_045512.9061	141
NC_045512.9062	150
NC_045512.9063	143
NC_045512.9064	149
NC_045512.9065	145
NC_045512.9066	146
NC_045512.9067	146
NC_045512.9068	150
NC_045512.9069	147
NC_045512.9070	148
NC_045512.9071	148
NC_045512.9072	147
NC_045512.9073	146
NC_045512.9074	150
NC_045512.9075	149
NC_045512.9076	149
NC_045512.9077	148
NC_045512.9078	148
NC_045512.9079	150
NC_045512.9080	149
NC_045512.9081	150
NC_045512.9082	145
NC_045512.9083	149
NC_045512.9084	149
NC_045512.9085	149
NC_045512.9086	149
NC_045512.9087	149
NC_045512.9088	150
NC_045512.9089	148
NC_045512.9090	143
NC_045512.9091	150
NC_045512.9092	145
NC_045512.9093	146
NC_045512.9094	147
NC_045512.9095	150
NC_045512.9096	150
NC_045512.9097	150
NC_045512.9098	150
NC_045512.9099	150
NC_045512.9100	150
NC_045512.9101	150
NC_045512.9102	150
NC_045512.9103	146
NC_045512.9104	147
NC_045512.9105	148
NC_045512.9106	150
NC_045512.9107	148
NC_045512.9108	147
NC_045512.9109	146
NC_045512.9110	145
NC_045512.9111	150
NC_045512.9112	149
NC_045512.9113	148
NC_045512.9114	148
NC_045512.9115	149
NC_045512.9116	150
NC_045512.9117	150
NC_045512.9118	150
NC_045512.9119	145
NC_045512.9120	146
NC_045512.9121	147
NC_045512.9122	150
NC_045512.9123	144
NC_045512.9124	145
NC_045512.9125	146
NC_045512.9126	147
NC_045512.9127	148
NC_045512.9128	149
NC_045512.9129	150
NC_045512.9130	149
NC_045512.9131	148
NC_045512.9132	147
NC_045512.9133	146
NC_045512.9134	150
NC_045512.9135	150
NC_045512.9136	150
NC_045512.9137	149
NC_045512.9138	150
NC_045512.9139	150
NC_045512.9140	149
NC_045512.9141	150
NC_045512.9142	149
NC_045512.9143	148
NC_045512.9144	147
NC_045512.9145	148
NC_045512.9146	149
NC_045512.9147	149
NC_045512.9148	150
NC_045512.9149	150
NC_045512.9150	150
NC_045512.9151	150
NC_045512.9152	149
NC_045512.9153	150
NC_045512.9154	149
NC_045512.9155	139
NC_045512.9156	140
NC_045512.9157	141
NC_045512.9158	142
NC_045512.9159	143
NC_045512.9160	144
NC_045512.9161	145
NC_045512.9162	146
NC_045512.9163	146
NC_045512.9164	145
NC_045512.9165	150
NC_045512.9166	149
NC_045512.9167	148
NC_045512.9168	150
NC_045512.9169	149
NC_045512.9170	150
NC_045512.9171	150
NC_045512.9172	149
NC_045512.9173	149
NC_045512.9174	149
NC_045512.9175	150
NC_045512.9176	148
NC_045512.9177	149
NC_045512.9178	149
NC_045512.9179	149
NC_045512.9180	150
NC_045512.9181	150
NC_045512.9182	150
NC_045512.9183	150
NC_045512.9184	149
NC_045512.9185	150
NC_045512.9186	149
NC_045512.9187	150
NC_045512.9188	149
NC_045512.9189	150
NC_045512.9190	146
NC_045512.9191	147
NC_045512.9192	148
NC_045512.9193	149
NC_045512.9194	150
NC_045512.9195	149
NC_045512.9196	148
NC_045512.9197	147
NC_045512.9198	146
NC_045512.9199	145
NC_045512.9200	144
NC_045512.9201	143
NC_045512.9202	142
NC_045512.9203	141
NC_045512.9204	140
NC_045512.9205	150
NC_045512.9206	149
NC_045512.9207	149
NC_045512.9208	150
NC_045512.9209	149
NC_045512.9210	150
NC_045512.9211	150
NC_045512.9212	150
NC_045512.9213	149
NC_045512.9214	144
NC_045512.9215	145
NC_045512.9216	150
NC_045512.9217	150
NC_045512.9218	147
NC_045512.9219	148
NC_045512.9220	148
NC_045512.9221	145
NC_045512.9222	143
NC_045512.9223	141
NC_045512.9224	148
NC_045512.9225	150
NC_045512.9226	147
NC_045512.9227	148
NC_045512.9228	149
NC_045512.9229	147
NC_045512.9230	148
NC_045512.9231	144
NC_045512.9232	150
NC_045512.9233	146
NC_045512.9234	147
NC_045512.9235	148
NC_045512.9236	149
NC_045512.9237	150
NC_045512.9238	149
NC_045512.9239	148
NC_045512.9240	147
NC_045512.9241	146
NC_045512.9242	150
NC_045512.9243	150
NC_045512.9244	150
NC_045512.9245	150
NC_045512.9246	149
NC_045512.9247	150
NC_045512.9248	149
NC_045512.9249	150
NC_045512.9250	150
NC_045512.9251	145
NC_045512.9252	146
NC_045512.9253	150
NC_045512.9254	148
NC_045512.9255	150
NC_045512.9256	149
NC_045512.9257	150
NC_045512.9258	150
NC_045512.9259	149
NC_045512.9260	149
NC_045512.9261	150
NC_045512.9262	150
NC_045512.9263	150
NC_045512.9264	147
NC_045512.9265	146
NC_045512.9266	145
NC_045512.9267	150
NC_045512.9268	149
NC_045512.9269	148
NC_045512.9270	147
NC_045512.9271	146
NC_045512.9272	150
NC_045512.9273	145
NC_045512.9274	150
NC_045512.9275	150
NC_045512.9276	150
NC_045512.9277	150
NC_045512.9278	150
NC_045512.9279	148
NC_045512.9280	150
NC_045512.9281	146
NC_045512.9282	148
NC_045512.9283	149
NC_045512.9284	146
NC_045512.9285	150
NC_045512.9286	150
NC_045512.9287	148
NC_045512.9288	148
NC_045512.9289	150
NC_045512.9290	147
NC_045512.9291	150
NC_045512.9292	147
NC_045512.9293	149
NC_045512.9294	149
NC_045512.9295	150
NC_045512.9296	150
NC_045512.9297	150
NC_045512.9298	150
NC_045512.9299	150
NC_045512.9300	150
NC_045512.9301	150
NC_045512.9302	150
NC_045512.9303	150
NC_045512.9304	150
NC_045512.9305	148
NC_045512.9306	147
NC_045512.9307	146
NC_045512.9308	145
NC_045512.9309	150
NC_045512.9310	149
NC_045512.9311	149
NC_045512.9312	148
NC_045512.9313	150
NC_045512.9314	150
NC_045512.9315	150
NC_045512.9316	149
NC_045512.9317	149
NC_045512.9318	150
NC_045512.9319	150
NC_045512.9320	150
NC_045512.9321	148
NC_045512.9322	147
NC_045512.9323	150
NC_045512.9324	149
NC_045512.9325	149
NC_045512.9326	148
NC_045512.9327	146
NC_045512.9328	146
NC_045512.9329	149
NC_045512.9330	149
NC_045512.9331	150
NC_045512.9332	149
NC_045512.9333	150
NC_045512.9334	149
NC_045512.9335	150
NC_045512.9336	149
NC_045512.9337	150
NC_045512.9338	150
NC_045512.9339	150
NC_045512.9340	144
NC_045512.9341	150
NC_045512.9342	146
NC_045512.9343	147
NC_045512.9344	148
NC_045512.9345	150
NC_045512.9346	149
NC_045512.9347	148
NC_045512.9348	148
NC_045512.9349	149
NC_045512.9350	150
NC_045512.9351	150
NC_045512.9352	150
NC_045512.9353	150
NC_045512.9354	150
NC_045512.9355	150
NC_045512.9356	150
NC_045512.9357	149
NC_045512.9358	149
NC_045512.9359	150
NC_045512.9360	150
NC_045512.9361	149
NC_045512.9362	150
NC_045512.9363	149
NC_045512.9364	150
NC_045512.9365	149
NC_045512.9366	150
NC_045512.9367	150
NC_045512.9368	149
NC_045512.9369	150
NC_045512.9370	150
NC_045512.9371	150
NC_045512.9372	150
NC_045512.9373	150
NC_045512.9374	149
NC_045512.9375	149
NC_045512.9376	150
NC_045512.9377	149
NC_045512.9378	148
NC_045512.9379	148
NC_045512.9380	149
NC_045512.9381	150
NC_045512.9382	150
NC_045512.9383	148
NC_045512.9384	147
NC_045512.9385	146
NC_045512.9386	145
NC_045512.9387	142
NC_045512.9388	143
NC_045512.9389	149
NC_045512.9390	150
NC_045512.9391	146
NC_045512.9392	147
NC_045512.9393	148
NC_045512.9394	149
NC_045512.9395	150
NC_045512.9396	149
NC_045512.9397	148
NC_045512.9398	149
NC_045512.9399	146
NC_045512.9400	145
NC_045512.9401	150
NC_045512.9402	149
NC_045512.9403	146
NC_045512.9404	145
NC_045512.9405	144
NC_045512.9406	150
NC_045512.9407	145
NC_045512.9408	147
NC_045512.9409	150
NC_045512.9410	145
NC_045512.9411	150
NC_045512.9412	150
NC_045512.9413	144
NC_045512.9414	141
NC_045512.9415	149
NC_045512.9416	147
NC_045512.9417	148
NC_045512.9418	146
NC_045512.9419	145
NC_045512.9420	150
NC_045512.9421	143
NC_045512.9422	150
NC_045512.9423	150
NC_045512.9424	150
NC_045512.9425	148
NC_045512.9426	149
NC_045512.9427	150
NC_045512.9428	147
NC_045512.9429	144
NC_045512.9430	146
NC_045512.9431	148
NC_045512.9432	148
NC_045512.9433	148
NC_045512.9434	149
NC_045512.9435	149
NC_045512.9436	150
NC_045512.9437	150
NC_045512.9438	149
NC_045512.9439	149
NC_045512.9440	150
NC_045512.9441	149
NC_045512.9442	150
NC_045512.9443	149
NC_045512.9444	148
NC_045512.9445	148
NC_045512.9446	149
NC_045512.9447	150
NC_045512.9448	144
NC_045512.9449	145
NC_045512.9450	150
NC_045512.9451	150
NC_045512.9452	148
NC_045512.9453	150
NC_045512.9454	149
NC_045512.9455	148
NC_045512.9456	149
NC_045512.9457	150
NC_045512.9458	149
NC_045512.9459	150
NC_045512.9460	150
NC_045512.9461	150
NC_045512.9462	150
NC_045512.9463	150
NC_045512.9464	149
NC_045512.9465	148
NC_045512.9466	149
NC_045512.9467	150
NC_045512.9468	150
NC_045512.9469	149
NC_045512.9470	150
NC_045512.9471	149
NC_045512.9472	150
NC_045512.9473	150
NC_045512.9474	150
NC_045512.9475	148
NC_045512.9476	149
NC_045512.9477	150
NC_045512.9478	150
NC_045512.9479	150
NC_045512.9480	150
NC_045512.9481	150
NC_045512.9482	148
NC_045512.9483	147
NC_045512.9484	150
NC_045512.9485	145
NC_045512.9486	150
NC_045512.9487	150
NC_045512.9488	150
NC_045512.9489	150
NC_045512.9490	150
NC_045512.9491	150
NC_045512.9492	149
NC_045512.9493	148
NC_045512.9494	150
NC_045512.9495	150
NC_045512.9496	146
NC_045512.9497	145
NC_045512.9498	144
NC_045512.9499	150
NC_045512.9500	149
NC_045512.9501	150
NC_045512.9502	149
NC_045512.9503	149
NC_045512.9504	147
NC_045512.9505	149
NC_045512.9506	150
NC_045512.9507	149
NC_045512.9508	150
NC_045512.9509	149
NC_045512.9510	150
NC_045512.9511	147
NC_045512.9512	147
NC_045512.9513	148
NC_045512.9514	148
NC_045512.9515	150
NC_045512.9516	149
NC_045512.9517	149
NC_045512.9518	147
NC_045512.9519	148
NC_045512.9520	148
NC_045512.9521	147
NC_045512.9522	150
NC_045512.9523	149
NC_045512.9524	149
NC_045512.9525	149
NC_045512.9526	150
NC_045512.9527	145
NC_045512.9528	146
NC_045512.9529	147
NC_045512.9530	148
NC_045512.9531	149
NC_045512.9532	150
NC_045512.9533	150
NC_045512.9534	150
NC_045512.9535	147
NC_045512.9536	149
NC_045512.9537	150
NC_045512.9538	150
NC_045512.9539	149
NC_045512.9540	149
NC_045512.9541	150
NC_045512.9542	150
NC_045512.9543	149
NC_045512.9544	148
NC_045512.9545	147
NC_045512.9546	146
NC_045512.9547	150
NC_045512.9548	150
NC_045512.9549	149
NC_045512.9550	150
NC_045512.9551	145
NC_045512.9552	146
NC_045512.9553	150
NC_045512.9554	148
NC_045512.9555	150
NC_045512.9556	149
NC_045512.9557	150
NC_045512.9558	150
NC_045512.9559	149
NC_045512.9560	145
NC_045512.9561	150
NC_045512.9562	150
NC_045512.9563	149
NC_045512.9564	148
NC_045512.9565	147
NC_045512.9566	146
NC_045512.9567	145
NC_045512.9568	144
NC_045512.9569	150
NC_045512.9570	150
NC_045512.9571	148
NC_045512.9572	147
NC_045512.9573	147
NC_045512.9574	148
NC_045512.9575	149
NC_045512.9576	150
NC_045512.9577	146
NC_045512.9578	145
NC_045512.9579	149
NC_045512.9580	150
NC_045512.9581	150
NC_045512.9582	149
NC_045512.9583	148
NC_045512.9584	147
NC_045512.9585	146
NC_045512.9586	147
NC_045512.9587	148
NC_045512.9588	149
NC_045512.9589	146
NC_045512.9590	145
NC_045512.9591	144
NC_045512.9592	143
NC_045512.9593	142
NC_045512.9594	141
NC_045512.9595	140
NC_045512.9596	139
NC_045512.9597	138
NC_045512.9598	137
NC_045512.9599	136
NC_045512.9600	135
NC_045512.9601	134
NC_045512.9602	133
NC_045512.9603	132
NC_045512.9604	149
NC_045512.9605	148
NC_045512.9606	150
NC_045512.9607	148
NC_045512.9608	148
NC_045512.9609	149
NC_045512.9610	149
NC_045512.9611	150
NC_045512.9612	145
NC_045512.9613	146
NC_045512.9614	148
NC_045512.9615	149
NC_045512.9616	150
NC_045512.9617	150
NC_045512.9618	150
NC_045512.9619	150
NC_045512.9620	149
NC_045512.9621	150
NC_045512.9622	150
NC_045512.9623	150
NC_045512.9624	150
NC_045512.9625	150
NC_045512.9626	150
NC_045512.9627	146
NC_045512.9628	147
NC_045512.9629	150
NC_045512.9630	149
NC_045512.9631	150
NC_045512.9632	149
NC_045512.9633	150
NC_045512.9634	149
NC_045512.9635	148
NC_045512.9636	149
NC_045512.9637	150
NC_045512.9638	145
NC_045512.9639	146
NC_045512.9640	150
NC_045512.9641	150
NC_045512.9642	150
NC_045512.9643	149
NC_045512.9644	150
NC_045512.9645	149
NC_045512.9646	148
NC_045512.9647	147
NC_045512.9648	148
NC_045512.9649	149
NC_045512.9650	150
NC_045512.9651	149
NC_045512.9652	150
NC_045512.9653	150
NC_045512.9654	150
NC_045512.9655	149
NC_045512.9656	148
NC_045512.9657	147
NC_045512.9658	146
NC_045512.9659	145
NC_045512.9660	150
NC_045512.9661	150
NC_045512.9662	150
NC_045512.9663	150
NC_045512.9664	150
NC_045512.9665	148
NC_045512.9666	147
NC_045512.9667	146
NC_045512.9668	147
NC_045512.9669	145
NC_045512.9670	147
NC_045512.9671	147
NC_045512.9672	149
NC_045512.9673	145
NC_045512.9674	150
NC_045512.9675	149
NC_045512.9676	148
NC_045512.9677	149
NC_045512.9678	150
NC_045512.9679	149
NC_045512.9680	150
NC_045512.9681	148
NC_045512.9682	149
NC_045512.9683	150
NC_045512.9684	148
NC_045512.9685	149
NC_045512.9686	150
NC_045512.9687	150
NC_045512.9688	145
NC_045512.9689	146
NC_045512.9690	147
NC_045512.9691	148
NC_045512.9692	150
NC_045512.9693	149
NC_045512.9694	148
NC_045512.9695	149
NC_045512.9696	150
NC_045512.9697	149
NC_045512.9698	150
NC_045512.9699	150
NC_045512.9700	149
NC_045512.9701	150
NC_045512.9702	150
NC_045512.9703	147
NC_045512.9704	149
NC_045512.9705	149
NC_045512.9706	150
NC_045512.9707	149
NC_045512.9708	147
NC_045512.9709	150
NC_045512.9710	150
NC_045512.9711	145
NC_045512.9712	149
NC_045512.9713	150
NC_045512.9714	150
NC_045512.9715	150
NC_045512.9716	149
NC_045512.9717	149
NC_045512.9718	150
NC_045512.9719	145
NC_045512.9720	150
NC_045512.9721	147
NC_045512.9722	147
NC_045512.9723	149
NC_045512.9724	149
NC_045512.9725	150
NC_045512.9726	134
NC_045512.9727	135
NC_045512.9728	136
NC_045512.9729	137
NC_045512.9730	138
NC_045512.9731	139
NC_045512.9732	140
NC_045512.9733	141
NC_045512.9734	142
NC_045512.9735	143
NC_045512.9736	144
NC_045512.9737	145
NC_045512.9738	146
NC_045512.9739	147
NC_045512.9740	148
NC_045512.9741	149
NC_045512.9742	150
NC_045512.9743	150
NC_045512.9744	150
NC_045512.9745	150
NC_045512.9746	150
NC_045512.9747	150
NC_045512.9748	150
NC_045512.9749	149
NC_045512.9750	150
NC_045512.9751	149
NC_045512.9752	148
NC_045512.9753	149
NC_045512.9754	150
NC_045512.9755	150
NC_045512.9756	149
NC_045512.9757	150
NC_045512.9758	150
NC_045512.9759	150
NC_045512.9760	150
NC_045512.9761	150
NC_045512.9762	150
NC_045512.9763	149
NC_045512.9764	148
NC_045512.9765	147
NC_045512.9766	148
NC_045512.9767	149
NC_045512.9768	150
NC_045512.9769	150
NC_045512.9770	149
NC_045512.9771	150
NC_045512.9772	150
NC_045512.9773	150
NC_045512.9774	150
NC_045512.9775	150
NC_045512.9776	148
NC_045512.9777	147
NC_045512.9778	146
NC_045512.9779	145
NC_045512.9780	144
NC_045512.9781	149
NC_045512.9782	150
NC_045512.9783	150
NC_045512.9784	149
NC_045512.9785	148
NC_045512.9786	150
NC_045512.9787	150
NC_045512.9788	148
NC_045512.9789	148
NC_045512.9790	149
NC_045512.9791	149
NC_045512.9792	150
NC_045512.9793	150
NC_045512.9794	149
NC_045512.9795	149
NC_045512.9796	150
NC_045512.9797	150
NC_045512.9798	148
NC_045512.9799	144
NC_045512.9800	145
NC_045512.9801	146
NC_045512.9802	147
NC_045512.9803	148
NC_045512.9804	150
NC_045512.9805	149
NC_045512.9806	148
NC_045512.9807	148
NC_045512.9808	149
NC_045512.9809	150
NC_045512.9810	150
NC_045512.9811	149
NC_045512.9812	149
NC_045512.9813	150
NC_045512.9814	149
NC_045512.9815	149
NC_045512.9816	150
NC_045512.9817	149
NC_045512.9818	149
NC_045512.9819	150
NC_045512.9820	150
NC_045512.9821	149
NC_045512.9822	150
NC_045512.9823	150
NC_045512.9824	150
NC_045512.9825	150
NC_045512.9826	150
NC_045512.9827	150
NC_045512.9828	150
NC_045512.9829	150
NC_045512.9830	150
NC_045512.9831	150
NC_045512.9832	150
NC_045512.9833	150
NC_045512.9834	150
NC_045512.9835	150
NC_045512.9836	150
NC_045512.9837	148
NC_045512.9838	149
NC_045512.9839	148
NC_045512.9840	149
NC_045512.9841	150
NC_045512.9842	150
NC_045512.9843	149
NC_045512.9844	148
NC_045512.9845	148
NC_045512.9846	149
NC_045512.9847	150
NC_045512.9848	150
NC_045512.9849	149
NC_045512.9850	150
NC_045512.9851	150
NC_045512.9852	150
NC_045512.9853	150
NC_045512.9854	147
NC_045512.9855	150
NC_045512.9856	148
NC_045512.9857	149
NC_045512.9858	150
NC_045512.9859	150
NC_045512.9860	150
NC_045512.9861	150
NC_045512.9862	149
NC_045512.9863	150
NC_045512.9864	150
NC_045512.9865	150
NC_045512.9866	150
NC_045512.9867	150
NC_045512.9868	150
NC_045512.9869	150
NC_045512.9870	150
NC_045512.9871	150
NC_045512.9872	150
NC_045512.9873	150
NC_045512.9874	150
NC_045512.9875	150
NC_045512.9876	150
NC_045512.9877	150
NC_045512.9878	150
NC_045512.9879	150
NC_045512.9880	150
NC_045512.9881	150
NC_045512.9882	150
NC_045512.9883	150
NC_045512.9884	150
NC_045512.9885	150
NC_045512.9886	150
NC_045512.9887	149
NC_045512.9888	150
NC_045512.9889	150
NC_045512.9890	150
NC_045512.9891	150
NC_045512.9892	150
NC_045512.9893	150
NC_045512.9894	150
NC_045512.9895	149
NC_045512.9896	148
NC_045512.9897	149
NC_045512.9898	150
NC_045512.9899	150
NC_045512.9900	148
NC_045512.9901	150
NC_045512.9902	150
NC_045512.9903	150
NC_045512.9904	148
NC_045512.9905	149
NC_045512.9906	150
NC_045512.9907	149
NC_045512.9908	150
NC_045512.9909	150
NC_045512.9910	149
NC_045512.9911	150
NC_045512.9912	150
NC_045512.9913	150
NC_045512.9914	149
NC_045512.9915	150
NC_045512.9916	150
NC_045512.9917	150
NC_045512.9918	150
NC_045512.9919	144
NC_045512.9920	145
NC_045512.9921	146
NC_045512.9922	147
NC_045512.9923	148
NC_045512.9924	150
NC_045512.9925	150
NC_045512.9926	150
NC_045512.9927	150
NC_045512.9928	150
NC_045512.9929	150
NC_045512.9930	150
NC_045512.9931	150
NC_045512.9932	149
NC_045512.9933	150
NC_045512.9934	149
NC_045512.9935	150
NC_045512.9936	150
NC_045512.9937	150
NC_045512.9938	150
NC_045512.9939	150
NC_045512.9940	150
NC_045512.9941	150
NC_045512.9942	150
NC_045512.9943	150
NC_045512.9944	150
NC_045512.9945	150
NC_045512.9946	150
NC_045512.9947	150
NC_045512.9948	150
NC_045512.9949	149
NC_045512.9950	150
NC_045512.9951	150
NC_045512.9952	149
NC_045512.9953	148
NC_045512.9954	147
NC_045512.9955	146
NC_045512.9956	145
NC_045512.9957	149
NC_045512.9958	150
NC_045512.9959	150
NC_045512.9960	149
NC_045512.9961	149
NC_045512.9962	150
NC_045512.9963	150
NC_045512.9964	150
NC_045512.9965	150
NC_045512.9966	147
NC_045512.9967	146
NC_045512.9968	145
NC_045512.9969	150
NC_045512.9970	143
NC_045512.9971	149
NC_045512.9972	149
NC_045512.9973	149
NC_045512.9974	150
NC_045512.9975	149
NC_045512.9976	148
NC_045512.9977	149
NC_045512.9978	150
NC_045512.9979	147
NC_045512.9980	149
NC_045512.9981	149
NC_045512.9982	149
NC_045512.9983	150
NC_045512.9984	150
NC_045512.9985	149
NC_045512.9986	149
NC_045512.9987	150
NC_045512.9988	145
NC_045512.9989	148
NC_045512.9990	147
NC_045512.9991	146
NC_045512.9992	149
NC_045512.9993	144
NC_045512.9994	150
NC_045512.9995	150
NC_045512.9996	147
NC_045512.9997	150
NC_045512.9998	147
NC_045512.9999	146
NC_045512.10000	144
NC_045512.10001	150
NC_045512.10002	149
NC_045512.10003	148
NC_045512.10004	148
NC_045512.10005	146
NC_045512.10006	150
NC_045512.10007	148
NC_045512.10008	147
NC_045512.10009	146
NC_045512.10010	145
NC_045512.10011	144
NC_045512.10012	150
NC_045512.10013	149
NC_045512.10014	147
NC_045512.10015	150
NC_045512.10016	144
NC_045512.10017	145
NC_045512.10018	146
NC_045512.10019	147
NC_045512.10020	148
NC_045512.10021	149
NC_045512.10022	150
NC_045512.10023	149
NC_045512.10024	148
NC_045512.10025	147
NC_045512.10026	146
NC_045512.10027	145
NC_045512.10028	149
NC_045512.10029	143
NC_045512.10030	150
NC_045512.10031	141
NC_045512.10032	149
NC_045512.10033	147
NC_045512.10034	148
NC_045512.10035	149
NC_045512.10036	150
NC_045512.10037	149
NC_045512.10038	150
NC_045512.10039	150
NC_045512.10040	150
NC_045512.10041	150
NC_045512.10042	150
NC_045512.10043	150
NC_045512.10044	149
NC_045512.10045	148
NC_045512.10046	150
NC_045512.10047	150
NC_045512.10048	150
NC_045512.10049	150
NC_045512.10050	149
NC_045512.10051	150
NC_045512.10052	150
NC_045512.10053	150
NC_045512.10054	149
NC_045512.10055	150
NC_045512.10056	150
NC_045512.10057	150
NC_045512.10058	150
NC_045512.10059	146
NC_045512.10060	147
NC_045512.10061	148
NC_045512.10062	149
NC_045512.10063	150
NC_045512.10064	145
NC_045512.10065	144
NC_045512.10066	143
NC_045512.10067	142
NC_045512.10068	141
NC_045512.10069	140
NC_045512.10070	149
NC_045512.10071	150
NC_045512.10072	137
NC_045512.10073	147
NC_045512.10074	135
NC_045512.10075	134
NC_045512.10076	147
NC_045512.10077	149
NC_045512.10078	146
NC_045512.10079	130
NC_045512.10080	147
NC_045512.10081	146
NC_045512.10082	150
NC_045512.10083	144
NC_045512.10084	143
NC_045512.10085	145
NC_045512.10086	147
NC_045512.10087	147
NC_045512.10088	144
NC_045512.10089	138
NC_045512.10090	149
NC_045512.10091	149
NC_045512.10092	139
NC_045512.10093	150
NC_045512.10094	148
NC_045512.10095	146
NC_045512.10096	128
NC_045512.10097	150
NC_045512.10098	144
NC_045512.10099	131
NC_045512.10100	147
NC_045512.10101	148
NC_045512.10102	149
NC_045512.10103	149
NC_045512.10104	150
NC_045512.10105	149
NC_045512.10106	148
NC_045512.10107	139
NC_045512.10108	140
NC_045512.10109	141
NC_045512.10110	142
NC_045512.10111	143
NC_045512.10112	144
NC_045512.10113	145
NC_045512.10114	146
NC_045512.10115	147
NC_045512.10116	148
NC_045512.10117	150
NC_045512.10118	150
NC_045512.10119	144
NC_045512.10120	150
NC_045512.10121	149
NC_045512.10122	150
NC_045512.10123	149
NC_045512.10124	150
NC_045512.10125	150
NC_045512.10126	150
NC_045512.10127	149
NC_045512.10128	146
NC_045512.10129	147
NC_045512.10130	148
NC_045512.10131	149
NC_045512.10132	150
NC_045512.10133	145
NC_045512.10134	144
NC_045512.10135	147
NC_045512.10136	150
NC_045512.10137	150
NC_045512.10138	149
NC_045512.10139	150
NC_045512.10140	149
NC_045512.10141	150
NC_045512.10142	150
NC_045512.10143	150
NC_045512.10144	150
NC_045512.10145	149
NC_045512.10146	150
NC_045512.10147	150
NC_045512.10148	149
NC_045512.10149	143
NC_045512.10150	144
NC_045512.10151	144
NC_045512.10152	145
NC_045512.10153	146
NC_045512.10154	147
NC_045512.10155	148
NC_045512.10156	149
NC_045512.10157	150
NC_045512.10158	150
NC_045512.10159	150
NC_045512.10160	149
NC_045512.10161	150
NC_045512.10162	149
NC_045512.10163	148
NC_045512.10164	148
NC_045512.10165	149
NC_045512.10166	150
NC_045512.10167	149
NC_045512.10168	150
NC_045512.10169	150
NC_045512.10170	149
NC_045512.10171	150
NC_045512.10172	150
NC_045512.10173	150
NC_045512.10174	150
NC_045512.10175	149
NC_045512.10176	150
NC_045512.10177	150
NC_045512.10178	149
NC_045512.10179	149
NC_045512.10180	150
NC_045512.10181	150
NC_045512.10182	149
NC_045512.10183	150
NC_045512.10184	150
NC_045512.10185	150
NC_045512.10186	148
NC_045512.10187	150
NC_045512.10188	148
NC_045512.10189	149
NC_045512.10190	150
NC_045512.10191	146
NC_045512.10192	147
NC_045512.10193	148
NC_045512.10194	149
NC_045512.10195	150
NC_045512.10196	149
NC_045512.10197	148
NC_045512.10198	147
NC_045512.10199	146
NC_045512.10200	150
NC_045512.10201	149
NC_045512.10202	150
NC_045512.10203	150
NC_045512.10204	150
NC_045512.10205	145
NC_045512.10206	150
NC_045512.10207	147
NC_045512.10208	148
NC_045512.10209	150
NC_045512.10210	149
NC_045512.10211	150
NC_045512.10212	149
NC_045512.10213	148
NC_045512.10214	149
NC_045512.10215	150
NC_045512.10216	150
NC_045512.10217	149
NC_045512.10218	149
NC_045512.10219	150
NC_045512.10220	150
NC_045512.10221	147
NC_045512.10222	146
NC_045512.10223	145
NC_045512.10224	146
NC_045512.10225	147
NC_045512.10226	150
NC_045512.10227	148
NC_045512.10228	147
NC_045512.10229	146
NC_045512.10230	145
NC_045512.10231	150
NC_045512.10232	150
NC_045512.10233	150
NC_045512.10234	149
NC_045512.10235	149
NC_045512.10236	150
NC_045512.10237	149
NC_045512.10238	148
NC_045512.10239	147
NC_045512.10240	148
NC_045512.10241	149
NC_045512.10242	150
NC_045512.10243	150
NC_045512.10244	150
NC_045512.10245	150
NC_045512.10246	150
NC_045512.10247	149
NC_045512.10248	150
NC_045512.10249	149
NC_045512.10250	150
NC_045512.10251	150
NC_045512.10252	150
NC_045512.10253	150
NC_045512.10254	150
NC_045512.10255	148
NC_045512.10256	148
NC_045512.10257	150
NC_045512.10258	150
NC_045512.10259	149
NC_045512.10260	150
NC_045512.10261	150
NC_045512.10262	150
NC_045512.10263	150
NC_045512.10264	150
NC_045512.10265	150
NC_045512.10266	150
NC_045512.10267	149
NC_045512.10268	150
NC_045512.10269	150
NC_045512.10270	150
NC_045512.10271	149
NC_045512.10272	150
NC_045512.10273	148
NC_045512.10274	147
NC_045512.10275	146
NC_045512.10276	145
NC_045512.10277	148
NC_045512.10278	149
NC_045512.10279	150
NC_045512.10280	150
NC_045512.10281	150
NC_045512.10282	150
NC_045512.10283	148
NC_045512.10284	147
NC_045512.10285	146
NC_045512.10286	145
NC_045512.10287	150
NC_045512.10288	150
NC_045512.10289	149
NC_045512.10290	150
NC_045512.10291	150
NC_045512.10292	150
NC_045512.10293	150
NC_045512.10294	149
NC_045512.10295	149
NC_045512.10296	150
NC_045512.10297	149
NC_045512.10298	148
NC_045512.10299	147
NC_045512.10300	146
NC_045512.10301	145
NC_045512.10302	150
NC_045512.10303	143
NC_045512.10304	142
NC_045512.10305	141
NC_045512.10306	140
NC_045512.10307	139
NC_045512.10308	138
NC_045512.10309	137
NC_045512.10310	136
NC_045512.10311	135
NC_045512.10312	134
NC_045512.10313	133
NC_045512.10314	132
NC_045512.10315	131
NC_045512.10316	130
NC_045512.10317	129
NC_045512.10318	128
NC_045512.10319	127
NC_045512.10320	126
NC_045512.10321	125
NC_045512.10322	124
NC_045512.10323	149
NC_045512.10324	149
NC_045512.10325	149
NC_045512.10326	149
NC_045512.10327	150
NC_045512.10328	150
NC_045512.10329	117
NC_045512.10330	149
NC_045512.10331	115
NC_045512.10332	146
NC_045512.10333	150
NC_045512.10334	147
NC_045512.10335	145
NC_045512.10336	145
NC_045512.10337	148
NC_045512.10338	150
NC_045512.10339	146
NC_045512.10340	150
NC_045512.10341	150
NC_045512.10342	149
NC_045512.10343	150
NC_045512.10344	149
NC_045512.10345	149
NC_045512.10346	150
NC_045512.10347	149
NC_045512.10348	149
NC_045512.10349	149
NC_045512.10350	149
NC_045512.10351	148
NC_045512.10352	149
NC_045512.10353	147
NC_045512.10354	147
NC_045512.10355	150
NC_045512.10356	149
NC_045512.10357	150
NC_045512.10358	139
NC_045512.10359	148
NC_045512.10360	148
NC_045512.10361	149
NC_045512.10362	150
NC_045512.10363	150
NC_045512.10364	150
NC_045512.10365	146
NC_045512.10366	147
NC_045512.10367	148
NC_045512.10368	149
NC_045512.10369	150
NC_045512.10370	150
NC_045512.10371	145
NC_045512.10372	146
NC_045512.10373	150
NC_045512.10374	150
NC_045512.10375	150
NC_045512.10376	150
NC_045512.10377	149
NC_045512.10378	150
NC_045512.10379	150
NC_045512.10380	149
NC_045512.10381	150
NC_045512.10382	149
NC_045512.10383	150
NC_045512.10384	150
NC_045512.10385	150
NC_045512.10386	149
NC_045512.10387	148
NC_045512.10388	149
NC_045512.10389	150
NC_045512.10390	150
NC_045512.10391	149
NC_045512.10392	148
NC_045512.10393	149
NC_045512.10394	148
NC_045512.10395	146
NC_045512.10396	147
NC_045512.10397	145
NC_045512.10398	144
NC_045512.10399	143
NC_045512.10400	142
NC_045512.10401	141
NC_045512.10402	146
NC_045512.10403	146
NC_045512.10404	148
NC_045512.10405	147
NC_045512.10406	150
NC_045512.10407	150
NC_045512.10408	149
NC_045512.10409	147
NC_045512.10410	149
NC_045512.10411	147
NC_045512.10412	149
NC_045512.10413	149
NC_045512.10414	150
NC_045512.10415	142
NC_045512.10416	144
NC_045512.10417	145
NC_045512.10418	146
NC_045512.10419	150
NC_045512.10420	147
NC_045512.10421	150
NC_045512.10422	149
NC_045512.10423	147
NC_045512.10424	149
NC_045512.10425	149
NC_045512.10426	150
NC_045512.10427	145
NC_045512.10428	146
NC_045512.10429	147
NC_045512.10430	150
NC_045512.10431	149
NC_045512.10432	150
NC_045512.10433	148
NC_045512.10434	125
NC_045512.10435	126
NC_045512.10436	127
NC_045512.10437	128
NC_045512.10438	129
NC_045512.10439	130
NC_045512.10440	131
NC_045512.10441	132
NC_045512.10442	133
NC_045512.10443	134
NC_045512.10444	135
NC_045512.10445	136
NC_045512.10446	137
NC_045512.10447	138
NC_045512.10448	139
NC_045512.10449	140
NC_045512.10450	141
NC_045512.10451	142
NC_045512.10452	143
NC_045512.10453	144
NC_045512.10454	145
NC_045512.10455	146
NC_045512.10456	147
NC_045512.10457	148
NC_045512.10458	147
NC_045512.10459	150
NC_045512.10460	150
NC_045512.10461	149
NC_045512.10462	150
NC_045512.10463	150
NC_045512.10464	148
NC_045512.10465	150
NC_045512.10466	148
NC_045512.10467	147
NC_045512.10468	145
NC_045512.10469	145
NC_045512.10470	150
NC_045512.10471	150
NC_045512.10472	149
NC_045512.10473	150
NC_045512.10474	150
NC_045512.10475	147
NC_045512.10476	150
NC_045512.10477	149
NC_045512.10478	149
NC_045512.10479	150
NC_045512.10480	149
NC_045512.10481	148
NC_045512.10482	147
NC_045512.10483	146
NC_045512.10484	150
NC_045512.10485	144
NC_045512.10486	149
NC_045512.10487	142
NC_045512.10488	141
NC_045512.10489	150
NC_045512.10490	139
NC_045512.10491	138
NC_045512.10492	146
NC_045512.10493	150
NC_045512.10494	148
NC_045512.10495	149
NC_045512.10496	150
NC_045512.10497	150
NC_045512.10498	147
NC_045512.10499	147
NC_045512.10500	147
NC_045512.10501	146
NC_045512.10502	145
NC_045512.10503	144
NC_045512.10504	143
NC_045512.10505	148
NC_045512.10506	150
NC_045512.10507	147
NC_045512.10508	148
NC_045512.10509	149
NC_045512.10510	150
NC_045512.10511	150
NC_045512.10512	150
NC_045512.10513	149
NC_045512.10514	150
NC_045512.10515	150
NC_045512.10516	150
NC_045512.10517	149
NC_045512.10518	150
NC_045512.10519	150
NC_045512.10520	149
NC_045512.10521	149
NC_045512.10522	150
NC_045512.10523	149
NC_045512.10524	150
NC_045512.10525	149
NC_045512.10526	150
NC_045512.10527	149
NC_045512.10528	150
NC_045512.10529	150
NC_045512.10530	149
NC_045512.10531	148
NC_045512.10532	148
NC_045512.10533	149
NC_045512.10534	150
NC_045512.10535	150
NC_045512.10536	150
NC_045512.10537	149
NC_045512.10538	145
NC_045512.10539	146
NC_045512.10540	147
NC_045512.10541	150
NC_045512.10542	149
NC_045512.10543	150
NC_045512.10544	148
NC_045512.10545	150
NC_045512.10546	146
NC_045512.10547	150
NC_045512.10548	150
NC_045512.10549	150
NC_045512.10550	150
NC_045512.10551	150
NC_045512.10552	150
NC_045512.10553	150
NC_045512.10554	149
NC_045512.10555	148
NC_045512.10556	146
NC_045512.10557	150
NC_045512.10558	149
NC_045512.10559	146
NC_045512.10560	143
NC_045512.10561	148
NC_045512.10562	145
NC_045512.10563	146
NC_045512.10564	147
NC_045512.10565	145
NC_045512.10566	147
NC_045512.10567	138
NC_045512.10568	141
NC_045512.10569	140
NC_045512.10570	139
NC_045512.10571	142
NC_045512.10572	141
NC_045512.10573	141
NC_045512.10574	149
NC_045512.10575	143
NC_045512.10576	144
NC_045512.10577	145
NC_045512.10578	146
NC_045512.10579	147
NC_045512.10580	148
NC_045512.10581	150
NC_045512.10582	146
NC_045512.10583	150
NC_045512.10584	147
NC_045512.10585	142
NC_045512.10586	143
NC_045512.10587	144
NC_045512.10588	145
NC_045512.10589	146
NC_045512.10590	147
NC_045512.10591	150
NC_045512.10592	146
NC_045512.10593	147
NC_045512.10594	142
NC_045512.10595	137
NC_045512.10596	141
NC_045512.10597	143
NC_045512.10598	142
NC_045512.10599	141
NC_045512.10600	140
NC_045512.10601	139
NC_045512.10602	138
NC_045512.10603	137
NC_045512.10604	136
NC_045512.10605	135
NC_045512.10606	134
NC_045512.10607	133
NC_045512.10608	143
NC_045512.10609	150
NC_045512.10610	145
NC_045512.10611	145
NC_045512.10612	147
NC_045512.10613	145
NC_045512.10614	150
NC_045512.10615	149
NC_045512.10616	149
NC_045512.10617	148
NC_045512.10618	150
NC_045512.10619	150
NC_045512.10620	150
NC_045512.10621	150
NC_045512.10622	150
NC_045512.10623	149
NC_045512.10624	150
NC_045512.10625	145
NC_045512.10626	146
NC_045512.10627	147
NC_045512.10628	148
NC_045512.10629	149
NC_045512.10630	150
NC_045512.10631	150
NC_045512.10632	150
NC_045512.10633	150
NC_045512.10634	149
NC_045512.10635	150
NC_045512.10636	150
NC_045512.10637	150
NC_045512.10638	150
NC_045512.10639	150
NC_045512.10640	150
NC_045512.10641	150
NC_045512.10642	149
NC_045512.10643	149
NC_045512.10644	150
NC_045512.10645	149
NC_045512.10646	150
NC_045512.10647	149
NC_045512.10648	150
NC_045512.10649	150
NC_045512.10650	150
NC_045512.10651	150
NC_045512.10652	150
NC_045512.10653	150
NC_045512.10654	150
NC_045512.10655	149
NC_045512.10656	149
NC_045512.10657	150
NC_045512.10658	149
NC_045512.10659	150
NC_045512.10660	150
NC_045512.10661	150
NC_045512.10662	150
NC_045512.10663	150
NC_045512.10664	149
NC_045512.10665	150
NC_045512.10666	149
NC_045512.10667	149
NC_045512.10668	148
NC_045512.10669	149
NC_045512.10670	143
NC_045512.10671	147
NC_045512.10672	149
NC_045512.10673	149
NC_045512.10674	146
NC_045512.10675	148
NC_045512.10676	146
NC_045512.10677	147
NC_045512.10678	150
NC_045512.10679	145
NC_045512.10680	144
NC_045512.10681	143
NC_045512.10682	142
NC_045512.10683	141
NC_045512.10684	148
NC_045512.10685	150
NC_045512.10686	150
NC_045512.10687	144
NC_045512.10688	145
NC_045512.10689	150
NC_045512.10690	141
NC_045512.10691	146
NC_045512.10692	147
NC_045512.10693	146
NC_045512.10694	149
NC_045512.10695	147
NC_045512.10696	149
NC_045512.10697	150
NC_045512.10698	146
NC_045512.10699	148
NC_045512.10700	149
NC_045512.10701	148
NC_045512.10702	146
NC_045512.10703	150
NC_045512.10704	148
NC_045512.10705	148
NC_045512.10706	149
NC_045512.10707	150
NC_045512.10708	144
NC_045512.10709	145
NC_045512.10710	146
NC_045512.10711	147
NC_045512.10712	150
NC_045512.10713	149
NC_045512.10714	150
NC_045512.10715	150
NC_045512.10716	149
NC_045512.10717	150
NC_045512.10718	149
NC_045512.10719	150
NC_045512.10720	149
NC_045512.10721	149
NC_045512.10722	150
NC_045512.10723	150
NC_045512.10724	150
NC_045512.10725	150
NC_045512.10726	150
NC_045512.10727	150
NC_045512.10728	150
NC_045512.10729	150
NC_045512.10730	150
NC_045512.10731	134
NC_045512.10732	135
NC_045512.10733	136
NC_045512.10734	137
NC_045512.10735	138
NC_045512.10736	139
NC_045512.10737	140
NC_045512.10738	141
NC_045512.10739	142
NC_045512.10740	143
NC_045512.10741	144
NC_045512.10742	145
NC_045512.10743	146
NC_045512.10744	147
NC_045512.10745	148
NC_045512.10746	149
NC_045512.10747	150
NC_045512.10748	150
NC_045512.10749	149
NC_045512.10750	149
NC_045512.10751	150
NC_045512.10752	149
NC_045512.10753	148
NC_045512.10754	148
NC_045512.10755	149
NC_045512.10756	150
NC_045512.10757	149
NC_045512.10758	150
NC_045512.10759	149
NC_045512.10760	150
NC_045512.10761	150
NC_045512.10762	150
NC_045512.10763	150
NC_045512.10764	150
NC_045512.10765	149
NC_045512.10766	149
NC_045512.10767	150
NC_045512.10768	149
NC_045512.10769	149
NC_045512.10770	150
NC_045512.10771	150
NC_045512.10772	150
NC_045512.10773	150
NC_045512.10774	150
NC_045512.10775	150
NC_045512.10776	150
NC_045512.10777	150
NC_045512.10778	149
NC_045512.10779	150
NC_045512.10780	150
NC_045512.10781	150
NC_045512.10782	150
NC_045512.10783	150
NC_045512.10784	150
NC_045512.10785	149
NC_045512.10786	150
NC_045512.10787	150
NC_045512.10788	150
NC_045512.10789	150
NC_045512.10790	149
NC_045512.10791	150
NC_045512.10792	149
NC_045512.10793	149
NC_045512.10794	150
NC_045512.10795	150
NC_045512.10796	149
NC_045512.10797	147
NC_045512.10798	148
NC_045512.10799	148
NC_045512.10800	150
NC_045512.10801	150
NC_045512.10802	149
NC_045512.10803	150
NC_045512.10804	150
NC_045512.10805	150
NC_045512.10806	149
NC_045512.10807	149
NC_045512.10808	149
NC_045512.10809	150
NC_045512.10810	150
NC_045512.10811	149
NC_045512.10812	150
NC_045512.10813	149
NC_045512.10814	149
NC_045512.10815	150
NC_045512.10816	150
NC_045512.10817	148
NC_045512.10818	143
NC_045512.10819	144
NC_045512.10820	145
NC_045512.10821	150
NC_045512.10822	150
NC_045512.10823	150
NC_045512.10824	144
NC_045512.10825	148
NC_045512.10826	149
NC_045512.10827	150
NC_045512.10828	150
NC_045512.10829	150
NC_045512.10830	150
NC_045512.10831	150
NC_045512.10832	150
NC_045512.10833	149
NC_045512.10834	147
NC_045512.10835	147
NC_045512.10836	146
NC_045512.10837	150
NC_045512.10838	149
NC_045512.10839	149
NC_045512.10840	150
NC_045512.10841	149
NC_045512.10842	150
NC_045512.10843	150
NC_045512.10844	149
NC_045512.10845	150
NC_045512.10846	150
NC_045512.10847	146
NC_045512.10848	148
NC_045512.10849	149
NC_045512.10850	147
NC_045512.10851	148
NC_045512.10852	149
NC_045512.10853	150
NC_045512.10854	149
NC_045512.10855	149
NC_045512.10856	143
NC_045512.10857	150
NC_045512.10858	149
NC_045512.10859	150
NC_045512.10860	150
NC_045512.10861	150
NC_045512.10862	150
NC_045512.10863	150
NC_045512.10864	150
NC_045512.10865	149
NC_045512.10866	149
NC_045512.10867	150
NC_045512.10868	150
NC_045512.10869	149
NC_045512.10870	148
NC_045512.10871	147
NC_045512.10872	146
NC_045512.10873	150
NC_045512.10874	145
NC_045512.10875	144
NC_045512.10876	149
NC_045512.10877	150
NC_045512.10878	150
NC_045512.10879	150
NC_045512.10880	149
NC_045512.10881	150
NC_045512.10882	150
NC_045512.10883	149
NC_045512.10884	150
NC_045512.10885	150
NC_045512.10886	150
NC_045512.10887	150
NC_045512.10888	149
NC_045512.10889	150
NC_045512.10890	149
NC_045512.10891	149
NC_045512.10892	150
NC_045512.10893	149
NC_045512.10894	150
NC_045512.10895	149
NC_045512.10896	150
NC_045512.10897	149
NC_045512.10898	150
NC_045512.10899	150
NC_045512.10900	149
NC_045512.10901	148
NC_045512.10902	147
NC_045512.10903	146
NC_045512.10904	145
NC_045512.10905	150
NC_045512.10906	143
NC_045512.10907	142
NC_045512.10908	141
NC_045512.10909	140
NC_045512.10910	139
NC_045512.10911	138
NC_045512.10912	137
NC_045512.10913	150
NC_045512.10914	135
NC_045512.10915	150
NC_045512.10916	150
NC_045512.10917	150
NC_045512.10918	150
NC_045512.10919	150
NC_045512.10920	150
NC_045512.10921	149
NC_045512.10922	150
NC_045512.10923	149
NC_045512.10924	148
NC_045512.10925	149
NC_045512.10926	150
NC_045512.10927	150
NC_045512.10928	150
NC_045512.10929	147
NC_045512.10930	146
NC_045512.10931	145
NC_045512.10932	144
NC_045512.10933	143
NC_045512.10934	142
NC_045512.10935	141
NC_045512.10936	140
NC_045512.10937	150
NC_045512.10938	150
NC_045512.10939	148
NC_045512.10940	136
NC_045512.10941	150
NC_045512.10942	149
NC_045512.10943	133
NC_045512.10944	146
NC_045512.10945	146
NC_045512.10946	145
NC_045512.10947	148
NC_045512.10948	147
NC_045512.10949	149
NC_045512.10950	148
NC_045512.10951	148
NC_045512.10952	143
NC_045512.10953	142
NC_045512.10954	146
NC_045512.10955	145
NC_045512.10956	149
NC_045512.10957	139
NC_045512.10958	142
NC_045512.10959	148
NC_045512.10960	150
NC_045512.10961	148
NC_045512.10962	143
NC_045512.10963	144
NC_045512.10964	147
NC_045512.10965	146
NC_045512.10966	147
NC_045512.10967	148
NC_045512.10968	149
NC_045512.10969	147
NC_045512.10970	147
NC_045512.10971	149
NC_045512.10972	141
NC_045512.10973	150
NC_045512.10974	149
NC_045512.10975	150
NC_045512.10976	145
NC_045512.10977	146
NC_045512.10978	147
NC_045512.10979	148
NC_045512.10980	149
NC_045512.10981	150
NC_045512.10982	150
NC_045512.10983	150
NC_045512.10984	150
NC_045512.10985	150
NC_045512.10986	150
NC_045512.10987	150
NC_045512.10988	150
NC_045512.10989	150
NC_045512.10990	148
NC_045512.10991	147
NC_045512.10992	146
NC_045512.10993	145
NC_045512.10994	144
NC_045512.10995	150
NC_045512.10996	142
NC_045512.10997	147
NC_045512.10998	148
NC_045512.10999	149
NC_045512.11000	150
NC_045512.11001	149
NC_045512.11002	149
NC_045512.11003	147
NC_045512.11004	148
NC_045512.11005	150
NC_045512.11006	146
NC_045512.11007	149
NC_045512.11008	148
NC_045512.11009	146
NC_045512.11010	147
NC_045512.11011	148
NC_045512.11012	149
NC_045512.11013	150
NC_045512.11014	144
NC_045512.11015	145
NC_045512.11016	146
NC_045512.11017	147
NC_045512.11018	148
NC_045512.11019	150
NC_045512.11020	150
NC_045512.11021	149
NC_045512.11022	149
NC_045512.11023	150
NC_045512.11024	150
NC_045512.11025	149
NC_045512.11026	150
NC_045512.11027	150
NC_045512.11028	149
NC_045512.11029	123
NC_045512.11030	145
NC_045512.11031	145
NC_045512.11032	145
NC_045512.11033	144
NC_045512.11034	128
NC_045512.11035	150
NC_045512.11036	146
NC_045512.11037	144
NC_045512.11038	144
NC_045512.11039	133
NC_045512.11040	134
NC_045512.11041	135
NC_045512.11042	136
NC_045512.11043	137
NC_045512.11044	138
NC_045512.11045	139
NC_045512.11046	140
NC_045512.11047	141
NC_045512.11048	142
NC_045512.11049	143
NC_045512.11050	144
NC_045512.11051	145
NC_045512.11052	146
NC_045512.11053	144
NC_045512.11054	148
NC_045512.11055	149
NC_045512.11056	143
NC_045512.11057	150
NC_045512.11058	148
NC_045512.11059	149
NC_045512.11060	149
NC_045512.11061	146
NC_045512.11062	148
NC_045512.11063	144
NC_045512.11064	146
NC_045512.11065	148
NC_045512.11066	150
NC_045512.11067	150
NC_045512.11068	137
NC_045512.11069	138
NC_045512.11070	139
NC_045512.11071	140
NC_045512.11072	141
NC_045512.11073	142
NC_045512.11074	147
NC_045512.11075	146
NC_045512.11076	140
NC_045512.11077	146
NC_045512.11078	143
NC_045512.11079	142
NC_045512.11080	141
NC_045512.11081	140
NC_045512.11082	139
NC_045512.11083	149
NC_045512.11084	149
NC_045512.11085	149
NC_045512.11086	149
NC_045512.11087	148
NC_045512.11088	148
NC_045512.11089	148
NC_045512.11090	147
NC_045512.11091	149
NC_045512.11092	150
NC_045512.11093	148
NC_045512.11094	149
NC_045512.11095	148
NC_045512.11096	145
NC_045512.11097	146
NC_045512.11098	147
NC_045512.11099	150
NC_045512.11100	150
NC_045512.11101	149
NC_045512.11102	150
NC_045512.11103	147
NC_045512.11104	146
NC_045512.11105	145
NC_045512.11106	144
NC_045512.11107	143
NC_045512.11108	149
NC_045512.11109	149
NC_045512.11110	150
NC_045512.11111	150
NC_045512.11112	149
NC_045512.11113	150
NC_045512.11114	150
NC_045512.11115	149
NC_045512.11116	148
NC_045512.11117	150
NC_045512.11118	150
NC_045512.11119	150
NC_045512.11120	150
NC_045512.11121	145
NC_045512.11122	150
NC_045512.11123	149
NC_045512.11124	150
NC_045512.11125	149
NC_045512.11126	150
NC_045512.11127	150
NC_045512.11128	149
NC_045512.11129	150
NC_045512.11130	149
NC_045512.11131	150
NC_045512.11132	149
NC_045512.11133	144
NC_045512.11134	145
NC_045512.11135	146
NC_045512.11136	147
NC_045512.11137	148
NC_045512.11138	150
NC_045512.11139	149
NC_045512.11140	150
NC_045512.11141	150
NC_045512.11142	150
NC_045512.11143	149
NC_045512.11144	150
NC_045512.11145	150
NC_045512.11146	149
NC_045512.11147	148
NC_045512.11148	147
NC_045512.11149	146
NC_045512.11150	145
NC_045512.11151	144
NC_045512.11152	142
NC_045512.11153	150
NC_045512.11154	141
NC_045512.11155	140
NC_045512.11156	147
NC_045512.11157	138
NC_045512.11158	136
NC_045512.11159	149
NC_045512.11160	150
NC_045512.11161	149
NC_045512.11162	149
NC_045512.11163	150
NC_045512.11164	149
NC_045512.11165	149
NC_045512.11166	150
NC_045512.11167	150
NC_045512.11168	149
NC_045512.11169	148
NC_045512.11170	136
NC_045512.11171	138
NC_045512.11172	139
NC_045512.11173	140
NC_045512.11174	147
NC_045512.11175	149
NC_045512.11176	143
NC_045512.11177	144
NC_045512.11178	145
NC_045512.11179	150
NC_045512.11180	149
NC_045512.11181	145
NC_045512.11182	147
NC_045512.11183	149
NC_045512.11184	150
NC_045512.11185	148
NC_045512.11186	150
NC_045512.11187	147
NC_045512.11188	150
NC_045512.11189	145
NC_045512.11190	150
NC_045512.11191	143
NC_045512.11192	148
NC_045512.11193	149
NC_045512.11194	150
NC_045512.11195	145
NC_045512.11196	146
NC_045512.11197	147
NC_045512.11198	150
NC_045512.11199	149
NC_045512.11200	148
NC_045512.11201	149
NC_045512.11202	149
NC_045512.11203	149
NC_045512.11204	149
NC_045512.11205	149
NC_045512.11206	150
NC_045512.11207	149
NC_045512.11208	150
NC_045512.11209	150
NC_045512.11210	148
NC_045512.11211	148
NC_045512.11212	149
NC_045512.11213	150
NC_045512.11214	149
NC_045512.11215	150
NC_045512.11216	139
NC_045512.11217	140
NC_045512.11218	150
NC_045512.11219	142
NC_045512.11220	143
NC_045512.11221	144
NC_045512.11222	145
NC_045512.11223	146
NC_045512.11224	150
NC_045512.11225	150
NC_045512.11226	150
NC_045512.11227	150
NC_045512.11228	150
NC_045512.11229	149
NC_045512.11230	149
NC_045512.11231	150
NC_045512.11232	149
NC_045512.11233	149
NC_045512.11234	149
NC_045512.11235	150
NC_045512.11236	150
NC_045512.11237	150
NC_045512.11238	150
NC_045512.11239	150
NC_045512.11240	149
NC_045512.11241	150
NC_045512.11242	150
NC_045512.11243	150
NC_045512.11244	150
NC_045512.11245	150
NC_045512.11246	145
NC_045512.11247	150
NC_045512.11248	149
NC_045512.11249	148
NC_045512.11250	147
NC_045512.11251	146
NC_045512.11252	147
NC_045512.11253	148
NC_045512.11254	149
NC_045512.11255	150
NC_045512.11256	150
NC_045512.11257	150
NC_045512.11258	150
NC_045512.11259	149
NC_045512.11260	150
NC_045512.11261	150
NC_045512.11262	149
NC_045512.11263	149
NC_045512.11264	150
NC_045512.11265	150
NC_045512.11266	149
NC_045512.11267	150
NC_045512.11268	150
NC_045512.11269	149
NC_045512.11270	150
NC_045512.11271	150
NC_045512.11272	150
NC_045512.11273	150
NC_045512.11274	149
NC_045512.11275	149
NC_045512.11276	150
NC_045512.11277	149
NC_045512.11278	150
NC_045512.11279	150
NC_045512.11280	150
NC_045512.11281	150
NC_045512.11282	150
NC_045512.11283	149
NC_045512.11284	148
NC_045512.11285	149
NC_045512.11286	150
NC_045512.11287	150
NC_045512.11288	140
NC_045512.11289	141
NC_045512.11290	142
NC_045512.11291	143
NC_045512.11292	150
NC_045512.11293	145
NC_045512.11294	146
NC_045512.11295	147
NC_045512.11296	148
NC_045512.11297	150
NC_045512.11298	149
NC_045512.11299	150
NC_045512.11300	150
NC_045512.11301	150
NC_045512.11302	149
NC_045512.11303	149
NC_045512.11304	150
NC_045512.11305	149
NC_045512.11306	148
NC_045512.11307	147
NC_045512.11308	148
NC_045512.11309	150
NC_045512.11310	150
NC_045512.11311	149
NC_045512.11312	149
NC_045512.11313	150
NC_045512.11314	150
NC_045512.11315	149
NC_045512.11316	150
NC_045512.11317	150
NC_045512.11318	150
NC_045512.11319	149
NC_045512.11320	149
NC_045512.11321	149
NC_045512.11322	149
NC_045512.11323	149
NC_045512.11324	149
NC_045512.11325	150
NC_045512.11326	149
NC_045512.11327	148
NC_045512.11328	149
NC_045512.11329	144
NC_045512.11330	150
NC_045512.11331	146
NC_045512.11332	147
NC_045512.11333	147
NC_045512.11334	147
NC_045512.11335	146
NC_045512.11336	148
NC_045512.11337	149
NC_045512.11338	150
NC_045512.11339	150
NC_045512.11340	150
NC_045512.11341	149
NC_045512.11342	150
NC_045512.11343	150
NC_045512.11344	150
NC_045512.11345	150
NC_045512.11346	144
NC_045512.11347	145
NC_045512.11348	146
NC_045512.11349	147
NC_045512.11350	148
NC_045512.11351	149
NC_045512.11352	150
NC_045512.11353	149
NC_045512.11354	148
NC_045512.11355	147
NC_045512.11356	146
NC_045512.11357	150
NC_045512.11358	149
NC_045512.11359	149
NC_045512.11360	150
NC_045512.11361	150
NC_045512.11362	149
NC_045512.11363	150
NC_045512.11364	149
NC_045512.11365	149
NC_045512.11366	150
NC_045512.11367	150
NC_045512.11368	150
NC_045512.11369	150
NC_045512.11370	150
NC_045512.11371	150
NC_045512.11372	149
NC_045512.11373	150
NC_045512.11374	150
NC_045512.11375	150
NC_045512.11376	150
NC_045512.11377	150
NC_045512.11378	150
NC_045512.11379	145
NC_045512.11380	146
NC_045512.11381	147
NC_045512.11382	148
NC_045512.11383	149
NC_045512.11384	150
NC_045512.11385	149
NC_045512.11386	148
NC_045512.11387	147
NC_045512.11388	146
NC_045512.11389	145
NC_045512.11390	150
NC_045512.11391	149
NC_045512.11392	148
NC_045512.11393	150
NC_045512.11394	147
NC_045512.11395	150
NC_045512.11396	145
NC_045512.11397	150
NC_045512.11398	150
NC_045512.11399	149
NC_045512.11400	150
NC_045512.11401	149
NC_045512.11402	150
NC_045512.11403	149
NC_045512.11404	149
NC_045512.11405	150
NC_045512.11406	150
NC_045512.11407	150
NC_045512.11408	150
NC_045512.11409	149
NC_045512.11410	149
NC_045512.11411	150
NC_045512.11412	149
NC_045512.11413	149
NC_045512.11414	149
NC_045512.11415	150
NC_045512.11416	150
NC_045512.11417	150
NC_045512.11418	148
NC_045512.11419	150
NC_045512.11420	148
NC_045512.11421	149
NC_045512.11422	150
NC_045512.11423	150
NC_045512.11424	150
NC_045512.11425	148
NC_045512.11426	149
NC_045512.11427	148
NC_045512.11428	147
NC_045512.11429	148
NC_045512.11430	149
NC_045512.11431	150
NC_045512.11432	150
NC_045512.11433	150
NC_045512.11434	149
NC_045512.11435	150
NC_045512.11436	150
NC_045512.11437	149
NC_045512.11438	149
NC_045512.11439	150
NC_045512.11440	149
NC_045512.11441	150
NC_045512.11442	150
NC_045512.11443	149
NC_045512.11444	149
NC_045512.11445	150
NC_045512.11446	150
NC_045512.11447	150
NC_045512.11448	150
NC_045512.11449	150
NC_045512.11450	150
NC_045512.11451	150
NC_045512.11452	150
NC_045512.11453	149
NC_045512.11454	147
NC_045512.11455	148
NC_045512.11456	149
NC_045512.11457	150
NC_045512.11458	149
NC_045512.11459	148
NC_045512.11460	149
NC_045512.11461	150
NC_045512.11462	149
NC_045512.11463	150
NC_045512.11464	150
NC_045512.11465	150
NC_045512.11466	150
NC_045512.11467	150
NC_045512.11468	150
NC_045512.11469	149
NC_045512.11470	149
NC_045512.11471	150
NC_045512.11472	150
NC_045512.11473	150
NC_045512.11474	150
NC_045512.11475	150
NC_045512.11476	150
NC_045512.11477	150
NC_045512.11478	150
NC_045512.11479	149
NC_045512.11480	150
NC_045512.11481	150
NC_045512.11482	149
NC_045512.11483	148
NC_045512.11484	147
NC_045512.11485	150
NC_045512.11486	150
NC_045512.11487	144
NC_045512.11488	150
NC_045512.11489	150
NC_045512.11490	150
NC_045512.11491	150
NC_045512.11492	150
NC_045512.11493	149
NC_045512.11494	148
NC_045512.11495	149
NC_045512.11496	150
NC_045512.11497	149
NC_045512.11498	150
NC_045512.11499	150
NC_045512.11500	150
NC_045512.11501	150
NC_045512.11502	150
NC_045512.11503	150
NC_045512.11504	150
NC_045512.11505	150
NC_045512.11506	150
NC_045512.11507	148
NC_045512.11508	147
NC_045512.11509	146
NC_045512.11510	145
NC_045512.11511	150
NC_045512.11512	149
NC_045512.11513	150
NC_045512.11514	149
NC_045512.11515	150
NC_045512.11516	148
NC_045512.11517	149
NC_045512.11518	149
NC_045512.11519	149
NC_045512.11520	149
NC_045512.11521	147
NC_045512.11522	150
NC_045512.11523	146
NC_045512.11524	146
NC_045512.11525	145
NC_045512.11526	150
NC_045512.11527	143
NC_045512.11528	149
NC_045512.11529	147
NC_045512.11530	147
NC_045512.11531	148
NC_045512.11532	146
NC_045512.11533	149
NC_045512.11534	148
NC_045512.11535	143
NC_045512.11536	147
NC_045512.11537	145
NC_045512.11538	141
NC_045512.11539	149
NC_045512.11540	150
NC_045512.11541	150
NC_045512.11542	149
NC_045512.11543	139
NC_045512.11544	147
NC_045512.11545	144
NC_045512.11546	150
NC_045512.11547	150
NC_045512.11548	150
NC_045512.11549	149
NC_045512.11550	150
NC_045512.11551	150
NC_045512.11552	149
NC_045512.11553	150
NC_045512.11554	150
NC_045512.11555	148
NC_045512.11556	147
NC_045512.11557	146
NC_045512.11558	145
NC_045512.11559	144
NC_045512.11560	143
NC_045512.11561	142
NC_045512.11562	141
NC_045512.11563	140
NC_045512.11564	139
NC_045512.11565	138
NC_045512.11566	137
NC_045512.11567	136
NC_045512.11568	135
NC_045512.11569	134
NC_045512.11570	133
NC_045512.11571	132
NC_045512.11572	131
NC_045512.11573	130
NC_045512.11574	150
NC_045512.11575	149
NC_045512.11576	150
NC_045512.11577	149
NC_045512.11578	150
NC_045512.11579	148
NC_045512.11580	147
NC_045512.11581	146
NC_045512.11582	145
NC_045512.11583	150
NC_045512.11584	150
NC_045512.11585	142
NC_045512.11586	148
NC_045512.11587	147
NC_045512.11588	149
NC_045512.11589	149
NC_045512.11590	149
NC_045512.11591	148
NC_045512.11592	147
NC_045512.11593	146
NC_045512.11594	150
NC_045512.11595	150
NC_045512.11596	149
NC_045512.11597	150
NC_045512.11598	150
NC_045512.11599	149
NC_045512.11600	146
NC_045512.11601	146
NC_045512.11602	144
NC_045512.11603	143
NC_045512.11604	142
NC_045512.11605	141
NC_045512.11606	142
NC_045512.11607	139
NC_045512.11608	140
NC_045512.11609	139
NC_045512.11610	136
NC_045512.11644	149
NC_045512.11645	150
NC_045512.11646	149
NC_045512.11647	148
NC_045512.11648	147
NC_045512.11649	149
NC_045512.11650	143
NC_045512.11651	144
NC_045512.11652	145
NC_045512.11653	146
NC_045512.11654	147
NC_045512.11655	148
NC_045512.11656	149
NC_045512.11657	150
NC_045512.11658	149
NC_045512.11659	148
NC_045512.11660	147
NC_045512.11661	146
NC_045512.11662	145
NC_045512.11663	144
NC_045512.11664	143
NC_045512.11665	142
NC_045512.11666	141
NC_045512.11667	140
NC_045512.11668	139
NC_045512.11669	138
NC_045512.11670	137
NC_045512.11671	136
NC_045512.11672	135
NC_045512.11673	134
NC_045512.11674	133
NC_045512.11675	132
NC_045512.11676	144
NC_045512.11677	149
NC_045512.11678	150
NC_045512.11679	145
NC_045512.11680	149
NC_045512.11681	145
NC_045512.11682	149
NC_045512.11683	140
NC_045512.11684	150
NC_045512.11685	146
NC_045512.11686	149
NC_045512.11687	149
NC_045512.11688	150
NC_045512.11689	147
NC_045512.11690	145
NC_045512.11691	150
NC_045512.11692	145
NC_045512.11693	136
NC_045512.11694	131
NC_045512.11695	126
NC_045512.11696	139
NC_045512.11697	128
NC_045512.11698	129
NC_045512.11699	142
NC_045512.11700	150
NC_045512.11701	132
NC_045512.11702	145
NC_045512.11703	146
NC_045512.11704	150
NC_045512.11705	142
NC_045512.11706	150
NC_045512.11707	150
NC_045512.11708	145
NC_045512.11709	140
NC_045512.11710	141
NC_045512.11711	142
NC_045512.11712	143
NC_045512.11713	144
NC_045512.11714	145
NC_045512.11715	146
NC_045512.11716	150
NC_045512.11717	148
NC_045512.11718	150
NC_045512.11719	141
NC_045512.11720	150
NC_045512.11721	143
NC_045512.11722	144
NC_045512.11723	150
NC_045512.11724	146
NC_045512.11725	147
NC_045512.11726	146
NC_045512.11727	147
NC_045512.11728	150
NC_045512.11729	150
NC_045512.11730	150
NC_045512.11731	149
NC_045512.11732	150
NC_045512.11733	150
NC_045512.11734	135
NC_045512.11735	136
NC_045512.11736	137
NC_045512.11737	138
NC_045512.11738	139
NC_045512.11739	140
NC_045512.11740	141
NC_045512.11741	142
NC_045512.11742	143
NC_045512.11743	144
NC_045512.11744	145
NC_045512.11745	146
NC_045512.11746	147
NC_045512.11747	148
NC_045512.11748	149
NC_045512.11749	150
NC_045512.11750	150
NC_045512.11751	150
NC_045512.11752	150
NC_045512.11753	150
NC_045512.11754	141
NC_045512.11755	146
NC_045512.11756	143
NC_045512.11757	144
NC_045512.11758	145
NC_045512.11759	146
NC_045512.11760	147
NC_045512.11761	148
NC_045512.11762	150
NC_045512.11763	149
NC_045512.11764	150
NC_045512.11765	149
NC_045512.11766	149
NC_045512.11767	149
NC_045512.11768	149
NC_045512.11769	150
NC_045512.11770	150
NC_045512.11771	150
NC_045512.11772	149
NC_045512.11773	149
NC_045512.11774	150
NC_045512.11775	148
NC_045512.11776	149
NC_045512.11777	149
NC_045512.11778	148
NC_045512.11779	148
NC_045512.11780	149
NC_045512.11781	149
NC_045512.11782	150
NC_045512.11783	150
NC_045512.11784	150
NC_045512.11785	149
NC_045512.11786	148
NC_045512.11787	150
NC_045512.11788	150
NC_045512.11789	149
NC_045512.11790	150
NC_045512.11791	150
NC_045512.11792	148
NC_045512.11793	150
NC_045512.11794	146
NC_045512.11795	145
NC_045512.11796	144
NC_045512.11797	150
NC_045512.11798	149
NC_045512.11799	150
NC_045512.11800	150
NC_045512.11801	139
NC_045512.11802	140
NC_045512.11803	141
NC_045512.11804	142
NC_045512.11805	150
NC_045512.11806	144
NC_045512.11807	143
NC_045512.11808	143
NC_045512.11809	150
NC_045512.11810	145
NC_045512.11811	144
NC_045512.11812	143
NC_045512.11813	142
NC_045512.11814	146
NC_045512.11815	148
NC_045512.11816	148
NC_045512.11817	149
NC_045512.11818	144
NC_045512.11819	145
NC_045512.11820	148
NC_045512.11821	147
NC_045512.11822	148
NC_045512.11823	149
NC_045512.11824	150
NC_045512.11825	150
NC_045512.11826	147
NC_045512.11827	144
NC_045512.11828	150
NC_045512.11829	150
NC_045512.11830	149
NC_045512.11831	150
NC_045512.11832	149
NC_045512.11833	149
NC_045512.11834	150
NC_045512.11835	150
NC_045512.11836	150
NC_045512.11837	149
NC_045512.11838	149
NC_045512.11839	147
NC_045512.11840	149
NC_045512.11841	149
NC_045512.11842	149
NC_045512.11843	144
NC_045512.11844	150
NC_045512.11845	149
NC_045512.11846	148
NC_045512.11847	148
NC_045512.11848	146
NC_045512.11849	149
NC_045512.11850	150
NC_045512.11851	147
NC_045512.11852	146
NC_045512.11853	149
NC_045512.11854	150
NC_045512.11855	149
NC_045512.11856	150
NC_045512.11857	150
NC_045512.11858	149
NC_045512.11859	150
NC_045512.11860	150
NC_045512.11861	150
NC_045512.11862	150
NC_045512.11863	150
NC_045512.11864	150
NC_045512.11865	150
NC_045512.11866	149
NC_045512.11867	150
NC_045512.11868	147
NC_045512.11869	146
NC_045512.11870	145
NC_045512.11871	144
NC_045512.11872	141
NC_045512.11873	141
NC_045512.11874	141
NC_045512.11875	150
NC_045512.11876	150
NC_045512.11877	149
NC_045512.11878	137
NC_045512.11879	148
NC_045512.11880	149
NC_045512.11881	148
NC_045512.11882	149
NC_045512.11883	149
NC_045512.11884	150
NC_045512.11885	150
NC_045512.11886	149
NC_045512.11887	150
NC_045512.11888	149
NC_045512.11889	150
NC_045512.11890	148
NC_045512.11891	148
NC_045512.11892	150
NC_045512.11893	150
NC_045512.11894	150
NC_045512.11895	150
NC_045512.11896	144
NC_045512.11897	145
NC_045512.11898	146
NC_045512.11899	147
NC_045512.11900	148
NC_045512.11901	149
NC_045512.11902	150
NC_045512.11903	150
NC_045512.11904	150
NC_045512.11905	150
NC_045512.11906	149
NC_045512.11907	150
NC_045512.11908	150
NC_045512.11909	150
NC_045512.11910	149
NC_045512.11911	133
NC_045512.11912	146
NC_045512.11913	147
NC_045512.11914	147
NC_045512.11915	149
NC_045512.11916	150
NC_045512.11917	145
NC_045512.11918	148
NC_045512.11919	143
NC_045512.11920	150
NC_045512.11921	140
NC_045512.11922	143
NC_045512.11923	145
NC_045512.11924	145
NC_045512.11925	144
NC_045512.11926	147
NC_045512.11927	145
NC_045512.11928	146
NC_045512.11929	150
NC_045512.11930	146
NC_045512.11931	150
NC_045512.11932	150
NC_045512.11933	148
NC_045512.11934	147
NC_045512.11935	140
NC_045512.11936	146
NC_045512.11937	146
NC_045512.11938	144
NC_045512.11939	146
NC_045512.11940	145
NC_045512.11941	135
NC_045512.11942	136
NC_045512.11943	137
NC_045512.11944	138
NC_045512.11945	139
NC_045512.11946	140
NC_045512.11947	141
NC_045512.11948	142
NC_045512.11949	143
NC_045512.11950	144
NC_045512.11951	145
NC_045512.11952	146
NC_045512.11953	147
NC_045512.11954	150
NC_045512.11955	150
NC_045512.11956	150
NC_045512.11957	150
NC_045512.11958	149
NC_045512.11959	149
NC_045512.11960	149
NC_045512.11961	150
NC_045512.11962	149
NC_045512.11963	150
NC_045512.11964	149
NC_045512.11965	148
NC_045512.11966	147
NC_045512.11967	147
NC_045512.11968	150
NC_045512.11969	145
NC_045512.11970	146
NC_045512.11971	150
NC_045512.11972	148
NC_045512.11973	149
NC_045512.11974	149
NC_045512.11975	150
NC_045512.11976	149
NC_045512.11977	149
NC_045512.11978	150
NC_045512.11979	150
NC_045512.11980	149
NC_045512.11981	150
NC_045512.11982	149
NC_045512.11983	150
NC_045512.11984	149
NC_045512.11985	146
NC_045512.11986	149
NC_045512.11987	150
NC_045512.11988	147
NC_045512.11989	145
NC_045512.11990	150
NC_045512.11991	149
NC_045512.11992	149
NC_045512.11993	147
NC_045512.11994	150
NC_045512.11995	146
NC_045512.11996	150
NC_045512.11997	144
NC_045512.11998	149
NC_045512.11999	148
NC_045512.12000	141
NC_045512.12001	146
NC_045512.12002	146
NC_045512.12003	148
NC_045512.12004	150
NC_045512.12005	149
NC_045512.12006	149
NC_045512.12007	138
NC_045512.12008	139
NC_045512.12009	140
NC_045512.12010	141
NC_045512.12011	148
NC_045512.12012	143
NC_045512.12013	144
NC_045512.12014	145
NC_045512.12015	146
NC_045512.12016	147
NC_045512.12017	150
NC_045512.12018	149
NC_045512.12019	150
NC_045512.12020	149
NC_045512.12021	148
NC_045512.12022	149
NC_045512.12023	150
NC_045512.12024	150
NC_045512.12025	149
NC_045512.12026	150
NC_045512.12027	149
NC_045512.12028	149
NC_045512.12029	150
NC_045512.12030	150
NC_045512.12031	149
NC_045512.12032	148
NC_045512.12033	147
NC_045512.12034	146
NC_045512.12035	145
NC_045512.12036	150
NC_045512.12037	150
NC_045512.12038	150
NC_045512.12039	150
NC_045512.12040	150
NC_045512.12041	150
NC_045512.12042	150
NC_045512.12043	150
NC_045512.12044	150
NC_045512.12045	150
NC_045512.12046	150
NC_045512.12047	150
NC_045512.12048	150
NC_045512.12049	149
NC_045512.12050	149
NC_045512.12051	150
NC_045512.12052	149
NC_045512.12053	148
NC_045512.12054	149
NC_045512.12055	150
NC_045512.12056	150
NC_045512.12057	150
NC_045512.12058	150
NC_045512.12059	150
NC_045512.12060	150
NC_045512.12061	150
NC_045512.12062	150
NC_045512.12063	150
NC_045512.12064	144
NC_045512.12065	150
NC_045512.12066	146
NC_045512.12067	150
NC_045512.12068	150
NC_045512.12069	149
NC_045512.12070	148
NC_045512.12071	149
NC_045512.12072	150
NC_045512.12073	150
NC_045512.12074	150
NC_045512.12075	150
NC_045512.12076	150
NC_045512.12077	150
NC_045512.12078	150
NC_045512.12079	150
NC_045512.12080	150
NC_045512.12081	149
NC_045512.12082	150
NC_045512.12083	150
NC_045512.12084	149
NC_045512.12085	148
NC_045512.12086	150
NC_045512.12087	149
NC_045512.12088	150
NC_045512.12089	150
NC_045512.12090	149
NC_045512.12091	150
NC_045512.12092	149
NC_045512.12093	149
NC_045512.12094	149
NC_045512.12095	150
NC_045512.12096	149
NC_045512.12097	150
NC_045512.12098	149
NC_045512.12099	150
NC_045512.12100	149
NC_045512.12101	150
NC_045512.12102	148
NC_045512.12103	150
NC_045512.12104	149
NC_045512.12105	148
NC_045512.12106	146
NC_045512.12107	150
NC_045512.12108	145
NC_045512.12109	150
NC_045512.12110	145
NC_045512.12111	146
NC_045512.12112	145
NC_045512.12113	150
NC_045512.12114	147
NC_045512.12115	148
NC_045512.12116	149
NC_045512.12117	147
NC_045512.12118	149
NC_045512.12119	150
NC_045512.12120	146
NC_045512.12121	148
NC_045512.12122	148
NC_045512.12123	149
NC_045512.12124	150
NC_045512.12125	150
NC_045512.12126	150
NC_045512.12127	150
NC_045512.12128	150
NC_045512.12129	150
NC_045512.12130	150
NC_045512.12131	150
NC_045512.12132	150
NC_045512.12133	150
NC_045512.12134	149
NC_045512.12135	148
NC_045512.12136	144
NC_045512.12137	145
NC_045512.12138	146
NC_045512.12139	147
NC_045512.12140	148
NC_045512.12141	149
NC_045512.12142	150
NC_045512.12143	150
NC_045512.12144	150
NC_045512.12145	150
NC_045512.12146	150
NC_045512.12147	150
NC_045512.12148	150
NC_045512.12149	150
NC_045512.12150	150
NC_045512.12151	150
NC_045512.12152	150
NC_045512.12153	149
NC_045512.12154	149
NC_045512.12155	145
NC_045512.12156	147
NC_045512.12157	146
NC_045512.12158	145
NC_045512.12159	150
NC_045512.12160	143
NC_045512.12161	148
NC_045512.12162	149
NC_045512.12163	149
NC_045512.12164	148
NC_045512.12165	150
NC_045512.12166	149
NC_045512.12167	149
NC_045512.12168	147
NC_045512.12169	147
NC_045512.12170	148
NC_045512.12171	147
NC_045512.12172	150
NC_045512.12173	150
NC_045512.12174	149
NC_045512.12175	144
NC_045512.12176	145
NC_045512.12177	146
NC_045512.12178	147
NC_045512.12179	150
NC_045512.12180	150
NC_045512.12181	150
NC_045512.12182	150
NC_045512.12183	150
NC_045512.12184	150
NC_045512.12185	150
NC_045512.12186	149
NC_045512.12187	148
NC_045512.12188	147
NC_045512.12189	149
NC_045512.12190	150
NC_045512.12191	149
NC_045512.12192	150
NC_045512.12193	149
NC_045512.12194	150
NC_045512.12195	150
NC_045512.12196	150
NC_045512.12197	150
NC_045512.12198	150
NC_045512.12199	150
NC_045512.12200	150
NC_045512.12201	150
NC_045512.12202	150
NC_045512.12203	150
NC_045512.12204	150
NC_045512.12205	150
NC_045512.12206	150
NC_045512.12207	150
NC_045512.12208	150
NC_045512.12209	150
NC_045512.12210	149
NC_045512.12211	149
NC_045512.12212	150
NC_045512.12213	150
NC_045512.12214	149
NC_045512.12215	148
NC_045512.12216	149
NC_045512.12217	150
NC_045512.12218	149
NC_045512.12219	149
NC_045512.12220	150
NC_045512.12221	150
NC_045512.12222	149
NC_045512.12223	148
NC_045512.12224	147
NC_045512.12225	146
NC_045512.12226	150
NC_045512.12227	150
NC_045512.12228	150
NC_045512.12229	150
NC_045512.12230	150
NC_045512.12231	149
NC_045512.12232	148
NC_045512.12233	149
NC_045512.12234	150
NC_045512.12235	150
NC_045512.12236	150
NC_045512.12237	150
NC_045512.12238	150
NC_045512.12239	150
NC_045512.12240	150
NC_045512.12241	149
NC_045512.12242	148
NC_045512.12243	149
NC_045512.12244	150
NC_045512.12245	149
NC_045512.12246	150
NC_045512.12247	144
NC_045512.12248	150
NC_045512.12249	146
NC_045512.12250	147
NC_045512.12251	148
NC_045512.12252	150
NC_045512.12253	146
NC_045512.12254	145
NC_045512.12255	150
NC_045512.12256	150
NC_045512.12257	150
NC_045512.12258	149
NC_045512.12259	149
NC_045512.12260	150
NC_045512.12261	150
NC_045512.12262	150
NC_045512.12263	150
NC_045512.12264	150
NC_045512.12265	149
NC_045512.12266	150
NC_045512.12267	150
NC_045512.12268	149
NC_045512.12269	150
NC_045512.12270	150
NC_045512.12271	150
NC_045512.12272	150
NC_045512.12273	150
NC_045512.12274	150
NC_045512.12275	149
NC_045512.12276	150
NC_045512.12277	149
NC_045512.12278	148
NC_045512.12279	150
NC_045512.12280	150
NC_045512.12281	150
NC_045512.12282	150
NC_045512.12283	150
NC_045512.12284	150
NC_045512.12285	150
NC_045512.12286	149
NC_045512.12287	150
NC_045512.12288	149
NC_045512.12289	148
NC_045512.12290	147
NC_045512.12291	150
NC_045512.12292	146
NC_045512.12293	150
NC_045512.12294	144
NC_045512.12295	150
NC_045512.12296	149
NC_045512.12297	143
NC_045512.12298	144
NC_045512.12299	150
NC_045512.12300	146
NC_045512.12301	147
NC_045512.12302	148
NC_045512.12303	150
NC_045512.12304	150
NC_045512.12305	149
NC_045512.12306	150
NC_045512.12307	150
NC_045512.12308	149
NC_045512.12309	150
NC_045512.12310	150
NC_045512.12311	150
NC_045512.12312	150
NC_045512.12313	149
NC_045512.12314	150
NC_045512.12315	150
NC_045512.12316	149
NC_045512.12317	150
NC_045512.12318	149
NC_045512.12319	150
NC_045512.12320	145
NC_045512.12321	149
NC_045512.12322	148
NC_045512.12323	146
NC_045512.12324	145
NC_045512.12325	148
NC_045512.12326	150
NC_045512.12327	149
NC_045512.12328	148
NC_045512.12329	140
NC_045512.12330	149
NC_045512.12331	149
NC_045512.12332	149
NC_045512.12333	149
NC_045512.12334	150
NC_045512.12335	149
NC_045512.12336	150
NC_045512.12337	150
NC_045512.12338	150
NC_045512.12339	149
NC_045512.12340	149
NC_045512.12341	149
NC_045512.12342	147
NC_045512.12343	150
NC_045512.12344	149
NC_045512.12345	149
NC_045512.12346	150
NC_045512.12347	149
NC_045512.12348	149
NC_045512.12349	150
NC_045512.12350	149
NC_045512.12351	150
NC_045512.12352	150
NC_045512.12353	150
NC_045512.12354	150
NC_045512.12355	149
NC_045512.12356	149
NC_045512.12357	150
NC_045512.12358	150
NC_045512.12359	149
NC_045512.12360	150
NC_045512.12361	149
NC_045512.12362	149
NC_045512.12363	150
NC_045512.12364	150
NC_045512.12365	149
NC_045512.12366	150
NC_045512.12367	149
NC_045512.12368	150
NC_045512.12369	150
NC_045512.12370	150
NC_045512.12371	150
NC_045512.12372	150
NC_045512.12373	150
NC_045512.12374	150
NC_045512.12375	150
NC_045512.12376	150
NC_045512.12377	149
NC_045512.12378	150
NC_045512.12379	150
NC_045512.12380	150
NC_045512.12381	150
NC_045512.12382	149
NC_045512.12383	150
NC_045512.12384	150
NC_045512.12385	150
NC_045512.12386	150
NC_045512.12387	150
NC_045512.12388	150
NC_045512.12389	149
NC_045512.12390	150
NC_045512.12391	150
NC_045512.12392	150
NC_045512.12393	150
NC_045512.12394	149
NC_045512.12395	145
NC_045512.12396	150
NC_045512.12397	149
NC_045512.12398	148
NC_045512.12399	147
NC_045512.12400	148
NC_045512.12401	149
NC_045512.12402	150
NC_045512.12403	149
NC_045512.12404	150
NC_045512.12405	150
NC_045512.12406	150
NC_045512.12407	150
NC_045512.12408	150
NC_045512.12409	149
NC_045512.12410	148
NC_045512.12411	150
NC_045512.12412	148
NC_045512.12413	150
NC_045512.12414	150
NC_045512.12415	149
NC_045512.12416	149
NC_045512.12417	150
NC_045512.12418	149
NC_045512.12419	150
NC_045512.12420	149
NC_045512.12421	150
NC_045512.12422	149
NC_045512.12423	150
NC_045512.12424	150
NC_045512.12425	149
NC_045512.12426	150
NC_045512.12427	150
NC_045512.12428	150
NC_045512.12429	150
NC_045512.12430	150
NC_045512.12431	149
NC_045512.12432	149
NC_045512.12433	150
NC_045512.12434	145
NC_045512.12435	146
NC_045512.12436	147
NC_045512.12437	150
NC_045512.12438	148
NC_045512.12439	149
NC_045512.12440	150
NC_045512.12441	150
NC_045512.12442	149
NC_045512.12443	148
NC_045512.12444	147
NC_045512.12445	146
NC_045512.12446	145
NC_045512.12447	150
NC_045512.12448	150
NC_045512.12449	149
NC_045512.12450	150
NC_045512.12451	150
NC_045512.12452	150
NC_045512.12453	149
NC_045512.12454	150
NC_045512.12455	149
NC_045512.12456	149
NC_045512.12457	150
NC_045512.12458	149
NC_045512.12459	150
NC_045512.12460	150
NC_045512.12461	145
NC_045512.12462	146
NC_045512.12463	147
NC_045512.12464	148
NC_045512.12465	149
NC_045512.12466	150
NC_045512.12467	150
NC_045512.12468	149
NC_045512.12469	150
NC_045512.12470	150
NC_045512.12471	150
NC_045512.12472	150
NC_045512.12473	150
NC_045512.12474	150
NC_045512.12475	150
NC_045512.12476	150
NC_045512.12477	150
NC_045512.12478	149
NC_045512.12479	150
NC_045512.12480	149
NC_045512.12481	148
NC_045512.12482	149
NC_045512.12483	150
NC_045512.12484	150
NC_045512.12485	150
NC_045512.12486	150
NC_045512.12487	150
NC_045512.12488	150
NC_045512.12489	150
NC_045512.12490	150
NC_045512.12491	150
NC_045512.12492	150
NC_045512.12493	149
NC_045512.12494	150
NC_045512.12495	150
NC_045512.12496	150
NC_045512.12497	149
NC_045512.12498	150
NC_045512.12499	149
NC_045512.12500	148
NC_045512.12501	149
NC_045512.12502	150
NC_045512.12503	149
NC_045512.12504	149
NC_045512.12505	150
NC_045512.12506	150
NC_045512.12507	149
NC_045512.12508	149
NC_045512.12509	150
NC_045512.12510	150
NC_045512.12511	149
NC_045512.12512	150
NC_045512.12513	150
NC_045512.12514	150
NC_045512.12515	150
NC_045512.12516	149
NC_045512.12517	148
NC_045512.12518	149
NC_045512.12519	150
NC_045512.12520	150
NC_045512.12521	150
NC_045512.12522	149
NC_045512.12523	150
NC_045512.12524	150
NC_045512.12525	149
NC_045512.12526	149
NC_045512.12527	150
NC_045512.12528	149
NC_045512.12529	149
NC_045512.12530	150
NC_045512.12531	149
NC_045512.12532	149
NC_045512.12533	150
NC_045512.12534	150
NC_045512.12535	150
NC_045512.12536	149
NC_045512.12537	149
NC_045512.12538	150
NC_045512.12539	149
NC_045512.12540	150
NC_045512.12541	149
NC_045512.12542	150
NC_045512.12543	149
NC_045512.12544	150
NC_045512.12545	150
NC_045512.12546	150
NC_045512.12547	150
NC_045512.12548	150
NC_045512.12549	150
NC_045512.12550	149
NC_045512.12551	150
NC_045512.12552	150
NC_045512.12553	150
NC_045512.12554	150
NC_045512.12555	150
NC_045512.12556	150
NC_045512.12557	149
NC_045512.12558	150
NC_045512.12559	150
NC_045512.12560	150
NC_045512.12561	150
NC_045512.12562	150
NC_045512.12563	150
NC_045512.12564	150
NC_045512.12565	150
NC_045512.12566	150
NC_045512.12567	149
NC_045512.12568	150
NC_045512.12569	149
NC_045512.12570	150
NC_045512.12571	150
NC_045512.12572	150
NC_045512.12573	150
NC_045512.12574	150
NC_045512.12575	149
NC_045512.12576	150
NC_045512.12577	149
NC_045512.12578	148
NC_045512.12579	148
NC_045512.12580	150
NC_045512.12581	150
NC_045512.12582	150
NC_045512.12583	150
NC_045512.12584	150
NC_045512.12585	149
NC_045512.12586	144
NC_045512.12587	145
NC_045512.12588	146
NC_045512.12589	150
NC_045512.12590	149
NC_045512.12591	148
NC_045512.12592	148
NC_045512.12593	149
NC_045512.12594	150
NC_045512.12595	149
NC_045512.12596	149
NC_045512.12597	150
NC_045512.12598	150
NC_045512.12599	150
NC_045512.12600	150
NC_045512.12601	150
NC_045512.12602	149
NC_045512.12603	150
NC_045512.12604	150
NC_045512.12605	150
NC_045512.12606	150
NC_045512.12607	149
NC_045512.12608	150
NC_045512.12609	150
NC_045512.12610	150
NC_045512.12611	150
NC_045512.12612	150
NC_045512.12613	150
NC_045512.12614	149
NC_045512.12615	150
NC_045512.12616	150
NC_045512.12617	150
NC_045512.12618	150
NC_045512.12619	149
NC_045512.12620	150
NC_045512.12621	150
NC_045512.12622	150
NC_045512.12623	149
NC_045512.12624	148
NC_045512.12625	150
NC_045512.12626	148
NC_045512.12627	147
NC_045512.12628	146
NC_045512.12629	150
NC_045512.12630	150
NC_045512.12631	149
NC_045512.12632	150
NC_045512.12633	149
NC_045512.12634	150
NC_045512.12635	150
NC_045512.12636	150
NC_045512.12637	149
NC_045512.12638	148
NC_045512.12639	150
NC_045512.12640	149
NC_045512.12641	149
NC_045512.12642	150
NC_045512.12643	150
NC_045512.12644	148
NC_045512.12645	150
NC_045512.12646	150
NC_045512.12647	149
NC_045512.12648	150
NC_045512.12649	150
NC_045512.12650	149
NC_045512.12651	149
NC_045512.12652	149
NC_045512.12653	149
NC_045512.12654	148
NC_045512.12655	147
NC_045512.12656	148
NC_045512.12657	149
NC_045512.12658	150
NC_045512.12659	150
NC_045512.12660	150
NC_045512.12661	150
NC_045512.12662	150
NC_045512.12663	150
NC_045512.12664	149
NC_045512.12665	148
NC_045512.12666	150
NC_045512.12667	146
NC_045512.12668	145
NC_045512.12669	144
NC_045512.12670	150
NC_045512.12671	142
NC_045512.12672	141
NC_045512.12673	140
NC_045512.12674	139
NC_045512.12675	138
NC_045512.12676	148
NC_045512.12677	149
NC_045512.12678	150
NC_045512.12679	148
NC_045512.12680	148
NC_045512.12681	150
NC_045512.12682	150
NC_045512.12683	149
NC_045512.12684	150
NC_045512.12685	149
NC_045512.12686	146
NC_045512.12687	146
NC_045512.12688	145
NC_045512.12689	145
NC_045512.12690	148
NC_045512.12691	147
NC_045512.12692	150
NC_045512.12693	149
NC_045512.12694	149
NC_045512.12695	149
NC_045512.12696	150
NC_045512.12697	148
NC_045512.12698	148
NC_045512.12699	147
NC_045512.12700	146
NC_045512.12701	145
NC_045512.12702	149
NC_045512.12703	150
NC_045512.12704	145
NC_045512.12705	146
NC_045512.12706	147
NC_045512.12707	148
NC_045512.12708	149
NC_045512.12709	150
NC_045512.12710	149
NC_045512.12711	149
NC_045512.12712	150
NC_045512.12713	150
NC_045512.12714	149
NC_045512.12715	150
NC_045512.12716	150
NC_045512.12717	149
NC_045512.12718	150
NC_045512.12719	149
NC_045512.12720	150
NC_045512.12721	149
NC_045512.12722	148
NC_045512.12723	149
NC_045512.12724	150
NC_045512.12725	149
NC_045512.12726	150
NC_045512.12727	149
NC_045512.12728	148
NC_045512.12729	148
NC_045512.12730	149
NC_045512.12731	150
NC_045512.12732	149
NC_045512.12733	148
NC_045512.12734	148
NC_045512.12735	149
NC_045512.12736	150
NC_045512.12737	149
NC_045512.12738	149
NC_045512.12739	150
NC_045512.12740	150
NC_045512.12741	149
NC_045512.12742	150
NC_045512.12743	149
NC_045512.12744	148
NC_045512.12745	147
NC_045512.12746	146
NC_045512.12747	145
NC_045512.12748	144
NC_045512.12749	144
NC_045512.12750	145
NC_045512.12751	146
NC_045512.12752	147
NC_045512.12753	148
NC_045512.12754	149
NC_045512.12755	150
NC_045512.12756	149
NC_045512.12757	150
NC_045512.12758	145
NC_045512.12759	146
NC_045512.12760	147
NC_045512.12761	148
NC_045512.12762	149
NC_045512.12763	150
NC_045512.12764	149
NC_045512.12765	148
NC_045512.12766	147
NC_045512.12767	146
NC_045512.12768	145
NC_045512.12769	150
NC_045512.12770	145
NC_045512.12771	150
NC_045512.12772	147
NC_045512.12773	148
NC_045512.12774	150
NC_045512.12775	149
NC_045512.12776	149
NC_045512.12777	150
NC_045512.12778	149
NC_045512.12779	150
NC_045512.12780	150
NC_045512.12781	150
NC_045512.12782	150
NC_045512.12783	150
NC_045512.12784	149
NC_045512.12785	150
NC_045512.12786	149
NC_045512.12787	149
NC_045512.12788	150
NC_045512.12789	150
NC_045512.12790	150
NC_045512.12791	150
NC_045512.12792	150
NC_045512.12793	149
NC_045512.12794	148
NC_045512.12795	149
NC_045512.12796	150
NC_045512.12797	150
NC_045512.12798	149
NC_045512.12799	149
NC_045512.12800	150
NC_045512.12801	150
NC_045512.12802	149
NC_045512.12803	148
NC_045512.12804	149
NC_045512.12805	150
NC_045512.12806	149
NC_045512.12807	138
NC_045512.12808	139
NC_045512.12809	140
NC_045512.12810	141
NC_045512.12811	142
NC_045512.12812	143
NC_045512.12813	144
NC_045512.12814	145
NC_045512.12815	146
NC_045512.12816	147
NC_045512.12817	148
NC_045512.12818	149
NC_045512.12819	150
NC_045512.12820	150
NC_045512.12821	150
NC_045512.12822	149
NC_045512.12823	150
NC_045512.12824	150
NC_045512.12825	150
NC_045512.12826	150
NC_045512.12827	149
NC_045512.12828	149
NC_045512.12829	150
NC_045512.12830	150
NC_045512.12831	150
NC_045512.12832	150
NC_045512.12833	150
NC_045512.12834	150
NC_045512.12835	150
NC_045512.12836	150
NC_045512.12837	150
NC_045512.12838	150
NC_045512.12839	150
NC_045512.12840	149
NC_045512.12841	150
NC_045512.12842	150
NC_045512.12843	150
NC_045512.12844	150
NC_045512.12845	150
NC_045512.12846	149
NC_045512.12847	150
NC_045512.12848	150
NC_045512.12849	150
NC_045512.12850	149
NC_045512.12851	148
NC_045512.12852	148
NC_045512.12853	149
NC_045512.12854	150
NC_045512.12855	150
NC_045512.12856	149
NC_045512.12857	149
NC_045512.12858	150
NC_045512.12859	149
NC_045512.12860	150
NC_045512.12861	150
NC_045512.12862	150
NC_045512.12863	149
NC_045512.12864	150
NC_045512.12865	150
NC_045512.12866	150
NC_045512.12867	150
NC_045512.12868	150
NC_045512.12869	150
NC_045512.12870	149
NC_045512.12871	150
NC_045512.12872	149
NC_045512.12873	150
NC_045512.12874	150
NC_045512.12875	149
NC_045512.12876	150
NC_045512.12877	150
NC_045512.12878	150
NC_045512.12879	150
NC_045512.12880	150
NC_045512.12881	150
NC_045512.12882	149
NC_045512.12883	149
NC_045512.12884	150
NC_045512.12885	150
NC_045512.12886	150
NC_045512.12887	150
NC_045512.12888	150
NC_045512.12889	150
NC_045512.12890	150
NC_045512.12891	150
NC_045512.12892	150
NC_045512.12893	150
NC_045512.12894	150
NC_045512.12895	150
NC_045512.12896	150
NC_045512.12897	150
NC_045512.12898	150
NC_045512.12899	150
NC_045512.12900	150
NC_045512.12901	150
NC_045512.12902	150
NC_045512.12903	150
NC_045512.12904	150
NC_045512.12905	150
NC_045512.12906	150
NC_045512.12907	150
NC_045512.12908	150
NC_045512.12909	150
NC_045512.12910	149
NC_045512.12911	150
NC_045512.12912	150
NC_045512.12913	149
NC_045512.12914	150
NC_045512.12915	150
NC_045512.12916	150
NC_045512.12917	149
NC_045512.12918	150
NC_045512.12919	149
NC_045512.12920	150
NC_045512.12921	149
NC_045512.12922	150
NC_045512.12923	150
NC_045512.12924	149
NC_045512.12925	150
NC_045512.12926	149
NC_045512.12927	150
NC_045512.12928	149
NC_045512.12929	150
NC_045512.12930	149
NC_045512.12931	150
NC_045512.12932	149
NC_045512.12933	148
NC_045512.12934	147
NC_045512.12935	148
NC_045512.12936	149
NC_045512.12937	150
NC_045512.12938	149
NC_045512.12939	148
NC_045512.12940	148
NC_045512.12941	149
NC_045512.12942	150
NC_045512.12943	149
NC_045512.12944	148
NC_045512.12945	147
NC_045512.12946	148
NC_045512.12947	149
NC_045512.12948	150
NC_045512.12949	149
NC_045512.12950	150
NC_045512.12951	149
NC_045512.12952	148
NC_045512.12953	149
NC_045512.12954	150
NC_045512.12955	149
NC_045512.12956	149
NC_045512.12957	150
NC_045512.12958	149
NC_045512.12959	150
NC_045512.12960	150
NC_045512.12961	149
NC_045512.12962	150
NC_045512.12963	150
NC_045512.12964	149
NC_045512.12965	150
NC_045512.12966	150
NC_045512.12967	149
NC_045512.12968	149
NC_045512.12969	150
NC_045512.12970	149
NC_045512.12971	150
NC_045512.12972	149
NC_045512.12973	149
NC_045512.12974	149
NC_045512.12975	150
NC_045512.12976	150
NC_045512.12977	149
NC_045512.12978	150
NC_045512.12979	150
NC_045512.12980	150
NC_045512.12981	150
NC_045512.12982	150
NC_045512.12983	150
NC_045512.12984	150
NC_045512.12985	150
NC_045512.12986	149
NC_045512.12987	150
NC_045512.12988	150
NC_045512.12989	150
NC_045512.12990	150
NC_045512.12991	150
NC_045512.12992	150
NC_045512.12993	149
NC_045512.12994	149
NC_045512.12995	150
NC_045512.12996	149
NC_045512.12997	149
NC_045512.12998	150
NC_045512.12999	149
NC_045512.13000	148
NC_045512.13001	147
NC_045512.13002	146
NC_045512.13003	147
NC_045512.13004	148
NC_045512.13005	149
NC_045512.13006	150
NC_045512.13007	149
NC_045512.13008	149
NC_045512.13009	150
NC_045512.13010	150
NC_045512.13011	150
NC_045512.13012	150
NC_045512.13013	150
NC_045512.13014	150
NC_045512.13015	150
NC_045512.13016	150
NC_045512.13017	150
NC_045512.13018	150
NC_045512.13019	150
NC_045512.13020	149
NC_045512.13021	150
NC_045512.13022	149
NC_045512.13023	150
NC_045512.13024	149
NC_045512.13025	148
NC_045512.13026	148
NC_045512.13027	149
NC_045512.13028	150
NC_045512.13029	149
NC_045512.13030	150
NC_045512.13031	150
NC_045512.13032	150
NC_045512.13033	150
NC_045512.13034	150
NC_045512.13035	150
NC_045512.13036	150
NC_045512.13037	150
NC_045512.13038	149
NC_045512.13039	150
NC_045512.13040	149
NC_045512.13041	148
NC_045512.13042	148
NC_045512.13043	149
NC_045512.13044	150
NC_045512.13045	150
NC_045512.13046	149
NC_045512.13047	150
NC_045512.13048	150
NC_045512.13049	149
NC_045512.13050	150
NC_045512.13051	150
NC_045512.13052	150
NC_045512.13053	150
NC_045512.13054	150
NC_045512.13055	150
NC_045512.13056	150
NC_045512.13057	150
NC_045512.13058	149
NC_045512.13059	149
NC_045512.13060	150
NC_045512.13061	149
NC_045512.13062	149
NC_045512.13063	150
NC_045512.13064	150
NC_045512.13065	150
NC_045512.13066	150
NC_045512.13067	150
NC_045512.13068	150
NC_045512.13069	149
NC_045512.13070	150
NC_045512.13071	150
NC_045512.13072	150
NC_045512.13073	149
NC_045512.13074	148
NC_045512.13075	147
NC_045512.13076	147
NC_045512.13077	148
NC_045512.13078	149
NC_045512.13079	150
NC_045512.13080	149
NC_045512.13081	148
NC_045512.13082	149
NC_045512.13083	150
NC_045512.13084	150
NC_045512.13085	149
NC_045512.13086	150
NC_045512.13087	149
NC_045512.13088	150
NC_045512.13089	150
NC_045512.13090	149
NC_045512.13091	148
NC_045512.13092	149
NC_045512.13093	150
NC_045512.13094	149
NC_045512.13095	149
NC_045512.13096	150
NC_045512.13097	150
NC_045512.13098	150
NC_045512.13099	149
NC_045512.13100	148
NC_045512.13101	147
NC_045512.13102	148
NC_045512.13103	149
NC_045512.13104	150
NC_045512.13105	149
NC_045512.13106	148
NC_045512.13107	150
NC_045512.13108	150
NC_045512.13109	145
NC_045512.13110	144
NC_045512.13111	150
NC_045512.13112	150
NC_045512.13113	150
NC_045512.13114	150
NC_045512.13115	150
NC_045512.13116	149
NC_045512.13117	149
NC_045512.13118	150
NC_045512.13119	150
NC_045512.13120	150
NC_045512.13121	150
NC_045512.13122	149
NC_045512.13123	149
NC_045512.13124	149
NC_045512.13125	150
NC_045512.13126	150
NC_045512.13127	150
NC_045512.13128	149
NC_045512.13129	147
NC_045512.13130	148
NC_045512.13131	149
NC_045512.13132	150
NC_045512.13133	150
NC_045512.13134	150
NC_045512.13135	149
NC_045512.13136	149
NC_045512.13137	150
NC_045512.13138	149
NC_045512.13139	150
NC_045512.13140	149
NC_045512.13141	150
NC_045512.13142	150
NC_045512.13143	150
NC_045512.13144	149
NC_045512.13145	150
NC_045512.13146	149
NC_045512.13147	150
NC_045512.13148	150
NC_045512.13149	150
NC_045512.13150	150
NC_045512.13151	149
NC_045512.13152	149
NC_045512.13153	150
NC_045512.13154	150
NC_045512.13155	150
NC_045512.13156	149
NC_045512.13157	150
NC_045512.13158	149
NC_045512.13159	150
NC_045512.13160	149
NC_045512.13161	149
NC_045512.13162	150
NC_045512.13163	150
NC_045512.13164	150
NC_045512.13165	150
NC_045512.13166	150
NC_045512.13167	150
NC_045512.13168	150
NC_045512.13169	150
NC_045512.13170	150
NC_045512.13171	149
NC_045512.13172	150
NC_045512.13173	150
NC_045512.13174	150
NC_045512.13175	149
NC_045512.13176	150
NC_045512.13177	150
NC_045512.13178	149
NC_045512.13179	149
NC_045512.13180	150
NC_045512.13181	149
NC_045512.13182	150
NC_045512.13183	149
NC_045512.13184	150
NC_045512.13185	150
NC_045512.13186	150
NC_045512.13187	150
NC_045512.13188	149
NC_045512.13189	149
NC_045512.13190	150
NC_045512.13191	150
NC_045512.13192	150
NC_045512.13193	149
NC_045512.13194	150
NC_045512.13195	150
NC_045512.13196	150
NC_045512.13197	150
NC_045512.13198	150
NC_045512.13199	149
NC_045512.13200	150
NC_045512.13201	150
NC_045512.13202	149
NC_045512.13203	150
NC_045512.13204	149
NC_045512.13205	148
NC_045512.13206	149
NC_045512.13207	150
NC_045512.13208	149
NC_045512.13209	150
NC_045512.13210	150
NC_045512.13211	150
NC_045512.13212	150
NC_045512.13213	150
NC_045512.13214	150
NC_045512.13215	149
NC_045512.13216	150
NC_045512.13217	150
NC_045512.13218	150
NC_045512.13219	150
NC_045512.13220	150
NC_045512.13221	150
NC_045512.13222	149
NC_045512.13223	150
NC_045512.13224	150
NC_045512.13225	150
NC_045512.13226	150
NC_045512.13227	149
NC_045512.13228	148
NC_045512.13229	147
NC_045512.13230	148
NC_045512.13231	149
NC_045512.13232	150
NC_045512.13233	150
NC_045512.13234	150
NC_045512.13235	149
NC_045512.13236	148
NC_045512.13237	147
NC_045512.13238	147
NC_045512.13239	148
NC_045512.13240	149
NC_045512.13241	150
NC_045512.13242	149
NC_045512.13243	150
NC_045512.13244	149
NC_045512.13245	150
NC_045512.13246	150
NC_045512.13247	150
NC_045512.13248	150
NC_045512.13249	149
NC_045512.13250	150
NC_045512.13251	146
NC_045512.13252	147
NC_045512.13253	150
NC_045512.13254	149
NC_045512.13255	149
NC_045512.13256	150
NC_045512.13257	149
NC_045512.13258	149
NC_045512.13259	150
NC_045512.13260	149
NC_045512.13261	150
NC_045512.13262	149
NC_045512.13263	150
NC_045512.13264	150
NC_045512.13265	150
NC_045512.13266	150
NC_045512.13267	150
NC_045512.13268	150
NC_045512.13269	150
NC_045512.13270	150
NC_045512.13271	150
NC_045512.13272	150
NC_045512.13273	150
NC_045512.13274	150
NC_045512.13275	150
NC_045512.13276	150
NC_045512.13277	149
NC_045512.13278	150
NC_045512.13279	149
NC_045512.13280	150
NC_045512.13281	150
NC_045512.13282	150
NC_045512.13283	149
NC_045512.13284	150
NC_045512.13285	150
NC_045512.13286	150
NC_045512.13287	149
NC_045512.13288	148
NC_045512.13289	150
NC_045512.13290	150
NC_045512.13291	150
NC_045512.13292	150
NC_045512.13293	149
NC_045512.13294	148
NC_045512.13295	147
NC_045512.13296	148
NC_045512.13297	149
NC_045512.13298	150
NC_045512.13299	150
NC_045512.13300	149
NC_045512.13301	150
NC_045512.13302	150
NC_045512.13303	150
NC_045512.13304	149
NC_045512.13305	150
NC_045512.13306	149
NC_045512.13307	149
NC_045512.13308	150
NC_045512.13309	150
NC_045512.13310	150
NC_045512.13311	150
NC_045512.13312	150
NC_045512.13313	150
NC_045512.13314	150
NC_045512.13315	150
NC_045512.13316	150
NC_045512.13317	150
NC_045512.13318	150
NC_045512.13319	149
NC_045512.13320	150
NC_045512.13321	150
NC_045512.13322	150
NC_045512.13323	150
NC_045512.13324	150
NC_045512.13325	149
NC_045512.13326	149
NC_045512.13327	150
NC_045512.13328	150
NC_045512.13329	149
NC_045512.13330	149
NC_045512.13331	150
NC_045512.13332	149
NC_045512.13333	150
NC_045512.13334	149
NC_045512.13335	149
NC_045512.13336	150
NC_045512.13337	150
NC_045512.13338	150
NC_045512.13339	149
NC_045512.13340	149
NC_045512.13341	150
NC_045512.13342	150
NC_045512.13343	150
NC_045512.13344	150
NC_045512.13345	150
NC_045512.13346	150
NC_045512.13347	150
NC_045512.13348	149
NC_045512.13349	150
NC_045512.13350	150
NC_045512.13351	150
NC_045512.13352	150
NC_045512.13353	150
NC_045512.13354	150
NC_045512.13355	150
NC_045512.13356	150
NC_045512.13357	150
NC_045512.13358	149
NC_045512.13359	150
NC_045512.13360	150
NC_045512.13361	150
NC_045512.13362	150
NC_045512.13363	150
NC_045512.13364	149
NC_045512.13365	150
NC_045512.13366	150
NC_045512.13367	150
NC_045512.13368	150
NC_045512.13369	150
NC_045512.13370	149
NC_045512.13371	150
NC_045512.13372	150
NC_045512.13373	150
NC_045512.13374	149
NC_045512.13375	150
NC_045512.13376	149
NC_045512.13377	150
NC_045512.13378	149
NC_045512.13379	148
NC_045512.13380	149
NC_045512.13381	150
NC_045512.13382	149
NC_045512.13383	149
NC_045512.13384	150
NC_045512.13385	150
NC_045512.13386	150
NC_045512.13387	150
NC_045512.13388	150
NC_045512.13389	150
NC_045512.13390	150
NC_045512.13391	150
NC_045512.13392	150
NC_045512.13393	150
NC_045512.13394	150
NC_045512.13395	149
NC_045512.13396	150
NC_045512.13397	150
NC_045512.13398	149
NC_045512.13399	150
NC_045512.13400	149
NC_045512.13401	149
NC_045512.13402	150
NC_045512.13403	150
NC_045512.13404	150
NC_045512.13405	150
NC_045512.13406	149
NC_045512.13407	150
NC_045512.13408	150
NC_045512.13409	149
NC_045512.13410	150
NC_045512.13411	149
NC_045512.13412	148
NC_045512.13413	149
NC_045512.13414	150
NC_045512.13415	149
NC_045512.13416	149
NC_045512.13417	150
NC_045512.13418	150
NC_045512.13419	150
NC_045512.13420	150
NC_045512.13421	150
NC_045512.13422	150
NC_045512.13423	150
NC_045512.13424	149
NC_045512.13425	148
NC_045512.13426	149
NC_045512.13427	150
NC_045512.13428	149
NC_045512.13429	150
NC_045512.13430	150
NC_045512.13431	150
NC_045512.13432	150
NC_045512.13433	149
NC_045512.13434	150
NC_045512.13435	150
NC_045512.13436	150
NC_045512.13437	150
NC_045512.13438	150
NC_045512.13439	150
NC_045512.13440	150
NC_045512.13441	149
NC_045512.13442	150
NC_045512.13443	150
NC_045512.13444	148
NC_045512.13445	148
NC_045512.13446	149
NC_045512.13447	150
NC_045512.13448	149
NC_045512.13449	150
NC_045512.13450	150
NC_045512.13451	150
NC_045512.13452	149
NC_045512.13453	150
NC_045512.13454	149
NC_045512.13455	150
NC_045512.13456	149
NC_045512.13457	150
NC_045512.13458	150
NC_045512.13459	150
NC_045512.13460	150
NC_045512.13461	149
NC_045512.13462	150
NC_045512.13463	150
NC_045512.13464	149
NC_045512.13465	150
NC_045512.13466	149
NC_045512.13467	150
NC_045512.13468	148
NC_045512.13469	147
NC_045512.13470	150
NC_045512.13471	145
NC_045512.13472	150
NC_045512.13473	149
NC_045512.13474	149
NC_045512.13475	150
NC_045512.13476	150
NC_045512.13477	150
NC_045512.13478	150
NC_045512.13479	150
NC_045512.13480	150
NC_045512.13481	150
NC_045512.13482	150
NC_045512.13483	149
NC_045512.13484	150
NC_045512.13485	150
NC_045512.13486	150
NC_045512.13487	149
NC_045512.13488	149
NC_045512.13489	150
NC_045512.13490	149
NC_045512.13491	148
NC_045512.13492	148
NC_045512.13493	149
NC_045512.13494	150
NC_045512.13495	149
NC_045512.13496	148
NC_045512.13497	147
NC_045512.13498	146
NC_045512.13499	145
NC_045512.13500	144
NC_045512.13501	144
NC_045512.13502	145
NC_045512.13503	146
NC_045512.13504	147
NC_045512.13505	148
NC_045512.13506	149
NC_045512.13507	150
NC_045512.13508	150
NC_045512.13509	149
NC_045512.13510	150
NC_045512.13511	150
NC_045512.13512	150
NC_045512.13513	150
NC_045512.13514	150
NC_045512.13515	150
NC_045512.13516	149
NC_045512.13517	148
NC_045512.13518	147
NC_045512.13519	147
NC_045512.13520	148
NC_045512.13521	149
NC_045512.13522	150
NC_045512.13523	149
NC_045512.13524	148
NC_045512.13525	149
NC_045512.13526	150
NC_045512.13527	150
NC_045512.13528	149
NC_045512.13529	150
NC_045512.13530	150
NC_045512.13531	150
NC_045512.13532	149
NC_045512.13533	148
NC_045512.13534	149
NC_045512.13535	150
NC_045512.13536	149
NC_045512.13537	150
NC_045512.13538	150
NC_045512.13539	149
NC_045512.13540	150
NC_045512.13541	150
NC_045512.13542	150
NC_045512.13543	150
NC_045512.13544	149
NC_045512.13545	150
NC_045512.13546	149
NC_045512.13547	150
NC_045512.13548	149
NC_045512.13549	148
NC_045512.13550	149
NC_045512.13551	150
NC_045512.13552	149
NC_045512.13553	150
NC_045512.13554	149
NC_045512.13555	149
NC_045512.13556	150
NC_045512.13557	149
NC_045512.13558	150
NC_045512.13559	150
NC_045512.13560	150
NC_045512.13561	150
NC_045512.13562	150
NC_045512.13563	150
NC_045512.13564	150
NC_045512.13565	150
NC_045512.13566	150
NC_045512.13567	150
NC_045512.13568	150
NC_045512.13569	149
NC_045512.13570	148
NC_045512.13571	148
NC_045512.13572	149
NC_045512.13573	150
NC_045512.13574	149
NC_045512.13575	150
NC_045512.13576	150
NC_045512.13577	150
NC_045512.13578	150
NC_045512.13579	150
NC_045512.13580	150
NC_045512.13581	149
NC_045512.13582	150
NC_045512.13583	150
NC_045512.13584	150
NC_045512.13585	150
NC_045512.13586	150
NC_045512.13587	150
NC_045512.13588	150
NC_045512.13589	149
NC_045512.13590	149
NC_045512.13591	150
NC_045512.13592	150
NC_045512.13593	150
NC_045512.13594	150
NC_045512.13595	148
NC_045512.13596	148
NC_045512.13597	148
NC_045512.13598	149
NC_045512.13599	150
NC_045512.13600	150
NC_045512.13601	150
NC_045512.13602	150
NC_045512.13603	150
NC_045512.13604	150
NC_045512.13605	149
NC_045512.13606	148
NC_045512.13607	149
NC_045512.13608	150
NC_045512.13609	150
NC_045512.13610	150
NC_045512.13611	150
NC_045512.13612	145
NC_045512.13613	146
NC_045512.13614	147
NC_045512.13615	150
NC_045512.13616	149
NC_045512.13617	150
NC_045512.13618	149
NC_045512.13619	150
NC_045512.13620	150
NC_045512.13621	150
NC_045512.13622	150
NC_045512.13623	149
NC_045512.13624	150
NC_045512.13625	150
NC_045512.13626	150
NC_045512.13627	150
NC_045512.13628	150
NC_045512.13629	150
NC_045512.13630	150
NC_045512.13631	150
NC_045512.13632	150
NC_045512.13633	149
NC_045512.13634	149
NC_045512.13635	150
NC_045512.13636	150
NC_045512.13637	149
NC_045512.13638	148
NC_045512.13639	147
NC_045512.13640	146
NC_045512.13641	147
NC_045512.13642	148
NC_045512.13643	149
NC_045512.13644	150
NC_045512.13645	149
NC_045512.13646	149
NC_045512.13647	150
NC_045512.13648	149
NC_045512.13649	148
NC_045512.13650	148
NC_045512.13651	149
NC_045512.13652	150
NC_045512.13653	150
NC_045512.13654	150
NC_045512.13655	150
NC_045512.13656	150
NC_045512.13657	150
NC_045512.13658	150
NC_045512.13659	150
NC_045512.13660	150
NC_045512.13661	150
NC_045512.13662	150
NC_045512.13663	150
NC_045512.13664	150
NC_045512.13665	150
NC_045512.13666	150
NC_045512.13667	150
NC_045512.13668	150
NC_045512.13669	150
NC_045512.13670	150
NC_045512.13671	149
NC_045512.13672	150
NC_045512.13673	149
NC_045512.13674	149
NC_045512.13675	150
NC_045512.13676	150
NC_045512.13677	149
NC_045512.13678	149
NC_045512.13679	150
NC_045512.13680	150
NC_045512.13681	149
NC_045512.13682	149
NC_045512.13683	150
NC_045512.13684	150
NC_045512.13685	150
NC_045512.13686	150
NC_045512.13687	149
NC_045512.13688	150
NC_045512.13689	150
NC_045512.13690	149
NC_045512.13691	149
NC_045512.13692	150
NC_045512.13693	150
NC_045512.13694	150
NC_045512.13695	149
NC_045512.13696	150
NC_045512.13697	149
NC_045512.13698	150
NC_045512.13699	149
NC_045512.13700	149
NC_045512.13701	150
NC_045512.13702	150
NC_045512.13703	149
NC_045512.13704	148
NC_045512.13705	149
NC_045512.13706	150
NC_045512.13707	150
NC_045512.13708	150
NC_045512.13709	150
NC_045512.13710	150
NC_045512.13711	150
NC_045512.13712	150
NC_045512.13713	150
NC_045512.13714	149
NC_045512.13715	149
NC_045512.13716	150
NC_045512.13717	150
NC_045512.13718	149
NC_045512.13719	149
NC_045512.13720	150
NC_045512.13721	149
NC_045512.13722	149
NC_045512.13723	150
NC_045512.13724	149
NC_045512.13725	148
NC_045512.13726	149
NC_045512.13727	150
NC_045512.13728	150
NC_045512.13729	149
NC_045512.13730	149
NC_045512.13731	150
NC_045512.13732	149
NC_045512.13733	149
NC_045512.13734	150
NC_045512.13735	150
NC_045512.13736	150
NC_045512.13737	150
NC_045512.13738	150
NC_045512.13739	150
NC_045512.13740	149
NC_045512.13741	148
NC_045512.13742	147
NC_045512.13743	146
NC_045512.13744	145
NC_045512.13745	145
NC_045512.13746	146
NC_045512.13747	147
NC_045512.13748	148
NC_045512.13749	149
NC_045512.13750	150
NC_045512.13751	149
NC_045512.13752	148
NC_045512.13753	149
NC_045512.13754	150
NC_045512.13755	150
NC_045512.13756	150
NC_045512.13757	149
NC_045512.13758	150
NC_045512.13759	149
NC_045512.13760	150
NC_045512.13761	149
NC_045512.13762	150
NC_045512.13763	150
NC_045512.13764	149
NC_045512.13765	150
NC_045512.13766	150
NC_045512.13767	150
NC_045512.13768	150
NC_045512.13769	150
NC_045512.13770	150
NC_045512.13771	150
NC_045512.13772	150
NC_045512.13773	150
NC_045512.13774	150
NC_045512.13775	150
NC_045512.13776	150
NC_045512.13777	149
NC_045512.13778	150
NC_045512.13779	149
NC_045512.13780	150
NC_045512.13781	150
NC_045512.13782	149
NC_045512.13783	150
NC_045512.13784	149
NC_045512.13785	150
NC_045512.13786	150
NC_045512.13787	149
NC_045512.13788	148
NC_045512.13789	147
NC_045512.13790	148
NC_045512.13791	150
NC_045512.13792	149
NC_045512.13793	150
NC_045512.13794	150
NC_045512.13795	149
NC_045512.13796	150
NC_045512.13797	150
NC_045512.13798	150
NC_045512.13799	150
NC_045512.13800	150
NC_045512.13801	150
NC_045512.13802	149
NC_045512.13803	150
NC_045512.13804	149
NC_045512.13805	150
NC_045512.13806	149
NC_045512.13807	150
NC_045512.13808	150
NC_045512.13809	150
NC_045512.13810	150
NC_045512.13811	150
NC_045512.13812	149
NC_045512.13813	150
NC_045512.13814	149
NC_045512.13815	149
NC_045512.13816	150
NC_045512.13817	150
NC_045512.13818	150
NC_045512.13819	149
NC_045512.13820	149
NC_045512.13821	150
NC_045512.13822	149
NC_045512.13823	150
NC_045512.13824	150
NC_045512.13825	149
NC_045512.13826	150
NC_045512.13827	149
NC_045512.13828	148
NC_045512.13829	147
NC_045512.13830	148
NC_045512.13831	149
NC_045512.13832	150
NC_045512.13833	149
NC_045512.13834	150
NC_045512.13835	149
NC_045512.13836	149
NC_045512.13837	150
NC_045512.13838	149
NC_045512.13839	148
NC_045512.13840	148
NC_045512.13841	149
NC_045512.13842	150
NC_045512.13843	150
NC_045512.13844	150
NC_045512.13845	149
NC_045512.13846	150
NC_045512.13847	150
NC_045512.13848	150
NC_045512.13849	150
NC_045512.13850	150
NC_045512.13851	150
NC_045512.13852	149
NC_045512.13853	148
NC_045512.13854	148
NC_045512.13855	149
NC_045512.13856	150
NC_045512.13857	149
NC_045512.13858	150
NC_045512.13859	150
NC_045512.13860	150
NC_045512.13861	150
NC_045512.13862	149
NC_045512.13863	150
NC_045512.13864	150
NC_045512.13865	150
NC_045512.13866	150
NC_045512.13867	150
NC_045512.13868	149
NC_045512.13869	150
NC_045512.13870	150
NC_045512.13871	150
NC_045512.13872	150
NC_045512.13873	149
NC_045512.13874	150
NC_045512.13875	150
NC_045512.13876	149
NC_045512.13877	150
NC_045512.13878	150
NC_045512.13879	150
NC_045512.13880	150
NC_045512.13881	149
NC_045512.13882	149
NC_045512.13883	150
NC_045512.13884	150
NC_045512.13885	148
NC_045512.13886	147
NC_045512.13887	146
NC_045512.13888	150
NC_045512.13889	150
NC_045512.13890	149
NC_045512.13891	150
NC_045512.13892	148
NC_045512.13893	150
NC_045512.13894	146
NC_045512.13895	145
NC_045512.13896	144
NC_045512.13897	150
NC_045512.13898	150
NC_045512.13899	149
NC_045512.13900	150
NC_045512.13901	150
NC_045512.13902	150
NC_045512.13903	150
NC_045512.13904	149
NC_045512.13905	150
NC_045512.13906	150
NC_045512.13907	149
NC_045512.13908	148
NC_045512.13909	147
NC_045512.13910	148
NC_045512.13911	149
NC_045512.13912	150
NC_045512.13913	150
NC_045512.13914	150
NC_045512.13915	150
NC_045512.13916	150
NC_045512.13917	150
NC_045512.13918	150
NC_045512.13919	150
NC_045512.13920	150
NC_045512.13921	150
NC_045512.13922	150
NC_045512.13923	150
NC_045512.13924	149
NC_045512.13925	148
NC_045512.13926	150
NC_045512.13927	150
NC_045512.13928	150
NC_045512.13929	150
NC_045512.13930	150
NC_045512.13931	149
NC_045512.13932	150
NC_045512.13933	149
NC_045512.13934	150
NC_045512.13935	150
NC_045512.13936	150
NC_045512.13937	150
NC_045512.13938	150
NC_045512.13939	150
NC_045512.13940	149
NC_045512.13941	148
NC_045512.13942	149
NC_045512.13943	150
NC_045512.13944	150
NC_045512.13945	150
NC_045512.13946	150
NC_045512.13947	150
NC_045512.13948	150
NC_045512.13949	150
NC_045512.13950	149
NC_045512.13951	150
NC_045512.13952	150
NC_045512.13953	150
NC_045512.13954	150
NC_045512.13955	150
NC_045512.13956	149
NC_045512.13957	150
NC_045512.13958	149
NC_045512.13959	148
NC_045512.13960	147
NC_045512.13961	148
NC_045512.13962	149
NC_045512.13963	150
NC_045512.13964	150
NC_045512.13965	150
NC_045512.13966	150
NC_045512.13967	150
NC_045512.13968	149
NC_045512.13969	150
NC_045512.13970	150
NC_045512.13971	150
NC_045512.13972	150
NC_045512.13973	150
NC_045512.13974	150
NC_045512.13975	150
NC_045512.13976	150
NC_045512.13977	150
NC_045512.13978	150
NC_045512.13979	149
NC_045512.13980	150
NC_045512.13981	150
NC_045512.13982	150
NC_045512.13983	150
NC_045512.13984	149
NC_045512.13985	149
NC_045512.13986	150
NC_045512.13987	150
NC_045512.13988	149
NC_045512.13989	150
NC_045512.13990	150
NC_045512.13991	150
NC_045512.13992	149
NC_045512.13993	148
NC_045512.13994	149
NC_045512.13995	150
NC_045512.13996	149
NC_045512.13997	150
NC_045512.13998	149
NC_045512.13999	150
NC_045512.14000	150
NC_045512.14001	150
NC_045512.14002	150
NC_045512.14003	150
NC_045512.14004	149
NC_045512.14005	149
NC_045512.14006	150
NC_045512.14007	150
NC_045512.14008	148
NC_045512.14009	149
NC_045512.14010	150
NC_045512.14011	149
NC_045512.14012	147
NC_045512.14013	149
NC_045512.14014	150
NC_045512.14015	149
NC_045512.14016	147
NC_045512.14017	149
NC_045512.14018	149
NC_045512.14019	149
NC_045512.14020	149
NC_045512.14021	150
NC_045512.14022	150
NC_045512.14023	149
NC_045512.14024	149
NC_045512.14025	150
NC_045512.14026	150
NC_045512.14027	149
NC_045512.14028	150
NC_045512.14029	145
NC_045512.14030	146
NC_045512.14031	147
NC_045512.14032	148
NC_045512.14033	149
NC_045512.14034	150
NC_045512.14035	150
NC_045512.14036	150
NC_045512.14037	150
NC_045512.14038	147
NC_045512.14039	148
NC_045512.14040	150
NC_045512.14041	149
NC_045512.14042	150
NC_045512.14043	150
NC_045512.14044	149
NC_045512.14045	150
NC_045512.14046	150
NC_045512.14047	150
NC_045512.14048	150
NC_045512.14049	150
NC_045512.14050	150
NC_045512.14051	150
NC_045512.14052	150
NC_045512.14053	150
NC_045512.14054	150
NC_045512.14055	149
NC_045512.14056	150
NC_045512.14057	150
NC_045512.14058	149
NC_045512.14059	150
NC_045512.14060	150
NC_045512.14061	149
NC_045512.14062	150
NC_045512.14063	149
NC_045512.14064	150
NC_045512.14065	149
NC_045512.14066	149
NC_045512.14067	150
NC_045512.14068	150
NC_045512.14069	150
NC_045512.14070	150
NC_045512.14071	149
NC_045512.14072	150
NC_045512.14073	150
NC_045512.14074	149
NC_045512.14075	150
NC_045512.14076	149
NC_045512.14077	149
NC_045512.14078	150
NC_045512.14079	150
NC_045512.14080	150
NC_045512.14081	150
NC_045512.14082	150
NC_045512.14083	149
NC_045512.14084	150
NC_045512.14085	149
NC_045512.14086	148
NC_045512.14087	150
NC_045512.14088	146
NC_045512.14089	145
NC_045512.14090	144
NC_045512.14091	150
NC_045512.14092	150
NC_045512.14093	150
NC_045512.14094	146
NC_045512.14095	145
NC_045512.14096	150
NC_045512.14097	150
NC_045512.14098	149
NC_045512.14099	149
NC_045512.14100	150
NC_045512.14101	150
NC_045512.14102	149
NC_045512.14103	149
NC_045512.14104	148
NC_045512.14105	148
NC_045512.14106	149
NC_045512.14107	149
NC_045512.14108	150
NC_045512.14109	150
NC_045512.14110	150
NC_045512.14111	148
NC_045512.14112	150
NC_045512.14113	148
NC_045512.14114	146
NC_045512.14115	146
NC_045512.14116	150
NC_045512.14117	144
NC_045512.14118	149
NC_045512.14119	150
NC_045512.14120	149
NC_045512.14121	149
NC_045512.14122	148
NC_045512.14123	150
NC_045512.14124	149
NC_045512.14125	149
NC_045512.14126	148
NC_045512.14127	149
NC_045512.14128	148
NC_045512.14129	148
NC_045512.14130	150
NC_045512.14131	148
NC_045512.14132	148
NC_045512.14133	147
NC_045512.14134	150
NC_045512.14135	149
NC_045512.14136	148
NC_045512.14137	149
NC_045512.14138	150
NC_045512.14139	150
NC_045512.14140	150
NC_045512.14141	149
NC_045512.14142	150
NC_045512.14143	150
NC_045512.14144	150
NC_045512.14145	150
NC_045512.14146	150
NC_045512.14147	150
NC_045512.14148	150
NC_045512.14149	149
NC_045512.14150	150
NC_045512.14151	149
NC_045512.14152	150
NC_045512.14153	150
NC_045512.14154	149
NC_045512.14155	150
NC_045512.14156	150
NC_045512.14157	150
NC_045512.14158	149
NC_045512.14159	150
NC_045512.14160	150
NC_045512.14161	150
NC_045512.14162	150
NC_045512.14163	149
NC_045512.14164	150
NC_045512.14165	150
NC_045512.14166	150
NC_045512.14167	150
NC_045512.14168	150
NC_045512.14169	150
NC_045512.14170	150
NC_045512.14171	150
NC_045512.14172	150
NC_045512.14173	150
NC_045512.14174	150
NC_045512.14175	150
NC_045512.14176	150
NC_045512.14177	150
NC_045512.14178	150
NC_045512.14179	150
NC_045512.14180	149
NC_045512.14181	150
NC_045512.14182	149
NC_045512.14183	150
NC_045512.14184	150
NC_045512.14185	150
NC_045512.14186	149
NC_045512.14187	150
NC_045512.14188	150
NC_045512.14189	149
NC_045512.14190	150
NC_045512.14191	149
NC_045512.14192	149
NC_045512.14193	150
NC_045512.14194	150
NC_045512.14195	150
NC_045512.14196	150
NC_045512.14197	149
NC_045512.14198	150
NC_045512.14199	149
NC_045512.14200	150
NC_045512.14201	149
NC_045512.14202	150
NC_045512.14203	150
NC_045512.14204	147
NC_045512.14205	150
NC_045512.14206	145
NC_045512.14207	150
NC_045512.14208	150
NC_045512.14209	149
NC_045512.14210	146
NC_045512.14211	147
NC_045512.14212	148
NC_045512.14213	147
NC_045512.14214	150
NC_045512.14215	149
NC_045512.14216	149
NC_045512.14217	149
NC_045512.14218	148
NC_045512.14219	150
NC_045512.14220	150
NC_045512.14221	149
NC_045512.14222	149
NC_045512.14223	149
NC_045512.14224	150
NC_045512.14225	150
NC_045512.14226	149
NC_045512.14227	149
NC_045512.14228	150
NC_045512.14229	144
NC_045512.14230	145
NC_045512.14231	146
NC_045512.14232	147
NC_045512.14233	150
NC_045512.14234	149
NC_045512.14235	150
NC_045512.14236	145
NC_045512.14237	146
NC_045512.14238	150
NC_045512.14239	148
NC_045512.14240	149
NC_045512.14241	150
NC_045512.14242	150
NC_045512.14243	150
NC_045512.14244	150
NC_045512.14245	150
NC_045512.14246	149
NC_045512.14247	148
NC_045512.14248	149
NC_045512.14249	150
NC_045512.14250	149
NC_045512.14251	148
NC_045512.14252	149
NC_045512.14253	150
NC_045512.14254	150
NC_045512.14255	150
NC_045512.14256	150
NC_045512.14257	145
NC_045512.14258	146
NC_045512.14259	147
NC_045512.14260	150
NC_045512.14261	150
NC_045512.14262	150
NC_045512.14263	149
NC_045512.14264	150
NC_045512.14265	150
NC_045512.14266	150
NC_045512.14267	149
NC_045512.14268	150
NC_045512.14269	150
NC_045512.14270	150
NC_045512.14271	150
NC_045512.14272	150
NC_045512.14273	150
NC_045512.14274	149
NC_045512.14275	148
NC_045512.14276	147
NC_045512.14277	146
NC_045512.14278	145
NC_045512.14279	150
NC_045512.14280	150
NC_045512.14281	149
NC_045512.14282	150
NC_045512.14283	150
NC_045512.14284	150
NC_045512.14285	149
NC_045512.14286	148
NC_045512.14287	149
NC_045512.14288	150
NC_045512.14289	149
NC_045512.14290	148
NC_045512.14291	149
NC_045512.14292	150
NC_045512.14293	150
NC_045512.14294	149
NC_045512.14295	148
NC_045512.14296	147
NC_045512.14297	146
NC_045512.14298	148
NC_045512.14299	149
NC_045512.14300	150
NC_045512.14301	148
NC_045512.14302	149
NC_045512.14303	150
NC_045512.14304	150
NC_045512.14305	150
NC_045512.14306	150
NC_045512.14307	150
NC_045512.14308	150
NC_045512.14309	150
NC_045512.14310	150
NC_045512.14311	150
NC_045512.14312	149
NC_045512.14313	150
NC_045512.14314	150
NC_045512.14315	150
NC_045512.14316	150
NC_045512.14317	150
NC_045512.14318	150
NC_045512.14319	150
NC_045512.14320	150
NC_045512.14321	150
NC_045512.14322	150
NC_045512.14323	149
NC_045512.14324	150
NC_045512.14325	150
NC_045512.14326	149
NC_045512.14327	150
NC_045512.14328	149
NC_045512.14329	148
NC_045512.14330	148
NC_045512.14331	144
NC_045512.14332	144
NC_045512.14333	146
NC_045512.14334	146
NC_045512.14335	149
NC_045512.14336	148
NC_045512.14337	150
NC_045512.14338	150
NC_045512.14339	150
NC_045512.14340	150
NC_045512.14341	150
NC_045512.14342	140
NC_045512.14343	141
NC_045512.14344	142
NC_045512.14345	143
NC_045512.14346	144
NC_045512.14347	145
NC_045512.14348	150
NC_045512.14349	149
NC_045512.14350	148
NC_045512.14351	147
NC_045512.14352	146
NC_045512.14353	145
NC_045512.14354	149
NC_045512.14355	143
NC_045512.14356	149
NC_045512.14357	150
NC_045512.14358	150
NC_045512.14359	150
NC_045512.14360	150
NC_045512.14361	150
NC_045512.14362	150
NC_045512.14363	150
NC_045512.14364	150
NC_045512.14365	150
NC_045512.14366	149
NC_045512.14367	150
NC_045512.14368	150
NC_045512.14369	150
NC_045512.14370	150
NC_045512.14371	150
NC_045512.14372	150
NC_045512.14373	149
NC_045512.14374	149
NC_045512.14375	150
NC_045512.14376	149
NC_045512.14377	148
NC_045512.14378	149
NC_045512.14379	150
NC_045512.14380	150
NC_045512.14381	150
NC_045512.14382	150
NC_045512.14383	149
NC_045512.14384	150
NC_045512.14385	150
NC_045512.14386	150
NC_045512.14387	150
NC_045512.14388	150
NC_045512.14389	150
NC_045512.14390	150
NC_045512.14391	150
NC_045512.14392	150
NC_045512.14393	149
NC_045512.14394	150
NC_045512.14395	150
NC_045512.14396	150
NC_045512.14397	149
NC_045512.14398	149
NC_045512.14399	150
NC_045512.14400	149
NC_045512.14401	150
NC_045512.14402	150
NC_045512.14403	150
NC_045512.14404	150
NC_045512.14405	149
NC_045512.14406	149
NC_045512.14407	150
NC_045512.14408	150
NC_045512.14409	150
NC_045512.14410	145
NC_045512.14411	150
NC_045512.14412	149
NC_045512.14413	150
NC_045512.14414	149
NC_045512.14415	150
NC_045512.14416	150
NC_045512.14417	149
NC_045512.14418	150
NC_045512.14419	145
NC_045512.14420	146
NC_045512.14421	150
NC_045512.14422	148
NC_045512.14423	150
NC_045512.14424	149
NC_045512.14425	149
NC_045512.14426	150
NC_045512.14427	149
NC_045512.14428	148
NC_045512.14429	147
NC_045512.14430	146
NC_045512.14431	150
NC_045512.14432	150
NC_045512.14433	143
NC_045512.14434	150
NC_045512.14435	150
NC_045512.14436	149
NC_045512.14437	149
NC_045512.14438	149
NC_045512.14439	147
NC_045512.14440	149
NC_045512.14441	148
NC_045512.14442	148
NC_045512.14443	149
NC_045512.14444	150
NC_045512.14445	148
NC_045512.14446	147
NC_045512.14447	145
NC_045512.14448	147
NC_045512.14449	149
NC_045512.14450	148
NC_045512.14451	141
NC_045512.14452	146
NC_045512.14453	145
NC_045512.14454	144
NC_045512.14455	143
NC_045512.14456	150
NC_045512.14457	149
NC_045512.14458	145
NC_045512.14459	146
NC_045512.14460	136
NC_045512.14461	149
NC_045512.14462	145
NC_045512.14463	149
NC_045512.14464	148
NC_045512.14465	148
NC_045512.14466	149
NC_045512.14467	149
NC_045512.14468	148
NC_045512.14469	150
NC_045512.14470	148
NC_045512.14471	149
NC_045512.14472	148
NC_045512.14473	148
NC_045512.14474	149
NC_045512.14475	150
NC_045512.14476	149
NC_045512.14477	150
NC_045512.14478	150
NC_045512.14479	150
NC_045512.14480	150
NC_045512.14481	149
NC_045512.14482	149
NC_045512.14483	150
NC_045512.14484	150
NC_045512.14485	149
NC_045512.14486	150
NC_045512.14487	150
NC_045512.14488	150
NC_045512.14489	150
NC_045512.14490	150
NC_045512.14491	150
NC_045512.14492	150
NC_045512.14493	150
NC_045512.14494	148
NC_045512.14495	147
NC_045512.14496	146
NC_045512.14497	145
NC_045512.14498	150
NC_045512.14499	150
NC_045512.14500	150
NC_045512.14501	150
NC_045512.14502	150
NC_045512.14503	150
NC_045512.14504	149
NC_045512.14505	149
NC_045512.14506	149
NC_045512.14507	150
NC_045512.14508	150
NC_045512.14509	150
NC_045512.14510	147
NC_045512.14511	146
NC_045512.14512	145
NC_045512.14513	144
NC_045512.14514	149
NC_045512.14515	149
NC_045512.14516	150
NC_045512.14517	150
NC_045512.14518	149
NC_045512.14519	150
NC_045512.14520	149
NC_045512.14521	147
NC_045512.14522	147
NC_045512.14523	148
NC_045512.14524	150
NC_045512.14525	150
NC_045512.14526	149
NC_045512.14527	145
NC_045512.14528	150
NC_045512.14529	150
NC_045512.14530	148
NC_045512.14531	148
NC_045512.14532	149
NC_045512.14533	149
NC_045512.14534	149
NC_045512.14535	146
NC_045512.14536	149
NC_045512.14537	145
NC_045512.14538	146
NC_045512.14539	150
NC_045512.14540	147
NC_045512.14541	148
NC_045512.14542	145
NC_045512.14543	149
NC_045512.14544	150
NC_045512.14545	149
NC_045512.14546	149
NC_045512.14547	150
NC_045512.14548	149
NC_045512.14549	149
NC_045512.14550	149
NC_045512.14551	145
NC_045512.14552	150
NC_045512.14553	147
NC_045512.14554	148
NC_045512.14555	150
NC_045512.14556	146
NC_045512.14557	148
NC_045512.14558	148
NC_045512.14559	149
NC_045512.14560	150
NC_045512.14561	150
NC_045512.14562	149
NC_045512.14563	150
NC_045512.14564	149
NC_045512.14565	150
NC_045512.14566	149
NC_045512.14567	148
NC_045512.14568	149
NC_045512.14569	150
NC_045512.14570	150
NC_045512.14571	144
NC_045512.14572	150
NC_045512.14573	146
NC_045512.14574	147
NC_045512.14575	148
NC_045512.14576	147
NC_045512.14577	149
NC_045512.14578	149
NC_045512.14579	150
NC_045512.14580	149
NC_045512.14581	150
NC_045512.14582	150
NC_045512.14583	149
NC_045512.14584	149
NC_045512.14585	150
NC_045512.14586	150
NC_045512.14587	150
NC_045512.14588	150
NC_045512.14589	149
NC_045512.14590	150
NC_045512.14591	149
NC_045512.14592	143
NC_045512.14593	144
NC_045512.14594	145
NC_045512.14595	150
NC_045512.14596	150
NC_045512.14597	149
NC_045512.14598	147
NC_045512.14599	148
NC_045512.14600	149
NC_045512.14601	150
NC_045512.14602	149
NC_045512.14603	150
NC_045512.14604	150
NC_045512.14605	149
NC_045512.14606	150
NC_045512.14607	150
NC_045512.14608	149
NC_045512.14609	149
NC_045512.14610	150
NC_045512.14611	150
NC_045512.14612	150
NC_045512.14613	150
NC_045512.14614	150
NC_045512.14615	150
NC_045512.14616	149
NC_045512.14617	148
NC_045512.14618	148
NC_045512.14619	150
NC_045512.14620	147
NC_045512.14621	148
NC_045512.14622	149
NC_045512.14623	150
NC_045512.14624	150
NC_045512.14625	150
NC_045512.14626	149
NC_045512.14627	150
NC_045512.14628	150
NC_045512.14629	149
NC_045512.14630	149
NC_045512.14631	150
NC_045512.14632	149
NC_045512.14633	150
NC_045512.14634	149
NC_045512.14635	149
NC_045512.14636	150
NC_045512.14637	150
NC_045512.14638	145
NC_045512.14639	146
NC_045512.14640	150
NC_045512.14641	149
NC_045512.14642	147
NC_045512.14643	148
NC_045512.14644	149
NC_045512.14645	150
NC_045512.14646	150
NC_045512.14647	149
NC_045512.14648	150
NC_045512.14649	149
NC_045512.14650	150
NC_045512.14651	149
NC_045512.14652	150
NC_045512.14653	145
NC_045512.14654	146
NC_045512.14655	147
NC_045512.14656	148
NC_045512.14657	150
NC_045512.14658	150
NC_045512.14659	150
NC_045512.14660	149
NC_045512.14661	150
NC_045512.14662	150
NC_045512.14663	150
NC_045512.14664	150
NC_045512.14665	150
NC_045512.14666	150
NC_045512.14667	150
NC_045512.14668	149
NC_045512.14669	150
NC_045512.14670	149
NC_045512.14671	150
NC_045512.14672	150
NC_045512.14673	150
NC_045512.14674	150
NC_045512.14675	149
NC_045512.14676	149
NC_045512.14677	149
NC_045512.14678	149
NC_045512.14679	150
NC_045512.14680	149
NC_045512.14681	150
NC_045512.14682	149
NC_045512.14683	148
NC_045512.14684	150
NC_045512.14685	148
NC_045512.14686	150
NC_045512.14687	150
NC_045512.14688	149
NC_045512.14689	150
NC_045512.14690	149
NC_045512.14691	150
NC_045512.14692	150
NC_045512.14693	150
NC_045512.14694	150
NC_045512.14695	145
NC_045512.14696	150
NC_045512.14697	147
NC_045512.14698	148
NC_045512.14699	147
NC_045512.14700	146
NC_045512.14701	145
NC_045512.14702	144
NC_045512.14703	143
NC_045512.14704	142
NC_045512.14705	141
NC_045512.14706	140
NC_045512.14707	150
NC_045512.14708	149
NC_045512.14709	150
NC_045512.14710	149
NC_045512.14711	150
NC_045512.14712	149
NC_045512.14713	150
NC_045512.14714	150
NC_045512.14715	150
NC_045512.14716	150
NC_045512.14717	150
NC_045512.14718	149
NC_045512.14719	150
NC_045512.14720	149
NC_045512.14721	148
NC_045512.14722	147
NC_045512.14723	149
NC_045512.14724	148
NC_045512.14725	149
NC_045512.14726	149
NC_045512.14727	148
NC_045512.14728	149
NC_045512.14729	150
NC_045512.14730	150
NC_045512.14731	150
NC_045512.14732	150
NC_045512.14733	150
NC_045512.14734	150
NC_045512.14735	150
NC_045512.14736	149
NC_045512.14737	150
NC_045512.14738	149
NC_045512.14739	150
NC_045512.14740	150
NC_045512.14741	149
NC_045512.14742	150
NC_045512.14743	149
NC_045512.14744	149
NC_045512.14745	149
NC_045512.14746	150
NC_045512.14747	150
NC_045512.14748	150
NC_045512.14749	150
NC_045512.14750	150
NC_045512.14751	150
NC_045512.14752	150
NC_045512.14753	149
NC_045512.14754	150
NC_045512.14755	150
NC_045512.14756	149
NC_045512.14757	149
NC_045512.14758	150
NC_045512.14759	150
NC_045512.14760	150
NC_045512.14761	149
NC_045512.14762	150
NC_045512.14763	150
NC_045512.14764	149
NC_045512.14765	148
NC_045512.14766	149
NC_045512.14767	150
NC_045512.14768	150
NC_045512.14769	150
NC_045512.14770	149
NC_045512.14771	150
NC_045512.14772	149
NC_045512.14773	150
NC_045512.14774	150
NC_045512.14775	150
NC_045512.14776	150
NC_045512.14777	150
NC_045512.14778	150
NC_045512.14779	150
NC_045512.14780	150
NC_045512.14781	150
NC_045512.14782	150
NC_045512.14783	150
NC_045512.14784	150
NC_045512.14785	150
NC_045512.14786	149
NC_045512.14787	150
NC_045512.14788	150
NC_045512.14789	150
NC_045512.14790	150
NC_045512.14791	150
NC_045512.14792	150
NC_045512.14793	150
NC_045512.14794	149
NC_045512.14795	149
NC_045512.14796	150
NC_045512.14797	150
NC_045512.14798	150
NC_045512.14799	150
NC_045512.14800	150
NC_045512.14801	150
NC_045512.14802	149
NC_045512.14803	148
NC_045512.14804	147
NC_045512.14805	150
NC_045512.14806	145
NC_045512.14807	148
NC_045512.14808	149
NC_045512.14809	150
NC_045512.14810	146
NC_045512.14811	147
NC_045512.14812	148
NC_045512.14813	149
NC_045512.14814	150
NC_045512.14815	149
NC_045512.14816	149
NC_045512.14817	150
NC_045512.14818	150
NC_045512.14819	150
NC_045512.14820	150
NC_045512.14821	150
NC_045512.14822	149
NC_045512.14823	149
NC_045512.14824	150
NC_045512.14825	149
NC_045512.14826	148
NC_045512.14827	149
NC_045512.14828	150
NC_045512.14829	150
NC_045512.14830	150
NC_045512.14831	149
NC_045512.14832	150
NC_045512.14833	149
NC_045512.14834	150
NC_045512.14835	149
NC_045512.14836	150
NC_045512.14837	150
NC_045512.14838	150
NC_045512.14839	141
NC_045512.14840	142
NC_045512.14841	143
NC_045512.14842	144
NC_045512.14843	145
NC_045512.14844	146
NC_045512.14845	147
NC_045512.14846	148
NC_045512.14847	149
NC_045512.14848	148
NC_045512.14849	148
NC_045512.14850	149
NC_045512.14851	150
NC_045512.14852	149
NC_045512.14853	149
NC_045512.14854	150
NC_045512.14855	150
NC_045512.14856	150
NC_045512.14857	150
NC_045512.14858	150
NC_045512.14859	150
NC_045512.14860	150
NC_045512.14861	150
NC_045512.14862	150
NC_045512.14863	150
NC_045512.14864	150
NC_045512.14865	150
NC_045512.14866	150
NC_045512.14867	150
NC_045512.14868	149
NC_045512.14869	150
NC_045512.14870	150
NC_045512.14871	150
NC_045512.14872	150
NC_045512.14873	149
NC_045512.14874	150
NC_045512.14875	149
NC_045512.14876	150
NC_045512.14877	150
NC_045512.14878	149
NC_045512.14879	148
NC_045512.14880	149
NC_045512.14881	150
NC_045512.14882	149
NC_045512.14883	148
NC_045512.14884	149
NC_045512.14885	150
NC_045512.14886	150
NC_045512.14887	150
NC_045512.14888	150
NC_045512.14889	149
NC_045512.14890	150
NC_045512.14891	149
NC_045512.14892	150
NC_045512.14893	149
NC_045512.14894	149
NC_045512.14895	150
NC_045512.14896	149
NC_045512.14897	150
NC_045512.14898	149
NC_045512.14899	150
NC_045512.14900	150
NC_045512.14901	150
NC_045512.14902	149
NC_045512.14903	150
NC_045512.14904	150
NC_045512.14905	150
NC_045512.14906	150
NC_045512.14907	150
NC_045512.14908	149
NC_045512.14909	149
NC_045512.14910	150
NC_045512.14911	149
NC_045512.14912	150
NC_045512.14913	149
NC_045512.14914	150
NC_045512.14915	150
NC_045512.14916	150
NC_045512.14917	149
NC_045512.14918	150
NC_045512.14919	150
NC_045512.14920	150
NC_045512.14921	150
NC_045512.14922	149
NC_045512.14923	150
NC_045512.14924	150
NC_045512.14925	150
NC_045512.14926	150
NC_045512.14927	150
NC_045512.14928	150
NC_045512.14929	149
NC_045512.14930	150
NC_045512.14931	150
NC_045512.14932	150
NC_045512.14933	150
NC_045512.14934	150
NC_045512.14935	149
NC_045512.14936	150
NC_045512.14937	150
NC_045512.14938	150
NC_045512.14939	150
NC_045512.14940	150
NC_045512.14941	150
NC_045512.14942	150
NC_045512.14943	150
NC_045512.14944	149
NC_045512.14945	149
NC_045512.14946	150
NC_045512.14947	149
NC_045512.14948	150
NC_045512.14949	149
NC_045512.14950	150
NC_045512.14951	150
NC_045512.14952	150
NC_045512.14953	150
NC_045512.14954	150
NC_045512.14955	149
NC_045512.14956	149
NC_045512.14957	150
NC_045512.14958	150
NC_045512.14959	150
NC_045512.14960	150
NC_045512.14961	150
NC_045512.14962	150
NC_045512.14963	149
NC_045512.14964	150
NC_045512.14965	150
NC_045512.14966	150
NC_045512.14967	150
NC_045512.14968	149
NC_045512.14969	150
NC_045512.14970	149
NC_045512.14971	148
NC_045512.14972	147
NC_045512.14973	146
NC_045512.14974	145
NC_045512.14975	144
NC_045512.14976	149
NC_045512.14977	150
NC_045512.14978	150
NC_045512.14979	150
NC_045512.14980	149
NC_045512.14981	148
NC_045512.14982	146
NC_045512.14983	146
NC_045512.14984	150
NC_045512.14985	147
NC_045512.14986	147
NC_045512.14987	149
NC_045512.14988	149
NC_045512.14989	150
NC_045512.14990	149
NC_045512.14991	149
NC_045512.14992	150
NC_045512.14993	150
NC_045512.14994	150
NC_045512.14995	150
NC_045512.14996	149
NC_045512.14997	149
NC_045512.14998	149
NC_045512.14999	150
NC_045512.15000	148
NC_045512.15001	148
NC_045512.15002	149
NC_045512.15003	150
NC_045512.15004	149
NC_045512.15005	148
NC_045512.15006	146
NC_045512.15007	145
NC_045512.15008	150
NC_045512.15009	150
NC_045512.15010	148
NC_045512.15011	149
NC_045512.15012	149
NC_045512.15013	146
NC_045512.15014	150
NC_045512.15015	149
NC_045512.15016	149
NC_045512.15017	149
NC_045512.15018	150
NC_045512.15019	144
NC_045512.15020	148
NC_045512.15021	148
NC_045512.15022	148
NC_045512.15023	142
NC_045512.15024	150
NC_045512.15025	145
NC_045512.15026	146
NC_045512.15027	147
NC_045512.15028	148
NC_045512.15029	149
NC_045512.15030	150
NC_045512.15031	148
NC_045512.15032	149
NC_045512.15033	150
NC_045512.15034	150
NC_045512.15035	149
NC_045512.15036	150
NC_045512.15037	149
NC_045512.15038	150
NC_045512.15039	149
NC_045512.15040	150
NC_045512.15041	146
NC_045512.15042	147
NC_045512.15043	148
NC_045512.15044	149
NC_045512.15045	150
NC_045512.15046	149
NC_045512.15047	148
NC_045512.15048	147
NC_045512.15049	146
NC_045512.15050	150
NC_045512.15051	149
NC_045512.15052	150
NC_045512.15053	150
NC_045512.15054	149
NC_045512.15055	148
NC_045512.15056	149
NC_045512.15057	150
NC_045512.15058	150
NC_045512.15059	150
NC_045512.15060	150
NC_045512.15061	150
NC_045512.15062	150
NC_045512.15063	150
NC_045512.15064	150
NC_045512.15065	150
NC_045512.15066	150
NC_045512.15067	149
NC_045512.15068	150
NC_045512.15069	150
NC_045512.15070	150
NC_045512.15071	150
NC_045512.15072	150
NC_045512.15073	149
NC_045512.15074	150
NC_045512.15075	150
NC_045512.15076	150
NC_045512.15077	150
NC_045512.15078	150
NC_045512.15079	150
NC_045512.15080	150
NC_045512.15081	150
NC_045512.15082	150
NC_045512.15083	150
NC_045512.15084	149
NC_045512.15085	150
NC_045512.15086	150
NC_045512.15087	149
NC_045512.15088	150
NC_045512.15089	147
NC_045512.15090	146
NC_045512.15091	145
NC_045512.15092	150
NC_045512.15093	149
NC_045512.15094	149
NC_045512.15095	150
NC_045512.15096	150
NC_045512.15097	149
NC_045512.15098	149
NC_045512.15099	150
NC_045512.15100	146
NC_045512.15101	144
NC_045512.15102	148
NC_045512.15103	147
NC_045512.15104	150
NC_045512.15105	149
NC_045512.15106	149
NC_045512.15107	150
NC_045512.15108	149
NC_045512.15109	150
NC_045512.15110	147
NC_045512.15111	150
NC_045512.15112	142
NC_045512.15113	150
NC_045512.15114	144
NC_045512.15115	145
NC_045512.15116	147
NC_045512.15117	148
NC_045512.15118	148
NC_045512.15119	150
NC_045512.15120	146
NC_045512.15121	145
NC_045512.15122	144
NC_045512.15123	143
NC_045512.15124	142
NC_045512.15125	141
NC_045512.15126	140
NC_045512.15127	139
NC_045512.15128	138
NC_045512.15129	150
NC_045512.15130	142
NC_045512.15131	148
NC_045512.15132	134
NC_045512.15133	149
NC_045512.15134	149
NC_045512.15135	148
NC_045512.15136	149
NC_045512.15137	150
NC_045512.15138	149
NC_045512.15139	149
NC_045512.15140	149
NC_045512.15141	144
NC_045512.15142	145
NC_045512.15143	146
NC_045512.15144	141
NC_045512.15145	148
NC_045512.15146	143
NC_045512.15147	144
NC_045512.15148	145
NC_045512.15149	146
NC_045512.15150	143
NC_045512.15151	145
NC_045512.15152	144
NC_045512.15153	149
NC_045512.15154	148
NC_045512.15155	149
NC_045512.15156	140
NC_045512.15157	144
NC_045512.15158	149
NC_045512.15159	150
NC_045512.15160	147
NC_045512.15161	149
NC_045512.15162	148
NC_045512.15163	150
NC_045512.15164	148
NC_045512.15165	148
NC_045512.15166	148
NC_045512.15167	147
NC_045512.15168	146
NC_045512.15169	150
NC_045512.15170	150
NC_045512.15171	149
NC_045512.15172	150
NC_045512.15173	150
NC_045512.15174	146
NC_045512.15175	148
NC_045512.15176	148
NC_045512.15177	149
NC_045512.15178	150
NC_045512.15179	150
NC_045512.15180	150
NC_045512.15181	150
NC_045512.15182	150
NC_045512.15183	150
NC_045512.15184	150
NC_045512.15185	150
NC_045512.15186	150
NC_045512.15187	150
NC_045512.15188	150
NC_045512.15189	150
NC_045512.15190	150
NC_045512.15191	150
NC_045512.15192	150
NC_045512.15193	149
NC_045512.15194	148
NC_045512.15195	150
NC_045512.15196	149
NC_045512.15197	149
NC_045512.15198	150
NC_045512.15199	148
NC_045512.15200	147
NC_045512.15201	150
NC_045512.15202	145
NC_045512.15203	150
NC_045512.15204	150
NC_045512.15205	150
NC_045512.15206	150
NC_045512.15207	144
NC_045512.15208	140
NC_045512.15209	146
NC_045512.15210	143
NC_045512.15211	147
NC_045512.15212	149
NC_045512.15213	145
NC_045512.15214	150
NC_045512.15215	149
NC_045512.15216	147
NC_045512.15217	147
NC_045512.15218	146
NC_045512.15219	145
NC_045512.15220	144
NC_045512.15221	143
NC_045512.15222	142
NC_045512.15223	141
NC_045512.15224	140
NC_045512.15225	139
NC_045512.15226	138
NC_045512.15227	137
NC_045512.15228	136
NC_045512.15229	145
NC_045512.15230	144
NC_045512.15231	143
NC_045512.15232	145
NC_045512.15233	146
NC_045512.15234	143
NC_045512.15235	146
NC_045512.15236	149
NC_045512.15237	144
NC_045512.15238	149
NC_045512.15239	147
NC_045512.15240	149
NC_045512.15241	148
NC_045512.15242	149
NC_045512.15243	146
NC_045512.15244	148
NC_045512.15245	147
NC_045512.15246	150
NC_045512.15247	149
NC_045512.15248	149
NC_045512.15249	150
NC_045512.15250	149
NC_045512.15251	150
NC_045512.15252	149
NC_045512.15253	150
NC_045512.15254	146
NC_045512.15255	147
NC_045512.15256	146
NC_045512.15257	149
NC_045512.15258	143
NC_045512.15259	150
NC_045512.15260	150
NC_045512.15261	144
NC_045512.15262	145
NC_045512.15263	150
NC_045512.15264	150
NC_045512.15265	150
NC_045512.15266	143
NC_045512.15267	150
NC_045512.15268	145
NC_045512.15269	146
NC_045512.15270	147
NC_045512.15271	150
NC_045512.15272	146
NC_045512.15273	149
NC_045512.15274	150
NC_045512.15275	149
NC_045512.15276	148
NC_045512.15277	148
NC_045512.15278	149
NC_045512.15279	150
NC_045512.15280	149
NC_045512.15281	148
NC_045512.15282	146
NC_045512.15283	147
NC_045512.15284	148
NC_045512.15285	149
NC_045512.15286	150
NC_045512.15287	150
NC_045512.15288	149
NC_045512.15289	149
NC_045512.15290	150
NC_045512.15291	150
NC_045512.15292	145
NC_045512.15293	146
NC_045512.15294	147
NC_045512.15295	148
NC_045512.15296	150
NC_045512.15297	150
NC_045512.15298	150
NC_045512.15299	150
NC_045512.15300	150
NC_045512.15301	150
NC_045512.15302	150
NC_045512.15303	150
NC_045512.15304	150
NC_045512.15305	149
NC_045512.15306	150
NC_045512.15307	150
NC_045512.15308	150
NC_045512.15309	149
NC_045512.15310	150
NC_045512.15311	149
NC_045512.15312	150
NC_045512.15313	150
NC_045512.15314	150
NC_045512.15315	149
NC_045512.15316	150
NC_045512.15317	145
NC_045512.15318	146
NC_045512.15319	147
NC_045512.15320	148
NC_045512.15321	149
NC_045512.15322	150
NC_045512.15323	149
NC_045512.15324	148
NC_045512.15325	147
NC_045512.15326	149
NC_045512.15327	150
NC_045512.15328	150
NC_045512.15329	150
NC_045512.15330	149
NC_045512.15331	150
NC_045512.15332	149
NC_045512.15333	150
NC_045512.15334	150
NC_045512.15335	150
NC_045512.15336	150
NC_045512.15337	150
NC_045512.15338	150
NC_045512.15339	149
NC_045512.15340	150
NC_045512.15341	150
NC_045512.15342	150
NC_045512.15343	145
NC_045512.15344	150
NC_045512.15345	149
NC_045512.15346	148
NC_045512.15347	147
NC_045512.15348	146
NC_045512.15349	145
NC_045512.15350	144
NC_045512.15351	143
NC_045512.15352	142
NC_045512.15353	150
NC_045512.15354	150
NC_045512.15355	150
NC_045512.15356	150
NC_045512.15357	150
NC_045512.15358	150
NC_045512.15359	150
NC_045512.15360	150
NC_045512.15361	150
NC_045512.15362	149
NC_045512.15363	150
NC_045512.15364	150
NC_045512.15365	150
NC_045512.15366	150
NC_045512.15367	150
NC_045512.15368	150
NC_045512.15369	150
NC_045512.15370	145
NC_045512.15371	150
NC_045512.15372	147
NC_045512.15373	148
NC_045512.15374	149
NC_045512.15375	150
NC_045512.15376	150
NC_045512.15377	149
NC_045512.15378	149
NC_045512.15379	150
NC_045512.15380	149
NC_045512.15381	148
NC_045512.15382	149
NC_045512.15383	150
NC_045512.15384	149
NC_045512.15385	150
NC_045512.15386	149
NC_045512.15387	150
NC_045512.15388	150
NC_045512.15389	149
NC_045512.15390	150
NC_045512.15391	148
NC_045512.15392	147
NC_045512.15393	146
NC_045512.15394	145
NC_045512.15395	150
NC_045512.15396	150
NC_045512.15397	150
NC_045512.15398	145
NC_045512.15399	146
NC_045512.15400	147
NC_045512.15401	148
NC_045512.15402	150
NC_045512.15403	150
NC_045512.15404	150
NC_045512.15405	150
NC_045512.15406	150
NC_045512.15407	150
NC_045512.15408	150
NC_045512.15409	149
NC_045512.15410	150
NC_045512.15411	149
NC_045512.15412	145
NC_045512.15413	146
NC_045512.15414	147
NC_045512.15415	148
NC_045512.15416	150
NC_045512.15417	149
NC_045512.15418	149
NC_045512.15419	150
NC_045512.15420	150
NC_045512.15421	150
NC_045512.15422	150
NC_045512.15423	150
NC_045512.15424	150
NC_045512.15425	150
NC_045512.15426	150
NC_045512.15427	150
NC_045512.15428	149
NC_045512.15429	150
NC_045512.15430	150
NC_045512.15431	149
NC_045512.15432	150
NC_045512.15433	150
NC_045512.15434	149
NC_045512.15435	150
NC_045512.15436	150
NC_045512.15437	150
NC_045512.15438	150
NC_045512.15439	150
NC_045512.15440	150
NC_045512.15441	149
NC_045512.15442	150
NC_045512.15443	149
NC_045512.15444	150
NC_045512.15445	150
NC_045512.15446	150
NC_045512.15447	150
NC_045512.15448	150
NC_045512.15449	150
NC_045512.15450	149
NC_045512.15451	150
NC_045512.15452	149
NC_045512.15453	150
NC_045512.15454	150
NC_045512.15455	150
NC_045512.15456	150
NC_045512.15457	150
NC_045512.15458	150
NC_045512.15459	149
NC_045512.15460	150
NC_045512.15461	150
NC_045512.15462	150
NC_045512.15463	150
NC_045512.15464	149
NC_045512.15465	150
NC_045512.15466	150
NC_045512.15467	150
NC_045512.15468	150
NC_045512.15469	150
NC_045512.15470	150
NC_045512.15471	149
NC_045512.15472	150
NC_045512.15473	149
NC_045512.15474	150
NC_045512.15475	150
NC_045512.15476	150
NC_045512.15477	150
NC_045512.15478	150
NC_045512.15479	150
NC_045512.15480	150
NC_045512.15481	150
NC_045512.15482	150
NC_045512.15483	150
NC_045512.15484	150
NC_045512.15485	150
NC_045512.15486	150
NC_045512.15487	149
NC_045512.15488	148
NC_045512.15489	147
NC_045512.15490	148
NC_045512.15491	149
NC_045512.15492	150
NC_045512.15493	149
NC_045512.15494	150
NC_045512.15495	150
NC_045512.15496	150
NC_045512.15497	149
NC_045512.15498	150
NC_045512.15499	150
NC_045512.15500	149
NC_045512.15501	149
NC_045512.15502	150
NC_045512.15503	150
NC_045512.15504	150
NC_045512.15505	150
NC_045512.15506	150
NC_045512.15507	150
NC_045512.15508	150
NC_045512.15509	150
NC_045512.15510	150
NC_045512.15511	150
NC_045512.15512	150
NC_045512.15513	150
NC_045512.15514	150
NC_045512.15515	149
NC_045512.15516	150
NC_045512.15517	149
NC_045512.15518	150
NC_045512.15519	149
NC_045512.15520	150
NC_045512.15521	149
NC_045512.15522	150
NC_045512.15523	150
NC_045512.15524	150
NC_045512.15525	150
NC_045512.15526	150
NC_045512.15527	150
NC_045512.15528	149
NC_045512.15529	150
NC_045512.15530	149
NC_045512.15531	150
NC_045512.15532	149
NC_045512.15533	150
NC_045512.15534	150
NC_045512.15535	145
NC_045512.15536	146
NC_045512.15537	150
NC_045512.15538	149
NC_045512.15539	147
NC_045512.15540	148
NC_045512.15541	149
NC_045512.15542	150
NC_045512.15543	150
NC_045512.15544	150
NC_045512.15545	150
NC_045512.15546	149
NC_045512.15547	149
NC_045512.15548	150
NC_045512.15549	150
NC_045512.15550	149
NC_045512.15551	149
NC_045512.15552	150
NC_045512.15553	149
NC_045512.15554	150
NC_045512.15555	150
NC_045512.15556	150
NC_045512.15557	149
NC_045512.15558	150
NC_045512.15559	150
NC_045512.15560	150
NC_045512.15561	149
NC_045512.15562	149
NC_045512.15563	150
NC_045512.15564	149
NC_045512.15565	150
NC_045512.15566	149
NC_045512.15567	150
NC_045512.15568	150
NC_045512.15569	150
NC_045512.15570	149
NC_045512.15571	148
NC_045512.15572	147
NC_045512.15573	146
NC_045512.15574	145
NC_045512.15575	150
NC_045512.15576	150
NC_045512.15577	150
NC_045512.15578	150
NC_045512.15579	149
NC_045512.15580	148
NC_045512.15581	150
NC_045512.15582	150
NC_045512.15583	145
NC_045512.15584	150
NC_045512.15585	150
NC_045512.15586	149
NC_045512.15587	149
NC_045512.15588	148
NC_045512.15589	147
NC_045512.15590	146
NC_045512.15591	150
NC_045512.15592	150
NC_045512.15593	149
NC_045512.15594	143
NC_045512.15595	149
NC_045512.15596	150
NC_045512.15597	149
NC_045512.15598	149
NC_045512.15599	150
NC_045512.15600	137
NC_045512.15601	148
NC_045512.15602	144
NC_045512.15603	146
NC_045512.15604	145
NC_045512.15605	144
NC_045512.15606	150
NC_045512.15607	149
NC_045512.15608	148
NC_045512.15609	150
NC_045512.15610	150
NC_045512.15611	149
NC_045512.15612	150
NC_045512.15613	150
NC_045512.15614	150
NC_045512.15615	147
NC_045512.15616	144
NC_045512.15617	145
NC_045512.15618	144
NC_045512.15619	150
NC_045512.15620	149
NC_045512.15621	149
NC_045512.15622	149
NC_045512.15623	150
NC_045512.15624	149
NC_045512.15625	149
NC_045512.15626	146
NC_045512.15627	148
NC_045512.15628	144
NC_045512.15629	149
NC_045512.15630	141
NC_045512.15631	150
NC_045512.15632	149
NC_045512.15633	149
NC_045512.15634	150
NC_045512.15635	149
NC_045512.15636	147
NC_045512.15637	150
NC_045512.15638	149
NC_045512.15639	146
NC_045512.15640	143
NC_045512.15641	150
NC_045512.15642	143
NC_045512.15643	150
NC_045512.15644	150
NC_045512.15645	149
NC_045512.15646	149
NC_045512.15647	150
NC_045512.15648	150
NC_045512.15649	150
NC_045512.15650	149
NC_045512.15651	148
NC_045512.15652	150
NC_045512.15653	150
NC_045512.15654	150
NC_045512.15655	150
NC_045512.15656	150
NC_045512.15657	150
NC_045512.15658	150
NC_045512.15659	149
NC_045512.15660	150
NC_045512.15661	150
NC_045512.15662	150
NC_045512.15663	149
NC_045512.15664	148
NC_045512.15665	149
NC_045512.15666	150
NC_045512.15667	150
NC_045512.15668	150
NC_045512.15669	150
NC_045512.15670	150
NC_045512.15671	149
NC_045512.15672	150
NC_045512.15673	149
NC_045512.15674	148
NC_045512.15675	149
NC_045512.15676	150
NC_045512.15677	150
NC_045512.15678	149
NC_045512.15679	150
NC_045512.15680	150
NC_045512.15681	150
NC_045512.15682	150
NC_045512.15683	150
NC_045512.15684	149
NC_045512.15685	148
NC_045512.15686	149
NC_045512.15687	150
NC_045512.15688	149
NC_045512.15689	150
NC_045512.15690	150
NC_045512.15691	149
NC_045512.15692	148
NC_045512.15693	147
NC_045512.15694	146
NC_045512.15695	145
NC_045512.15696	144
NC_045512.15697	147
NC_045512.15698	148
NC_045512.15699	149
NC_045512.15700	150
NC_045512.15701	148
NC_045512.15702	149
NC_045512.15703	149
NC_045512.15704	150
NC_045512.15705	147
NC_045512.15706	149
NC_045512.15707	150
NC_045512.15708	149
NC_045512.15709	149
NC_045512.15710	150
NC_045512.15711	141
NC_045512.15712	149
NC_045512.15713	150
NC_045512.15714	148
NC_045512.15715	145
NC_045512.15716	145
NC_045512.15717	147
NC_045512.15718	148
NC_045512.15719	150
NC_045512.15720	149
NC_045512.15721	150
NC_045512.15722	143
NC_045512.15723	143
NC_045512.15724	145
NC_045512.15725	137
NC_045512.15726	149
NC_045512.15727	147
NC_045512.15728	148
NC_045512.15729	149
NC_045512.15730	150
NC_045512.15731	143
NC_045512.15732	144
NC_045512.15733	144
NC_045512.15734	146
NC_045512.15735	146
NC_045512.15736	150
NC_045512.15737	148
NC_045512.15738	149
NC_045512.15739	150
NC_045512.15740	149
NC_045512.15741	150
NC_045512.15742	142
NC_045512.15743	148
NC_045512.15744	144
NC_045512.15745	145
NC_045512.15746	146
NC_045512.15747	147
NC_045512.15748	148
NC_045512.15749	149
NC_045512.15750	150
NC_045512.15751	150
NC_045512.15752	148
NC_045512.15753	149
NC_045512.15754	150
NC_045512.15755	150
NC_045512.15756	149
NC_045512.15757	150
NC_045512.15758	145
NC_045512.15759	150
NC_045512.15760	145
NC_045512.15761	148
NC_045512.15762	149
NC_045512.15763	150
NC_045512.15764	149
NC_045512.15765	150
NC_045512.15766	149
NC_045512.15767	150
NC_045512.15768	149
NC_045512.15769	149
NC_045512.15770	150
NC_045512.15771	150
NC_045512.15772	150
NC_045512.15773	149
NC_045512.15774	149
NC_045512.15775	148
NC_045512.15776	149
NC_045512.15777	150
NC_045512.15778	150
NC_045512.15779	147
NC_045512.15780	146
NC_045512.15781	145
NC_045512.15782	150
NC_045512.15783	149
NC_045512.15784	148
NC_045512.15785	149
NC_045512.15786	146
NC_045512.15787	150
NC_045512.15788	144
NC_045512.15789	150
NC_045512.15790	149
NC_045512.15791	149
NC_045512.15792	150
NC_045512.15793	139
NC_045512.15794	147
NC_045512.15795	146
NC_045512.15796	145
NC_045512.15797	142
NC_045512.15798	150
NC_045512.15799	142
NC_045512.15800	141
NC_045512.15801	140
NC_045512.15802	139
NC_045512.15803	138
NC_045512.15804	150
NC_045512.15805	136
NC_045512.15806	135
NC_045512.15807	134
NC_045512.15808	133
NC_045512.15809	149
NC_045512.15810	148
NC_045512.15811	150
NC_045512.15812	147
NC_045512.15813	146
NC_045512.15814	145
NC_045512.15815	146
NC_045512.15816	141
NC_045512.15817	148
NC_045512.15818	149
NC_045512.15819	150
NC_045512.15820	149
NC_045512.15821	138
NC_045512.15822	150
NC_045512.15823	147
NC_045512.15824	145
NC_045512.15825	148
NC_045512.15826	149
NC_045512.15827	150
NC_045512.15828	149
NC_045512.15829	148
NC_045512.15830	145
NC_045512.15831	149
NC_045512.15832	146
NC_045512.15833	144
NC_045512.15834	143
NC_045512.15835	150
NC_045512.15836	144
NC_045512.15837	146
NC_045512.15838	148
NC_045512.15839	148
NC_045512.15840	149
NC_045512.15841	139
NC_045512.15842	148
NC_045512.15843	137
NC_045512.15844	147
NC_045512.15845	150
NC_045512.15846	145
NC_045512.15847	148
NC_045512.15848	147
NC_045512.15849	150
NC_045512.15850	145
NC_045512.15851	144
NC_045512.15852	145
NC_045512.15853	146
NC_045512.15854	146
NC_045512.15855	149
NC_045512.15856	141
NC_045512.15857	149
NC_045512.15858	150
NC_045512.15859	145
NC_045512.15860	150
NC_045512.15861	150
NC_045512.15862	150
NC_045512.15863	150
NC_045512.15864	150
NC_045512.15865	150
NC_045512.15866	149
NC_045512.15867	150
NC_045512.15868	149
NC_045512.15869	148
NC_045512.15870	147
NC_045512.15871	145
NC_045512.15872	150
NC_045512.15873	150
NC_045512.15874	149
NC_045512.15875	148
NC_045512.15876	149
NC_045512.15877	150
NC_045512.15878	148
NC_045512.15879	135
NC_045512.15880	136
NC_045512.15881	137
NC_045512.15882	138
NC_045512.15883	139
NC_045512.15884	140
NC_045512.15885	141
NC_045512.15886	142
NC_045512.15887	143
NC_045512.15888	144
NC_045512.15889	145
NC_045512.15890	146
NC_045512.15891	147
NC_045512.15892	148
NC_045512.15893	149
NC_045512.15894	150
NC_045512.15895	149
NC_045512.15896	148
NC_045512.15897	147
NC_045512.15898	146
NC_045512.15899	145
NC_045512.15900	144
NC_045512.15901	145
NC_045512.15902	146
NC_045512.15903	149
NC_045512.15904	144
NC_045512.15905	147
NC_045512.15906	148
NC_045512.15907	149
NC_045512.15908	148
NC_045512.15909	146
NC_045512.15910	149
NC_045512.15911	149
NC_045512.15912	150
NC_045512.15913	147
NC_045512.15914	145
NC_045512.15915	147
NC_045512.15916	147
NC_045512.15917	150
NC_045512.15918	150
NC_045512.15919	150
NC_045512.15920	143
NC_045512.15921	138
NC_045512.15922	145
NC_045512.15923	140
NC_045512.15924	147
NC_045512.15925	148
NC_045512.15926	149
NC_045512.15927	144
NC_045512.15928	145
NC_045512.15929	146
NC_045512.15930	150
NC_045512.15931	150
NC_045512.15932	148
NC_045512.15933	150
NC_045512.15934	149
NC_045512.15935	149
NC_045512.15936	140
NC_045512.15937	135
NC_045512.15938	142
NC_045512.15939	143
NC_045512.15940	144
NC_045512.15941	145
NC_045512.15942	146
NC_045512.15943	147
NC_045512.15944	142
NC_045512.15945	150
NC_045512.15946	144
NC_045512.15947	150
NC_045512.15948	146
NC_045512.15949	145
NC_045512.15950	146
NC_045512.15951	147
NC_045512.15952	150
NC_045512.15953	149
NC_045512.15954	144
NC_045512.15955	145
NC_045512.15956	146
NC_045512.15957	147
NC_045512.15958	146
NC_045512.15959	147
NC_045512.15960	148
NC_045512.15961	148
NC_045512.15962	150
NC_045512.15963	147
NC_045512.15964	146
NC_045512.15965	145
NC_045512.15966	144
NC_045512.15967	149
NC_045512.15968	148
NC_045512.15969	149
NC_045512.15970	150
NC_045512.15971	150
NC_045512.15972	150
NC_045512.15973	150
NC_045512.15974	149
NC_045512.15975	150
NC_045512.15976	145
NC_045512.15977	146
NC_045512.15978	147
NC_045512.15979	148
NC_045512.15980	150
NC_045512.15981	150
NC_045512.15982	150
NC_045512.15983	150
NC_045512.15984	150
NC_045512.15985	148
NC_045512.15986	147
NC_045512.15987	146
NC_045512.15988	145
NC_045512.15989	144
NC_045512.15990	150
NC_045512.15991	149
NC_045512.15992	141
NC_045512.15993	145
NC_045512.15994	150
NC_045512.15995	149
NC_045512.15996	149
NC_045512.15997	147
NC_045512.15998	150
NC_045512.15999	149
NC_045512.16000	147
NC_045512.16001	150
NC_045512.16002	149
NC_045512.16003	150
NC_045512.16004	147
NC_045512.16005	148
NC_045512.16006	149
NC_045512.16007	150
NC_045512.16008	149
NC_045512.16009	150
NC_045512.16010	149
NC_045512.16011	150
NC_045512.16012	145
NC_045512.16013	146
NC_045512.16014	147
NC_045512.16015	150
NC_045512.16016	149
NC_045512.16017	149
NC_045512.16018	150
NC_045512.16019	149
NC_045512.16020	150
NC_045512.16021	150
NC_045512.16022	149
NC_045512.16023	150
NC_045512.16024	149
NC_045512.16025	149
NC_045512.16026	150
NC_045512.16027	149
NC_045512.16028	148
NC_045512.16029	148
NC_045512.16030	149
NC_045512.16031	150
NC_045512.16032	150
NC_045512.16033	149
NC_045512.16034	150
NC_045512.16035	150
NC_045512.16036	150
NC_045512.16037	149
NC_045512.16038	150
NC_045512.16039	150
NC_045512.16040	150
NC_045512.16041	150
NC_045512.16042	150
NC_045512.16043	150
NC_045512.16044	150
NC_045512.16045	150
NC_045512.16046	149
NC_045512.16047	150
NC_045512.16048	150
NC_045512.16049	150
NC_045512.16050	150
NC_045512.16051	149
NC_045512.16052	150
NC_045512.16053	150
NC_045512.16054	150
NC_045512.16055	150
NC_045512.16056	150
NC_045512.16057	150
NC_045512.16058	150
NC_045512.16059	149
NC_045512.16060	148
NC_045512.16061	147
NC_045512.16062	146
NC_045512.16063	150
NC_045512.16064	150
NC_045512.16065	149
NC_045512.16066	150
NC_045512.16067	149
NC_045512.16068	149
NC_045512.16069	149
NC_045512.16070	150
NC_045512.16071	149
NC_045512.16072	148
NC_045512.16073	149
NC_045512.16074	146
NC_045512.16075	145
NC_045512.16076	144
NC_045512.16077	143
NC_045512.16078	149
NC_045512.16079	143
NC_045512.16080	147
NC_045512.16081	149
NC_045512.16082	138
NC_045512.16083	144
NC_045512.16084	145
NC_045512.16085	142
NC_045512.16086	134
NC_045512.16087	140
NC_045512.16088	139
NC_045512.16089	140
NC_045512.16090	130
NC_045512.16091	138
NC_045512.16092	131
NC_045512.16093	147
NC_045512.16094	133
NC_045512.16095	143
NC_045512.16096	135
NC_045512.16097	136
NC_045512.16098	149
NC_045512.16099	150
NC_045512.16100	147
NC_045512.16101	149
NC_045512.16102	150
NC_045512.16103	150
NC_045512.16104	149
NC_045512.16105	150
NC_045512.16106	150
NC_045512.16107	146
NC_045512.16108	150
NC_045512.16109	148
NC_045512.16110	149
NC_045512.16111	150
NC_045512.16112	147
NC_045512.16113	150
NC_045512.16114	145
NC_045512.16115	144
NC_045512.16116	150
NC_045512.16117	150
NC_045512.16118	150
NC_045512.16119	149
NC_045512.16120	150
NC_045512.16121	148
NC_045512.16122	150
NC_045512.16123	149
NC_045512.16124	150
NC_045512.16125	150
NC_045512.16126	150
NC_045512.16127	150
NC_045512.16128	150
NC_045512.16129	149
NC_045512.16130	146
NC_045512.16131	147
NC_045512.16132	150
NC_045512.16133	148
NC_045512.16134	149
NC_045512.16135	150
NC_045512.16136	150
NC_045512.16137	150
NC_045512.16138	150
NC_045512.16139	149
NC_045512.16140	148
NC_045512.16141	149
NC_045512.16142	150
NC_045512.16143	150
NC_045512.16144	149
NC_045512.16145	150
NC_045512.16146	150
NC_045512.16147	150
NC_045512.16148	150
NC_045512.16149	150
NC_045512.16150	150
NC_045512.16151	150
NC_045512.16152	150
NC_045512.16153	150
NC_045512.16154	150
NC_045512.16155	150
NC_045512.16156	150
NC_045512.16157	150
NC_045512.16158	150
NC_045512.16159	149
NC_045512.16160	148
NC_045512.16161	149
NC_045512.16162	150
NC_045512.16163	149
NC_045512.16164	150
NC_045512.16165	148
NC_045512.16166	147
NC_045512.16167	146
NC_045512.16168	145
NC_045512.16169	150
NC_045512.16170	150
NC_045512.16171	149
NC_045512.16172	150
NC_045512.16173	150
NC_045512.16174	150
NC_045512.16175	150
NC_045512.16176	149
NC_045512.16177	148
NC_045512.16178	149
NC_045512.16179	149
NC_045512.16180	148
NC_045512.16181	149
NC_045512.16182	150
NC_045512.16183	150
NC_045512.16184	150
NC_045512.16185	149
NC_045512.16186	150
NC_045512.16187	147
NC_045512.16188	150
NC_045512.16189	145
NC_045512.16190	150
NC_045512.16191	143
NC_045512.16192	142
NC_045512.16193	149
NC_045512.16194	148
NC_045512.16195	149
NC_045512.16196	144
NC_045512.16197	149
NC_045512.16198	148
NC_045512.16199	150
NC_045512.16200	146
NC_045512.16201	150
NC_045512.16202	147
NC_045512.16203	150
NC_045512.16204	145
NC_045512.16205	145
NC_045512.16206	150
NC_045512.16207	144
NC_045512.16208	148
NC_045512.16209	149
NC_045512.16210	149
NC_045512.16211	149
NC_045512.16212	149
NC_045512.16213	149
NC_045512.16214	148
NC_045512.16215	144
NC_045512.16216	145
NC_045512.16217	145
NC_045512.16218	150
NC_045512.16219	147
NC_045512.16220	148
NC_045512.16221	141
NC_045512.16222	150
NC_045512.16223	147
NC_045512.16224	146
NC_045512.16225	150
NC_045512.16226	149
NC_045512.16227	148
NC_045512.16228	149
NC_045512.16229	147
NC_045512.16230	146
NC_045512.16231	145
NC_045512.16232	144
NC_045512.16233	143
NC_045512.16234	142
NC_045512.16235	141
NC_045512.16236	146
NC_045512.16237	139
NC_045512.16238	138
NC_045512.16239	147
NC_045512.16240	142
NC_045512.16241	148
NC_045512.16242	150
NC_045512.16243	150
NC_045512.16244	149
NC_045512.16245	148
NC_045512.16246	147
NC_045512.16247	149
NC_045512.16248	149
NC_045512.16249	145
NC_045512.16250	148
NC_045512.16251	146
NC_045512.16252	147
NC_045512.16253	149
NC_045512.16254	150
NC_045512.16255	145
NC_045512.16256	146
NC_045512.16257	147
NC_045512.16258	148
NC_045512.16259	150
NC_045512.16260	149
NC_045512.16261	149
NC_045512.16262	150
NC_045512.16263	149
NC_045512.16264	150
NC_045512.16265	150
NC_045512.16266	150
NC_045512.16267	149
NC_045512.16268	149
NC_045512.16269	150
NC_045512.16270	149
NC_045512.16271	148
NC_045512.16272	148
NC_045512.16273	149
NC_045512.16274	150
NC_045512.16275	150
NC_045512.16276	150
NC_045512.16277	150
NC_045512.16278	149
NC_045512.16279	148
NC_045512.16280	150
NC_045512.16281	146
NC_045512.16282	145
NC_045512.16283	150
NC_045512.16284	150
NC_045512.16285	150
NC_045512.16286	149
NC_045512.16287	148
NC_045512.16288	147
NC_045512.16289	146
NC_045512.16290	145
NC_045512.16291	144
NC_045512.16292	143
NC_045512.16293	149
NC_045512.16294	150
NC_045512.16295	142
NC_045512.16296	149
NC_045512.16297	140
NC_045512.16298	149
NC_045512.16299	144
NC_045512.16300	143
NC_045512.16301	150
NC_045512.16302	148
NC_045512.16303	149
NC_045512.16304	147
NC_045512.16305	148
NC_045512.16306	149
NC_045512.16307	143
NC_045512.16308	144
NC_045512.16309	145
NC_045512.16310	146
NC_045512.16311	147
NC_045512.16312	148
NC_045512.16313	148
NC_045512.16314	147
NC_045512.16315	150
NC_045512.16316	146
NC_045512.16317	150
NC_045512.16318	148
NC_045512.16319	149
NC_045512.16320	150
NC_045512.16321	150
NC_045512.16322	150
NC_045512.16323	145
NC_045512.16324	146
NC_045512.16325	147
NC_045512.16326	147
NC_045512.16327	148
NC_045512.16328	143
NC_045512.16329	150
NC_045512.16330	145
NC_045512.16331	146
NC_045512.16332	146
NC_045512.16333	145
NC_045512.16334	150
NC_045512.16335	143
NC_045512.16336	142
NC_045512.16337	141
NC_045512.16338	140
NC_045512.16339	139
NC_045512.16340	138
NC_045512.16341	149
NC_045512.16342	148
NC_045512.16343	147
NC_045512.16344	148
NC_045512.16345	149
NC_045512.16346	145
NC_045512.16347	149
NC_045512.16348	147
NC_045512.16349	147
NC_045512.16350	149
NC_045512.16351	147
NC_045512.16352	149
NC_045512.16353	150
NC_045512.16354	150
NC_045512.16355	150
NC_045512.16356	143
NC_045512.16357	144
NC_045512.16358	145
NC_045512.16359	146
NC_045512.16360	147
NC_045512.16361	148
NC_045512.16362	150
NC_045512.16363	149
NC_045512.16364	150
NC_045512.16365	150
NC_045512.16366	150
NC_045512.16367	149
NC_045512.16368	150
NC_045512.16369	150
NC_045512.16370	149
NC_045512.16371	150
NC_045512.16372	145
NC_045512.16373	150
NC_045512.16374	147
NC_045512.16375	148
NC_045512.16376	150
NC_045512.16377	150
NC_045512.16378	150
NC_045512.16379	150
NC_045512.16380	150
NC_045512.16381	150
NC_045512.16382	149
NC_045512.16383	150
NC_045512.16384	149
NC_045512.16385	150
NC_045512.16386	150
NC_045512.16387	149
NC_045512.16388	150
NC_045512.16389	150
NC_045512.16390	150
NC_045512.16391	150
NC_045512.16392	150
NC_045512.16393	150
NC_045512.16394	147
NC_045512.16395	146
NC_045512.16396	150
NC_045512.16397	144
NC_045512.16398	150
NC_045512.16399	149
NC_045512.16400	148
NC_045512.16401	149
NC_045512.16402	149
NC_045512.16403	147
NC_045512.16404	147
NC_045512.16405	149
NC_045512.16406	147
NC_045512.16407	146
NC_045512.16408	145
NC_045512.16409	144
NC_045512.16410	149
NC_045512.16411	149
NC_045512.16412	150
NC_045512.16413	149
NC_045512.16414	148
NC_045512.16415	148
NC_045512.16416	146
NC_045512.16417	145
NC_045512.16418	144
NC_045512.16419	143
NC_045512.16420	142
NC_045512.16421	141
NC_045512.16422	140
NC_045512.16423	145
NC_045512.16424	146
NC_045512.16425	147
NC_045512.16426	148
NC_045512.16427	150
NC_045512.16428	150
NC_045512.16429	150
NC_045512.16430	150
NC_045512.16431	150
NC_045512.16432	142
NC_045512.16433	149
NC_045512.16434	149
NC_045512.16435	149
NC_045512.16436	150
NC_045512.16437	150
NC_045512.16438	149
NC_045512.16439	150
NC_045512.16440	150
NC_045512.16441	149
NC_045512.16442	149
NC_045512.16443	146
NC_045512.16444	142
NC_045512.16445	145
NC_045512.16446	146
NC_045512.16447	141
NC_045512.16448	149
NC_045512.16449	149
NC_045512.16450	150
NC_045512.16451	149
NC_045512.16452	150
NC_045512.16453	150
NC_045512.16454	149
NC_045512.16455	147
NC_045512.16456	149
NC_045512.16457	149
NC_045512.16458	150
NC_045512.16459	150
NC_045512.16460	150
NC_045512.16461	148
NC_045512.16462	149
NC_045512.16463	150
NC_045512.16464	150
NC_045512.16465	150
NC_045512.16466	150
NC_045512.16467	148
NC_045512.16468	149
NC_045512.16469	150
NC_045512.16470	150
NC_045512.16471	150
NC_045512.16472	140
NC_045512.16473	141
NC_045512.16474	142
NC_045512.16475	143
NC_045512.16476	144
NC_045512.16477	145
NC_045512.16478	146
NC_045512.16479	147
NC_045512.16480	150
NC_045512.16481	150
NC_045512.16482	149
NC_045512.16483	150
NC_045512.16484	150
NC_045512.16485	149
NC_045512.16486	148
NC_045512.16487	150
NC_045512.16488	146
NC_045512.16489	150
NC_045512.16490	150
NC_045512.16491	150
NC_045512.16492	150
NC_045512.16493	150
NC_045512.16494	150
NC_045512.16495	150
NC_045512.16496	150
NC_045512.16497	150
NC_045512.16498	149
NC_045512.16499	150
NC_045512.16500	149
NC_045512.16501	149
NC_045512.16502	148
NC_045512.16503	147
NC_045512.16504	148
NC_045512.16505	148
NC_045512.16506	150
NC_045512.16507	150
NC_045512.16508	149
NC_045512.16509	149
NC_045512.16510	150
NC_045512.16511	149
NC_045512.16512	150
NC_045512.16513	150
NC_045512.16514	150
NC_045512.16515	150
NC_045512.16516	150
NC_045512.16517	150
NC_045512.16518	150
NC_045512.16519	148
NC_045512.16520	149
NC_045512.16521	148
NC_045512.16522	150
NC_045512.16523	150
NC_045512.16524	149
NC_045512.16525	150
NC_045512.16526	150
NC_045512.16527	149
NC_045512.16528	148
NC_045512.16529	148
NC_045512.16530	145
NC_045512.16531	149
NC_045512.16532	149
NC_045512.16533	147
NC_045512.16534	149
NC_045512.16535	148
NC_045512.16536	145
NC_045512.16537	146
NC_045512.16538	150
NC_045512.16539	147
NC_045512.16540	148
NC_045512.16541	150
NC_045512.16542	149
NC_045512.16543	148
NC_045512.16544	147
NC_045512.16545	146
NC_045512.16546	145
NC_045512.16547	144
NC_045512.16548	150
NC_045512.16549	145
NC_045512.16550	150
NC_045512.16551	147
NC_045512.16552	148
NC_045512.16553	149
NC_045512.16554	150
NC_045512.16555	150
NC_045512.16556	140
NC_045512.16557	150
NC_045512.16558	142
NC_045512.16559	143
NC_045512.16560	144
NC_045512.16561	145
NC_045512.16562	146
NC_045512.16563	147
NC_045512.16564	139
NC_045512.16565	149
NC_045512.16566	149
NC_045512.16567	148
NC_045512.16568	150
NC_045512.16569	144
NC_045512.16570	145
NC_045512.16571	146
NC_045512.16572	150
NC_045512.16573	148
NC_045512.16574	149
NC_045512.16575	150
NC_045512.16576	150
NC_045512.16577	150
NC_045512.16578	149
NC_045512.16579	150
NC_045512.16580	147
NC_045512.16581	150
NC_045512.16582	145
NC_045512.16583	144
NC_045512.16584	150
NC_045512.16585	150
NC_045512.16586	150
NC_045512.16587	150
NC_045512.16588	150
NC_045512.16589	150
NC_045512.16590	150
NC_045512.16591	149
NC_045512.16592	150
NC_045512.16593	149
NC_045512.16594	150
NC_045512.16595	150
NC_045512.16596	148
NC_045512.16597	149
NC_045512.16598	148
NC_045512.16599	149
NC_045512.16600	149
NC_045512.16601	150
NC_045512.16602	150
NC_045512.16603	150
NC_045512.16604	150
NC_045512.16605	150
NC_045512.16606	150
NC_045512.16607	150
NC_045512.16608	149
NC_045512.16609	148
NC_045512.16610	150
NC_045512.16611	150
NC_045512.16612	150
NC_045512.16613	150
NC_045512.16614	149
NC_045512.16615	150
NC_045512.16616	149
NC_045512.16617	150
NC_045512.16618	149
NC_045512.16619	150
NC_045512.16620	147
NC_045512.16621	150
NC_045512.16622	145
NC_045512.16623	150
NC_045512.16624	150
NC_045512.16625	150
NC_045512.16626	150
NC_045512.16627	150
NC_045512.16628	149
NC_045512.16629	150
NC_045512.16630	145
NC_045512.16631	146
NC_045512.16632	147
NC_045512.16633	148
NC_045512.16634	150
NC_045512.16635	149
NC_045512.16636	150
NC_045512.16637	150
NC_045512.16638	148
NC_045512.16639	148
NC_045512.16640	150
NC_045512.16641	150
NC_045512.16642	150
NC_045512.16643	150
NC_045512.16644	150
NC_045512.16645	150
NC_045512.16646	150
NC_045512.16647	150
NC_045512.16648	150
NC_045512.16649	150
NC_045512.16650	150
NC_045512.16651	150
NC_045512.16652	150
NC_045512.16653	149
NC_045512.16654	150
NC_045512.16655	149
NC_045512.16656	150
NC_045512.16657	150
NC_045512.16658	150
NC_045512.16659	149
NC_045512.16660	150
NC_045512.16661	149
NC_045512.16662	150
NC_045512.16663	150
NC_045512.16664	149
NC_045512.16665	150
NC_045512.16666	150
NC_045512.16667	150
NC_045512.16668	150
NC_045512.16669	149
NC_045512.16670	149
NC_045512.16671	148
NC_045512.16672	150
NC_045512.16673	150
NC_045512.16674	150
NC_045512.16675	150
NC_045512.16676	150
NC_045512.16677	150
NC_045512.16678	150
NC_045512.16679	150
NC_045512.16680	150
NC_045512.16681	150
NC_045512.16682	149
NC_045512.16683	150
NC_045512.16684	150
NC_045512.16685	150
NC_045512.16686	150
NC_045512.16687	150
NC_045512.16688	146
NC_045512.16689	147
NC_045512.16690	148
NC_045512.16691	150
NC_045512.16692	149
NC_045512.16693	150
NC_045512.16694	149
NC_045512.16695	150
NC_045512.16696	149
NC_045512.16697	148
NC_045512.16698	150
NC_045512.16699	150
NC_045512.16700	149
NC_045512.16701	148
NC_045512.16702	147
NC_045512.16703	150
NC_045512.16704	150
NC_045512.16705	150
NC_045512.16706	150
NC_045512.16707	149
NC_045512.16708	149
NC_045512.16709	149
NC_045512.16710	150
NC_045512.16711	150
NC_045512.16712	150
NC_045512.16713	149
NC_045512.16714	149
NC_045512.16715	149
NC_045512.16716	149
NC_045512.16717	148
NC_045512.16718	147
NC_045512.16719	146
NC_045512.16720	145
NC_045512.16721	150
NC_045512.16722	150
NC_045512.16723	145
NC_045512.16724	150
NC_045512.16725	150
NC_045512.16726	148
NC_045512.16727	148
NC_045512.16728	150
NC_045512.16729	149
NC_045512.16730	150
NC_045512.16731	150
NC_045512.16732	149
NC_045512.16733	150
NC_045512.16734	150
NC_045512.16735	149
NC_045512.16736	149
NC_045512.16737	148
NC_045512.16738	149
NC_045512.16739	150
NC_045512.16740	146
NC_045512.16741	145
NC_045512.16742	148
NC_045512.16743	147
NC_045512.16744	149
NC_045512.16745	146
NC_045512.16746	150
NC_045512.16747	147
NC_045512.16748	142
NC_045512.16749	149
NC_045512.16750	147
NC_045512.16751	148
NC_045512.16752	149
NC_045512.16753	150
NC_045512.16754	149
NC_045512.16755	148
NC_045512.16756	145
NC_045512.16757	144
NC_045512.16758	146
NC_045512.16759	150
NC_045512.16760	144
NC_045512.16761	150
NC_045512.16762	150
NC_045512.16763	149
NC_045512.16764	146
NC_045512.16765	147
NC_045512.16766	146
NC_045512.16767	148
NC_045512.16768	148
NC_045512.16769	143
NC_045512.16770	149
NC_045512.16771	148
NC_045512.16772	132
NC_045512.16773	147
NC_045512.16774	142
NC_045512.16775	146
NC_045512.16776	150
NC_045512.16777	149
NC_045512.16778	150
NC_045512.16779	150
NC_045512.16780	150
NC_045512.16781	150
NC_045512.16782	150
NC_045512.16783	149
NC_045512.16784	150
NC_045512.16785	149
NC_045512.16786	150
NC_045512.16787	150
NC_045512.16788	150
NC_045512.16789	150
NC_045512.16790	148
NC_045512.16791	147
NC_045512.16792	146
NC_045512.16793	145
NC_045512.16794	150
NC_045512.16795	149
NC_045512.16796	150
NC_045512.16797	150
NC_045512.16798	150
NC_045512.16799	150
NC_045512.16800	150
NC_045512.16801	150
NC_045512.16802	150
NC_045512.16803	148
NC_045512.16804	149
NC_045512.16805	150
NC_045512.16806	149
NC_045512.16807	150
NC_045512.16808	149
NC_045512.16809	150
NC_045512.16810	150
NC_045512.16811	150
NC_045512.16812	149
NC_045512.16813	150
NC_045512.16814	150
NC_045512.16815	150
NC_045512.16816	150
NC_045512.16817	150
NC_045512.16818	150
NC_045512.16819	150
NC_045512.16820	150
NC_045512.16821	150
NC_045512.16822	149
NC_045512.16823	148
NC_045512.16824	149
NC_045512.16825	150
NC_045512.16826	149
NC_045512.16827	150
NC_045512.16828	150
NC_045512.16829	149
NC_045512.16830	149
NC_045512.16831	150
NC_045512.16832	150
NC_045512.16833	149
NC_045512.16834	148
NC_045512.16835	149
NC_045512.16836	146
NC_045512.16837	149
NC_045512.16838	146
NC_045512.16839	150
NC_045512.16840	148
NC_045512.16841	150
NC_045512.16842	148
NC_045512.16843	149
NC_045512.16844	148
NC_045512.16845	149
NC_045512.16846	150
NC_045512.16847	150
NC_045512.16848	150
NC_045512.16849	150
NC_045512.16850	149
NC_045512.16851	150
NC_045512.16852	149
NC_045512.16853	148
NC_045512.16854	148
NC_045512.16855	150
NC_045512.16856	149
NC_045512.16857	149
NC_045512.16858	148
NC_045512.16859	149
NC_045512.16860	144
NC_045512.16861	145
NC_045512.16862	146
NC_045512.16863	143
NC_045512.16864	141
NC_045512.16865	144
NC_045512.16866	149
NC_045512.16867	150
NC_045512.16868	149
NC_045512.16869	149
NC_045512.16870	150
NC_045512.16871	149
NC_045512.16872	147
NC_045512.16873	146
NC_045512.16874	150
NC_045512.16875	149
NC_045512.16876	150
NC_045512.16877	150
NC_045512.16878	150
NC_045512.16879	150
NC_045512.16880	149
NC_045512.16881	144
NC_045512.16882	145
NC_045512.16883	146
NC_045512.16884	147
NC_045512.16885	148
NC_045512.16886	150
NC_045512.16887	150
NC_045512.16888	149
NC_045512.16889	150
NC_045512.16890	150
NC_045512.16891	150
NC_045512.16892	150
NC_045512.16893	149
NC_045512.16894	150
NC_045512.16895	149
NC_045512.16896	149
NC_045512.16897	150
NC_045512.16898	149
NC_045512.16899	150
NC_045512.16900	145
NC_045512.16901	146
NC_045512.16902	147
NC_045512.16903	148
NC_045512.16904	150
NC_045512.16905	150
NC_045512.16906	150
NC_045512.16907	150
NC_045512.16908	149
NC_045512.16909	150
NC_045512.16910	146
NC_045512.16911	149
NC_045512.16912	141
NC_045512.16913	143
NC_045512.16914	143
NC_045512.16915	144
NC_045512.16916	146
NC_045512.16917	145
NC_045512.16918	147
NC_045512.16919	149
NC_045512.16920	150
NC_045512.16921	149
NC_045512.16922	150
NC_045512.16923	150
NC_045512.16924	149
NC_045512.16925	150
NC_045512.16926	150
NC_045512.16927	150
NC_045512.16928	150
NC_045512.16929	149
NC_045512.16930	150
NC_045512.16931	147
NC_045512.16932	146
NC_045512.16933	145
NC_045512.16934	145
NC_045512.16935	146
NC_045512.16936	147
NC_045512.16937	148
NC_045512.16938	149
NC_045512.16939	150
NC_045512.16940	150
NC_045512.16941	150
NC_045512.16942	149
NC_045512.16943	150
NC_045512.16944	149
NC_045512.16945	149
NC_045512.16946	150
NC_045512.16947	150
NC_045512.16948	150
NC_045512.16949	149
NC_045512.16950	148
NC_045512.16951	150
NC_045512.16952	149
NC_045512.16953	149
NC_045512.16954	150
NC_045512.16955	149
NC_045512.16956	147
NC_045512.16957	148
NC_045512.16958	149
NC_045512.16959	150
NC_045512.16960	150
NC_045512.16961	150
NC_045512.16962	150
NC_045512.16963	150
NC_045512.16964	150
NC_045512.16965	149
NC_045512.16966	148
NC_045512.16967	149
NC_045512.16968	150
NC_045512.16969	149
NC_045512.16970	150
NC_045512.16971	147
NC_045512.16972	146
NC_045512.16973	145
NC_045512.16974	150
NC_045512.16975	149
NC_045512.16976	150
NC_045512.16977	149
NC_045512.16978	150
NC_045512.16979	150
NC_045512.16980	150
NC_045512.16981	150
NC_045512.16982	150
NC_045512.16983	150
NC_045512.16984	150
NC_045512.16985	150
NC_045512.16986	150
NC_045512.16987	150
NC_045512.16988	148
NC_045512.16989	148
NC_045512.16990	150
NC_045512.16991	147
NC_045512.16992	149
NC_045512.16993	150
NC_045512.16994	150
NC_045512.16995	150
NC_045512.16996	150
NC_045512.16997	150
NC_045512.16998	150
NC_045512.16999	150
NC_045512.17000	149
NC_045512.17001	150
NC_045512.17002	150
NC_045512.17003	150
NC_045512.17004	150
NC_045512.17005	145
NC_045512.17006	146
NC_045512.17007	150
NC_045512.17008	148
NC_045512.17009	150
NC_045512.17010	149
NC_045512.17011	150
NC_045512.17012	149
NC_045512.17013	148
NC_045512.17014	149
NC_045512.17015	150
NC_045512.17016	149
NC_045512.17017	150
NC_045512.17018	147
NC_045512.17019	146
NC_045512.17020	145
NC_045512.17021	144
NC_045512.17022	143
NC_045512.17023	149
NC_045512.17024	150
NC_045512.17025	150
NC_045512.17026	145
NC_045512.17027	144
NC_045512.17028	143
NC_045512.17029	142
NC_045512.17030	147
NC_045512.17031	148
NC_045512.17032	149
NC_045512.17033	150
NC_045512.17034	149
NC_045512.17035	149
NC_045512.17036	150
NC_045512.17037	150
NC_045512.17038	150
NC_045512.17039	149
NC_045512.17040	150
NC_045512.17041	149
NC_045512.17042	149
NC_045512.17043	150
NC_045512.17044	150
NC_045512.17045	150
NC_045512.17046	150
NC_045512.17047	149
NC_045512.17048	150
NC_045512.17049	149
NC_045512.17050	150
NC_045512.17051	149
NC_045512.17052	148
NC_045512.17053	149
NC_045512.17054	150
NC_045512.17055	149
NC_045512.17056	150
NC_045512.17057	149
NC_045512.17058	148
NC_045512.17059	147
NC_045512.17060	147
NC_045512.17061	148
NC_045512.17062	149
NC_045512.17063	150
NC_045512.17064	149
NC_045512.17065	150
NC_045512.17066	149
NC_045512.17067	149
NC_045512.17068	150
NC_045512.17069	149
NC_045512.17070	150
NC_045512.17071	150
NC_045512.17072	149
NC_045512.17073	144
NC_045512.17074	150
NC_045512.17075	146
NC_045512.17076	147
NC_045512.17077	148
NC_045512.17078	150
NC_045512.17079	150
NC_045512.17080	149
NC_045512.17081	150
NC_045512.17082	149
NC_045512.17083	149
NC_045512.17084	150
NC_045512.17085	149
NC_045512.17086	148
NC_045512.17087	147
NC_045512.17088	146
NC_045512.17089	145
NC_045512.17090	149
NC_045512.17091	150
NC_045512.17092	150
NC_045512.17093	150
NC_045512.17094	150
NC_045512.17095	150
NC_045512.17096	149
NC_045512.17097	149
NC_045512.17098	150
NC_045512.17099	150
NC_045512.17100	149
NC_045512.17101	150
NC_045512.17102	149
NC_045512.17103	150
NC_045512.17104	149
NC_045512.17105	148
NC_045512.17106	135
NC_045512.17107	144
NC_045512.17108	145
NC_045512.17109	138
NC_045512.17110	139
NC_045512.17111	140
NC_045512.17112	141
NC_045512.17113	142
NC_045512.17114	143
NC_045512.17115	144
NC_045512.17116	145
NC_045512.17117	146
NC_045512.17118	147
NC_045512.17119	148
NC_045512.17120	149
NC_045512.17121	150
NC_045512.17122	149
NC_045512.17123	150
NC_045512.17124	150
NC_045512.17125	149
NC_045512.17126	150
NC_045512.17127	149
NC_045512.17128	150
NC_045512.17129	150
NC_045512.17130	149
NC_045512.17131	150
NC_045512.17132	150
NC_045512.17133	150
NC_045512.17134	149
NC_045512.17135	150
NC_045512.17136	150
NC_045512.17137	149
NC_045512.17138	150
NC_045512.17139	150
NC_045512.17140	148
NC_045512.17141	148
NC_045512.17142	149
NC_045512.17143	148
NC_045512.17144	149
NC_045512.17145	150
NC_045512.17146	150
NC_045512.17147	149
NC_045512.17148	150
NC_045512.17149	149
NC_045512.17150	150
NC_045512.17151	148
NC_045512.17152	148
NC_045512.17153	150
NC_045512.17154	150
NC_045512.17155	150
NC_045512.17156	149
NC_045512.17157	150
NC_045512.17158	149
NC_045512.17159	148
NC_045512.17160	144
NC_045512.17161	145
NC_045512.17162	146
NC_045512.17163	150
NC_045512.17164	148
NC_045512.17165	149
NC_045512.17166	150
NC_045512.17167	145
NC_045512.17168	146
NC_045512.17169	147
NC_045512.17170	148
NC_045512.17171	149
NC_045512.17172	150
NC_045512.17173	149
NC_045512.17174	149
NC_045512.17175	150
NC_045512.17176	150
NC_045512.17177	150
NC_045512.17178	150
NC_045512.17179	150
NC_045512.17180	150
NC_045512.17181	150
NC_045512.17182	150
NC_045512.17183	149
NC_045512.17184	150
NC_045512.17185	148
NC_045512.17186	147
NC_045512.17187	146
NC_045512.17188	145
NC_045512.17189	144
NC_045512.17190	143
NC_045512.17191	142
NC_045512.17192	141
NC_045512.17193	140
NC_045512.17194	150
NC_045512.17195	150
NC_045512.17196	149
NC_045512.17197	149
NC_045512.17198	150
NC_045512.17199	150
NC_045512.17200	149
NC_045512.17201	150
NC_045512.17202	150
NC_045512.17203	149
NC_045512.17204	148
NC_045512.17205	147
NC_045512.17206	146
NC_045512.17207	149
NC_045512.17208	147
NC_045512.17209	143
NC_045512.17210	149
NC_045512.17211	150
NC_045512.17212	146
NC_045512.17213	148
NC_045512.17214	149
NC_045512.17215	148
NC_045512.17216	150
NC_045512.17217	150
NC_045512.17218	145
NC_045512.17219	150
NC_045512.17220	150
NC_045512.17221	149
NC_045512.17222	149
NC_045512.17223	150
NC_045512.17224	150
NC_045512.17225	150
NC_045512.17226	147
NC_045512.17227	146
NC_045512.17228	150
NC_045512.17229	150
NC_045512.17230	150
NC_045512.17231	146
NC_045512.17232	150
NC_045512.17233	148
NC_045512.17234	150
NC_045512.17235	149
NC_045512.17236	146
NC_045512.17237	150
NC_045512.17238	149
NC_045512.17239	149
NC_045512.17240	150
NC_045512.17241	149
NC_045512.17242	148
NC_045512.17243	149
NC_045512.17244	150
NC_045512.17245	149
NC_045512.17246	148
NC_045512.17247	149
NC_045512.17248	147
NC_045512.17249	149
NC_045512.17250	147
NC_045512.17251	147
NC_045512.17252	149
NC_045512.17253	150
NC_045512.17254	150
NC_045512.17255	150
NC_045512.17256	149
NC_045512.17257	149
NC_045512.17258	150
NC_045512.17259	150
NC_045512.17260	150
NC_045512.17261	149
NC_045512.17262	148
NC_045512.17263	149
NC_045512.17264	150
NC_045512.17265	150
NC_045512.17266	150
NC_045512.17267	150
NC_045512.17268	149
NC_045512.17269	149
NC_045512.17270	150
NC_045512.17271	149
NC_045512.17272	150
NC_045512.17273	150
NC_045512.17274	150
NC_045512.17275	150
NC_045512.17276	150
NC_045512.17277	149
NC_045512.17278	148
NC_045512.17279	148
NC_045512.17280	149
NC_045512.17281	150
NC_045512.17282	149
NC_045512.17283	149
NC_045512.17284	150
NC_045512.17285	149
NC_045512.17286	149
NC_045512.17287	150
NC_045512.17288	150
NC_045512.17289	150
NC_045512.17290	149
NC_045512.17291	148
NC_045512.17292	149
NC_045512.17293	150
NC_045512.17294	149
NC_045512.17295	150
NC_045512.17296	150
NC_045512.17297	150
NC_045512.17298	149
NC_045512.17299	150
NC_045512.17300	150
NC_045512.17301	150
NC_045512.17302	149
NC_045512.17303	150
NC_045512.17304	149
NC_045512.17305	150
NC_045512.17306	150
NC_045512.17307	149
NC_045512.17308	150
NC_045512.17309	150
NC_045512.17310	149
NC_045512.17311	149
NC_045512.17312	149
NC_045512.17313	150
NC_045512.17314	150
NC_045512.17315	150
NC_045512.17316	150
NC_045512.17317	149
NC_045512.17318	148
NC_045512.17319	147
NC_045512.17320	149
NC_045512.17321	150
NC_045512.17322	148
NC_045512.17323	149
NC_045512.17324	150
NC_045512.17325	150
NC_045512.17326	150
NC_045512.17327	140
NC_045512.17328	141
NC_045512.17329	142
NC_045512.17330	143
NC_045512.17331	150
NC_045512.17332	145
NC_045512.17333	145
NC_045512.17334	148
NC_045512.17335	149
NC_045512.17336	148
NC_045512.17337	150
NC_045512.17338	150
NC_045512.17339	149
NC_045512.17340	149
NC_045512.17341	149
NC_045512.17342	150
NC_045512.17343	150
NC_045512.17344	150
NC_045512.17345	150
NC_045512.17346	149
NC_045512.17347	149
NC_045512.17348	148
NC_045512.17349	149
NC_045512.17350	149
NC_045512.17351	150
NC_045512.17352	149
NC_045512.17353	148
NC_045512.17354	148
NC_045512.17355	149
NC_045512.17356	150
NC_045512.17357	150
NC_045512.17358	150
NC_045512.17359	145
NC_045512.17360	146
NC_045512.17361	150
NC_045512.17362	148
NC_045512.17363	149
NC_045512.17364	150
NC_045512.17365	149
NC_045512.17366	150
NC_045512.17367	144
NC_045512.17368	145
NC_045512.17369	146
NC_045512.17370	147
NC_045512.17371	148
NC_045512.17372	147
NC_045512.17373	146
NC_045512.17374	145
NC_045512.17375	150
NC_045512.17376	150
NC_045512.17377	149
NC_045512.17378	150
NC_045512.17379	150
NC_045512.17380	149
NC_045512.17381	150
NC_045512.17382	150
NC_045512.17383	150
NC_045512.17384	150
NC_045512.17385	149
NC_045512.17386	150
NC_045512.17387	149
NC_045512.17388	149
NC_045512.17389	150
NC_045512.17390	150
NC_045512.17391	150
NC_045512.17392	149
NC_045512.17393	150
NC_045512.17394	150
NC_045512.17395	148
NC_045512.17396	148
NC_045512.17397	149
NC_045512.17398	149
NC_045512.17399	150
NC_045512.17400	149
NC_045512.17401	148
NC_045512.17402	147
NC_045512.17403	150
NC_045512.17404	145
NC_045512.17405	150
NC_045512.17406	150
NC_045512.17407	150
NC_045512.17408	149
NC_045512.17409	148
NC_045512.17410	148
NC_045512.17411	149
NC_045512.17412	150
NC_045512.17413	150
NC_045512.17414	149
NC_045512.17415	149
NC_045512.17416	150
NC_045512.17417	150
NC_045512.17418	149
NC_045512.17419	149
NC_045512.17420	150
NC_045512.17421	150
NC_045512.17422	150
NC_045512.17423	150
NC_045512.17424	150
NC_045512.17425	150
NC_045512.17426	150
NC_045512.17427	149
NC_045512.17428	149
NC_045512.17429	150
NC_045512.17430	150
NC_045512.17431	150
NC_045512.17432	148
NC_045512.17433	149
NC_045512.17434	150
NC_045512.17435	150
NC_045512.17436	150
NC_045512.17437	149
NC_045512.17438	150
NC_045512.17439	150
NC_045512.17440	150
NC_045512.17441	150
NC_045512.17442	150
NC_045512.17443	150
NC_045512.17444	150
NC_045512.17445	150
NC_045512.17446	149
NC_045512.17447	150
NC_045512.17448	149
NC_045512.17449	150
NC_045512.17450	150
NC_045512.17451	150
NC_045512.17452	149
NC_045512.17453	150
NC_045512.17454	150
NC_045512.17455	149
NC_045512.17456	150
NC_045512.17457	150
NC_045512.17458	150
NC_045512.17459	150
NC_045512.17460	150
NC_045512.17461	150
NC_045512.17462	150
NC_045512.17463	149
NC_045512.17464	149
NC_045512.17465	150
NC_045512.17466	150
NC_045512.17467	150
NC_045512.17468	149
NC_045512.17469	150
NC_045512.17470	148
NC_045512.17471	150
NC_045512.17472	146
NC_045512.17473	145
NC_045512.17474	150
NC_045512.17475	150
NC_045512.17476	150
NC_045512.17477	150
NC_045512.17478	150
NC_045512.17479	150
NC_045512.17480	150
NC_045512.17481	149
NC_045512.17482	150
NC_045512.17483	150
NC_045512.17484	150
NC_045512.17485	150
NC_045512.17486	149
NC_045512.17487	150
NC_045512.17488	149
NC_045512.17489	150
NC_045512.17490	147
NC_045512.17491	149
NC_045512.17492	147
NC_045512.17493	150
NC_045512.17494	149
NC_045512.17495	149
NC_045512.17496	149
NC_045512.17497	148
NC_045512.17498	147
NC_045512.17499	149
NC_045512.17500	148
NC_045512.17501	147
NC_045512.17502	150
NC_045512.17503	145
NC_045512.17504	144
NC_045512.17505	143
NC_045512.17506	142
NC_045512.17507	150
NC_045512.17508	147
NC_045512.17509	148
NC_045512.17510	149
NC_045512.17511	150
NC_045512.17512	148
NC_045512.17513	143
NC_045512.17514	150
NC_045512.17515	150
NC_045512.17516	146
NC_045512.17517	147
NC_045512.17518	148
NC_045512.17519	150
NC_045512.17520	150
NC_045512.17521	150
NC_045512.17522	150
NC_045512.17523	149
NC_045512.17524	148
NC_045512.17525	149
NC_045512.17526	149
NC_045512.17527	150
NC_045512.17528	147
NC_045512.17529	146
NC_045512.17530	145
NC_045512.17531	150
NC_045512.17532	149
NC_045512.17533	148
NC_045512.17534	147
NC_045512.17535	146
NC_045512.17536	145
NC_045512.17537	150
NC_045512.17538	150
NC_045512.17539	150
NC_045512.17540	150
NC_045512.17541	150
NC_045512.17542	149
NC_045512.17543	143
NC_045512.17544	144
NC_045512.17545	145
NC_045512.17546	146
NC_045512.17547	147
NC_045512.17548	150
NC_045512.17549	150
NC_045512.17550	150
NC_045512.17551	149
NC_045512.17552	148
NC_045512.17553	150
NC_045512.17554	149
NC_045512.17555	150
NC_045512.17556	150
NC_045512.17557	150
NC_045512.17558	150
NC_045512.17559	150
NC_045512.17560	150
NC_045512.17561	150
NC_045512.17562	149
NC_045512.17563	150
NC_045512.17564	148
NC_045512.17565	149
NC_045512.17566	150
NC_045512.17567	150
NC_045512.17568	150
NC_045512.17569	150
NC_045512.17570	150
NC_045512.17571	150
NC_045512.17572	150
NC_045512.17573	149
NC_045512.17574	150
NC_045512.17575	150
NC_045512.17576	149
NC_045512.17577	149
NC_045512.17578	150
NC_045512.17579	150
NC_045512.17580	150
NC_045512.17581	149
NC_045512.17582	150
NC_045512.17583	150
NC_045512.17584	150
NC_045512.17585	150
NC_045512.17586	149
NC_045512.17587	149
NC_045512.17588	150
NC_045512.17589	147
NC_045512.17590	148
NC_045512.17591	149
NC_045512.17592	150
NC_045512.17593	150
NC_045512.17594	147
NC_045512.17595	146
NC_045512.17596	145
NC_045512.17597	144
NC_045512.17598	150
NC_045512.17599	149
NC_045512.17600	150
NC_045512.17601	148
NC_045512.17602	148
NC_045512.17603	149
NC_045512.17604	150
NC_045512.17605	149
NC_045512.17606	150
NC_045512.17607	150
NC_045512.17608	150
NC_045512.17609	150
NC_045512.17610	149
NC_045512.17611	150
NC_045512.17612	143
NC_045512.17613	144
NC_045512.17614	145
NC_045512.17615	146
NC_045512.17616	147
NC_045512.17617	148
NC_045512.17618	149
NC_045512.17619	148
NC_045512.17620	148
NC_045512.17621	147
NC_045512.17622	146
NC_045512.17623	145
NC_045512.17624	144
NC_045512.17625	143
NC_045512.17626	142
NC_045512.17627	141
NC_045512.17628	140
NC_045512.17629	150
NC_045512.17630	150
NC_045512.17631	150
NC_045512.17632	147
NC_045512.17633	147
NC_045512.17634	145
NC_045512.17635	149
NC_045512.17636	148
NC_045512.17637	149
NC_045512.17638	149
NC_045512.17639	150
NC_045512.17640	150
NC_045512.17641	150
NC_045512.17642	149
NC_045512.17643	150
NC_045512.17644	145
NC_045512.17645	150
NC_045512.17646	147
NC_045512.17647	150
NC_045512.17648	149
NC_045512.17649	148
NC_045512.17650	147
NC_045512.17651	149
NC_045512.17652	148
NC_045512.17653	150
NC_045512.17654	150
NC_045512.17655	150
NC_045512.17656	150
NC_045512.17657	150
NC_045512.17658	149
NC_045512.17659	148
NC_045512.17660	147
NC_045512.17661	148
NC_045512.17662	149
NC_045512.17663	150
NC_045512.17664	150
NC_045512.17665	150
NC_045512.17666	150
NC_045512.17667	150
NC_045512.17668	149
NC_045512.17669	143
NC_045512.17670	144
NC_045512.17671	140
NC_045512.17672	146
NC_045512.17673	147
NC_045512.17674	148
NC_045512.17675	144
NC_045512.17676	150
NC_045512.17677	146
NC_045512.17678	147
NC_045512.17679	148
NC_045512.17680	149
NC_045512.17681	150
NC_045512.17682	149
NC_045512.17683	149
NC_045512.17684	150
NC_045512.17685	150
NC_045512.17686	149
NC_045512.17687	148
NC_045512.17688	148
NC_045512.17689	149
NC_045512.17690	150
NC_045512.17691	150
NC_045512.17692	150
NC_045512.17693	150
NC_045512.17694	150
NC_045512.17695	150
NC_045512.17696	150
NC_045512.17697	150
NC_045512.17698	150
NC_045512.17699	150
NC_045512.17700	149
NC_045512.17701	148
NC_045512.17702	147
NC_045512.17703	146
NC_045512.17704	145
NC_045512.17705	150
NC_045512.17706	149
NC_045512.17707	150
NC_045512.17708	149
NC_045512.17709	150
NC_045512.17710	150
NC_045512.17711	145
NC_045512.17712	146
NC_045512.17713	147
NC_045512.17714	148
NC_045512.17715	150
NC_045512.17716	149
NC_045512.17717	148
NC_045512.17718	147
NC_045512.17719	146
NC_045512.17720	145
NC_045512.17721	145
NC_045512.17722	146
NC_045512.17723	147
NC_045512.17724	148
NC_045512.17725	149
NC_045512.17726	150
NC_045512.17727	149
NC_045512.17728	148
NC_045512.17729	147
NC_045512.17730	146
NC_045512.17731	145
NC_045512.17732	150
NC_045512.17733	149
NC_045512.17734	150
NC_045512.17735	148
NC_045512.17736	143
NC_045512.17737	145
NC_045512.17738	146
NC_045512.17739	147
NC_045512.17740	148
NC_045512.17741	148
NC_045512.17742	149
NC_045512.17743	148
NC_045512.17744	150
NC_045512.17745	149
NC_045512.17746	149
NC_045512.17747	150
NC_045512.17748	150
NC_045512.17749	150
NC_045512.17750	149
NC_045512.17751	150
NC_045512.17752	150
NC_045512.17753	149
NC_045512.17754	150
NC_045512.17755	149
NC_045512.17756	150
NC_045512.17757	150
NC_045512.17758	149
NC_045512.17759	150
NC_045512.17760	150
NC_045512.17761	150
NC_045512.17762	140
NC_045512.17763	141
NC_045512.17764	142
NC_045512.17765	143
NC_045512.17766	144
NC_045512.17767	145
NC_045512.17768	146
NC_045512.17769	147
NC_045512.17770	148
NC_045512.17771	149
NC_045512.17772	150
NC_045512.17773	150
NC_045512.17774	149
NC_045512.17775	148
NC_045512.17776	149
NC_045512.17777	150
NC_045512.17778	150
NC_045512.17779	149
NC_045512.17780	149
NC_045512.17781	150
NC_045512.17782	150
NC_045512.17783	149
NC_045512.17784	150
NC_045512.17785	150
NC_045512.17786	150
NC_045512.17787	150
NC_045512.17788	150
NC_045512.17789	150
NC_045512.17790	150
NC_045512.17791	149
NC_045512.17792	149
NC_045512.17793	150
NC_045512.17794	150
NC_045512.17795	150
NC_045512.17796	150
NC_045512.17797	150
NC_045512.17798	150
NC_045512.17799	150
NC_045512.17800	150
NC_045512.17801	150
NC_045512.17802	150
NC_045512.17803	150
NC_045512.17804	149
NC_045512.17805	150
NC_045512.17806	150
NC_045512.17807	150
NC_045512.17808	149
NC_045512.17809	150
NC_045512.17810	147
NC_045512.17811	146
NC_045512.17812	145
NC_045512.17813	150
NC_045512.17814	150
NC_045512.17815	149
NC_045512.17816	150
NC_045512.17817	150
NC_045512.17818	150
NC_045512.17819	150
NC_045512.17820	150
NC_045512.17821	150
NC_045512.17822	150
NC_045512.17823	149
NC_045512.17824	150
NC_045512.17825	149
NC_045512.17826	150
NC_045512.17827	148
NC_045512.17828	147
NC_045512.17829	146
NC_045512.17830	144
NC_045512.17831	150
NC_045512.17832	149
NC_045512.17833	148
NC_045512.17834	147
NC_045512.17835	148
NC_045512.17836	149
NC_045512.17837	150
NC_045512.17838	149
NC_045512.17839	150
NC_045512.17840	141
NC_045512.17841	149
NC_045512.17842	150
NC_045512.17843	150
NC_045512.17844	149
NC_045512.17845	144
NC_045512.17846	146
NC_045512.17847	150
NC_045512.17848	148
NC_045512.17849	146
NC_045512.17850	147
NC_045512.17851	150
NC_045512.17852	150
NC_045512.17853	146
NC_045512.17854	148
NC_045512.17855	148
NC_045512.17856	149
NC_045512.17857	150
NC_045512.17858	149
NC_045512.17859	148
NC_045512.17860	147
NC_045512.17861	146
NC_045512.17862	145
NC_045512.17863	144
NC_045512.17864	143
NC_045512.17865	142
NC_045512.17866	141
NC_045512.17867	150
NC_045512.17868	139
NC_045512.17869	150
NC_045512.17870	150
NC_045512.17871	149
NC_045512.17872	148
NC_045512.17873	148
NC_045512.17874	149
NC_045512.17875	150
NC_045512.17876	149
NC_045512.17877	149
NC_045512.17878	150
NC_045512.17879	149
NC_045512.17880	150
NC_045512.17881	150
NC_045512.17882	149
NC_045512.17883	150
NC_045512.17884	150
NC_045512.17885	145
NC_045512.17886	146
NC_045512.17887	147
NC_045512.17888	148
NC_045512.17889	149
NC_045512.17890	150
NC_045512.17891	150
NC_045512.17892	150
NC_045512.17893	150
NC_045512.17894	150
NC_045512.17895	150
NC_045512.17896	149
NC_045512.17897	150
NC_045512.17898	149
NC_045512.17899	150
NC_045512.17900	149
NC_045512.17901	150
NC_045512.17902	149
NC_045512.17903	150
NC_045512.17904	149
NC_045512.17905	150
NC_045512.17906	150
NC_045512.17907	150
NC_045512.17908	150
NC_045512.17909	150
NC_045512.17910	150
NC_045512.17911	150
NC_045512.17912	147
NC_045512.17913	150
NC_045512.17914	145
NC_045512.17915	150
NC_045512.17916	150
NC_045512.17917	149
NC_045512.17918	150
NC_045512.17919	149
NC_045512.17920	150
NC_045512.17921	150
NC_045512.17922	150
NC_045512.17923	149
NC_045512.17924	149
NC_045512.17925	150
NC_045512.17926	149
NC_045512.17927	150
NC_045512.17928	149
NC_045512.17929	148
NC_045512.17930	150
NC_045512.17931	149
NC_045512.17932	147
NC_045512.17933	149
NC_045512.17934	148
NC_045512.17935	149
NC_045512.17936	150
NC_045512.17937	149
NC_045512.17938	147
NC_045512.17939	150
NC_045512.17940	147
NC_045512.17941	148
NC_045512.17942	147
NC_045512.17943	146
NC_045512.17944	145
NC_045512.17945	150
NC_045512.17946	150
NC_045512.17947	150
NC_045512.17948	150
NC_045512.17949	148
NC_045512.17950	147
NC_045512.17951	143
NC_045512.17952	144
NC_045512.17953	145
NC_045512.17954	149
NC_045512.17955	147
NC_045512.17956	150
NC_045512.17957	148
NC_045512.17958	150
NC_045512.17959	150
NC_045512.17960	150
NC_045512.17961	148
NC_045512.17962	150
NC_045512.17963	150
NC_045512.17964	150
NC_045512.17965	150
NC_045512.17966	150
NC_045512.17967	149
NC_045512.17968	150
NC_045512.17969	148
NC_045512.17970	147
NC_045512.17971	145
NC_045512.17972	146
NC_045512.17973	147
NC_045512.17974	148
NC_045512.17975	149
NC_045512.17976	148
NC_045512.17977	147
NC_045512.17978	148
NC_045512.17979	145
NC_045512.17980	146
NC_045512.17981	145
NC_045512.17982	149
NC_045512.17983	150
NC_045512.17984	150
NC_045512.17985	148
NC_045512.17986	150
NC_045512.17987	149
NC_045512.17988	145
NC_045512.17989	148
NC_045512.17990	142
NC_045512.17991	143
NC_045512.17992	144
NC_045512.17993	145
NC_045512.17994	146
NC_045512.17995	147
NC_045512.17996	148
NC_045512.17997	149
NC_045512.17998	150
NC_045512.17999	140
NC_045512.18000	141
NC_045512.18001	142
NC_045512.18002	143
NC_045512.18003	144
NC_045512.18004	145
NC_045512.18005	146
NC_045512.18006	147
NC_045512.18007	148
NC_045512.18008	150
NC_045512.18009	150
NC_045512.18010	150
NC_045512.18011	150
NC_045512.18012	150
NC_045512.18013	150
NC_045512.18014	149
NC_045512.18015	150
NC_045512.18016	150
NC_045512.18017	150
NC_045512.18018	149
NC_045512.18019	150
NC_045512.18020	150
NC_045512.18021	150
NC_045512.18022	150
NC_045512.18023	150
NC_045512.18024	150
NC_045512.18025	150
NC_045512.18026	150
NC_045512.18027	150
NC_045512.18028	150
NC_045512.18029	150
NC_045512.18030	150
NC_045512.18031	150
NC_045512.18032	150
NC_045512.18033	149
NC_045512.18034	150
NC_045512.18035	150
NC_045512.18036	150
NC_045512.18037	149
NC_045512.18038	149
NC_045512.18039	150
NC_045512.18040	150
NC_045512.18041	149
NC_045512.18042	150
NC_045512.18043	150
NC_045512.18044	150
NC_045512.18045	150
NC_045512.18046	150
NC_045512.18047	150
NC_045512.18048	149
NC_045512.18049	149
NC_045512.18050	150
NC_045512.18051	149
NC_045512.18052	149
NC_045512.18053	150
NC_045512.18054	150
NC_045512.18055	145
NC_045512.18056	146
NC_045512.18057	147
NC_045512.18058	148
NC_045512.18059	147
NC_045512.18060	146
NC_045512.18061	145
NC_045512.18062	150
NC_045512.18063	149
NC_045512.18064	149
NC_045512.18065	150
NC_045512.18066	149
NC_045512.18067	145
NC_045512.18068	149
NC_045512.18069	147
NC_045512.18070	148
NC_045512.18071	147
NC_045512.18072	146
NC_045512.18073	145
NC_045512.18074	149
NC_045512.18075	150
NC_045512.18076	149
NC_045512.18077	149
NC_045512.18078	149
NC_045512.18079	150
NC_045512.18080	149
NC_045512.18081	146
NC_045512.18082	148
NC_045512.18083	150
NC_045512.18084	146
NC_045512.18085	145
NC_045512.18086	144
NC_045512.18087	143
NC_045512.18088	142
NC_045512.18089	141
NC_045512.18090	147
NC_045512.18091	146
NC_045512.18092	138
NC_045512.18093	137
NC_045512.18094	148
NC_045512.18095	148
NC_045512.18096	148
NC_045512.18097	147
NC_045512.18098	149
NC_045512.18099	149
NC_045512.18100	150
NC_045512.18101	149
NC_045512.18102	150
NC_045512.18103	148
NC_045512.18104	143
NC_045512.18105	144
NC_045512.18106	145
NC_045512.18107	144
NC_045512.18108	150
NC_045512.18109	149
NC_045512.18110	150
NC_045512.18111	143
NC_045512.18112	150
NC_045512.18113	145
NC_045512.18114	146
NC_045512.18115	147
NC_045512.18116	148
NC_045512.18117	150
NC_045512.18118	149
NC_045512.18119	150
NC_045512.18120	148
NC_045512.18121	146
NC_045512.18122	150
NC_045512.18123	146
NC_045512.18124	144
NC_045512.18125	144
NC_045512.18126	145
NC_045512.18127	148
NC_045512.18128	143
NC_045512.18129	146
NC_045512.18130	145
NC_045512.18131	149
NC_045512.18132	150
NC_045512.18133	142
NC_045512.18134	137
NC_045512.18135	149
NC_045512.18136	150
NC_045512.18137	146
NC_045512.18138	137
NC_045512.18139	132
NC_045512.18140	141
NC_045512.18141	141
NC_045512.18142	133
NC_045512.18143	149
NC_045512.18144	131
NC_045512.18145	148
NC_045512.18146	143
NC_045512.18147	150
NC_045512.18148	150
NC_045512.18149	134
NC_045512.18150	148
NC_045512.18151	133
NC_045512.18152	140
NC_045512.18153	134
NC_045512.18154	149
NC_045512.18155	150
NC_045512.18156	149
NC_045512.18157	148
NC_045512.18158	147
NC_045512.18159	146
NC_045512.18160	150
NC_045512.18161	150
NC_045512.18162	149
NC_045512.18163	149
NC_045512.18164	150
NC_045512.18165	149
NC_045512.18166	148
NC_045512.18167	150
NC_045512.18168	145
NC_045512.18169	148
NC_045512.18170	148
NC_045512.18171	148
NC_045512.18172	150
NC_045512.18173	150
NC_045512.18174	148
NC_045512.18175	147
NC_045512.18176	150
NC_045512.18177	150
NC_045512.18178	149
NC_045512.18179	134
NC_045512.18180	132
NC_045512.18181	136
NC_045512.18182	129
NC_045512.18183	138
NC_045512.18184	139
NC_045512.18185	140
NC_045512.18186	146
NC_045512.18187	145
NC_045512.18188	144
NC_045512.18189	143
NC_045512.18190	132
NC_045512.18191	137
NC_045512.18192	136
NC_045512.18193	139
NC_045512.18194	148
NC_045512.18195	137
NC_045512.18196	136
NC_045512.18197	135
NC_045512.18198	134
NC_045512.18199	133
NC_045512.18200	132
NC_045512.18201	131
NC_045512.18202	145
NC_045512.18203	132
NC_045512.18204	149
NC_045512.18205	142
NC_045512.18206	150
NC_045512.18207	146
NC_045512.18208	145
NC_045512.18209	140
NC_045512.18210	149
NC_045512.18211	150
NC_045512.18212	142
NC_045512.18213	140
NC_045512.18214	143
NC_045512.18215	146
NC_045512.18216	146
NC_045512.18217	148
NC_045512.18218	150
NC_045512.18219	146
NC_045512.18220	150
NC_045512.18221	149
NC_045512.18222	149
NC_045512.18223	149
NC_045512.18224	140
NC_045512.18225	144
NC_045512.18226	145
NC_045512.18227	146
NC_045512.18228	144
NC_045512.18229	147
NC_045512.18230	146
NC_045512.18231	149
NC_045512.18232	150
NC_045512.18233	148
NC_045512.18234	150
NC_045512.18235	149
NC_045512.18236	149
NC_045512.18237	148
NC_045512.18238	149
NC_045512.18239	150
NC_045512.18240	149
NC_045512.18241	149
NC_045512.18242	140
NC_045512.18243	140
NC_045512.18244	142
NC_045512.18245	143
NC_045512.18246	143
NC_045512.18247	150
NC_045512.18248	145
NC_045512.18249	146
NC_045512.18250	145
NC_045512.18251	146
NC_045512.18252	147
NC_045512.18253	150
NC_045512.18254	149
NC_045512.18255	150
NC_045512.18256	147
NC_045512.18257	137
NC_045512.18258	149
NC_045512.18259	150
NC_045512.18260	147
NC_045512.18261	135
NC_045512.18262	142
NC_045512.18263	143
NC_045512.18264	144
NC_045512.18265	145
NC_045512.18266	146
NC_045512.18267	147
NC_045512.18268	142
NC_045512.18269	143
NC_045512.18270	144
NC_045512.18271	145
NC_045512.18272	150
NC_045512.18273	150
NC_045512.18274	149
NC_045512.18275	148
NC_045512.18276	149
NC_045512.18277	150
NC_045512.18278	147
NC_045512.18279	145
NC_045512.18280	144
NC_045512.18281	148
NC_045512.18282	148
NC_045512.18283	148
NC_045512.18284	148
NC_045512.18285	149
NC_045512.18286	148
NC_045512.18287	146
NC_045512.18288	145
NC_045512.18289	145
NC_045512.18290	149
NC_045512.18291	143
NC_045512.18292	149
NC_045512.18293	148
NC_045512.18294	140
NC_045512.18295	146
NC_045512.18296	149
NC_045512.18297	150
NC_045512.18298	147
NC_045512.18299	143
NC_045512.18300	144
NC_045512.18301	142
NC_045512.18302	142
NC_045512.18303	143
NC_045512.18304	148
NC_045512.18305	145
NC_045512.18306	149
NC_045512.18307	147
NC_045512.18308	147
NC_045512.18309	149
NC_045512.18310	150
NC_045512.18311	150
NC_045512.18312	150
NC_045512.18313	150
NC_045512.18314	150
NC_045512.18315	150
NC_045512.18316	150
NC_045512.18317	150
NC_045512.18318	150
NC_045512.18319	150
NC_045512.18320	149
NC_045512.18321	150
NC_045512.18322	145
NC_045512.18323	150
NC_045512.18324	146
NC_045512.18325	145
NC_045512.18326	150
NC_045512.18327	149
NC_045512.18328	148
NC_045512.18329	149
NC_045512.18330	150
NC_045512.18331	150
NC_045512.18332	150
NC_045512.18333	150
NC_045512.18334	149
NC_045512.18335	150
NC_045512.18336	150
NC_045512.18337	148
NC_045512.18338	147
NC_045512.18339	146
NC_045512.18340	145
NC_045512.18341	150
NC_045512.18342	149
NC_045512.18343	149
NC_045512.18344	150
NC_045512.18345	149
NC_045512.18346	147
NC_045512.18347	149
NC_045512.18348	150
NC_045512.18349	149
NC_045512.18350	149
NC_045512.18351	150
NC_045512.18352	150
NC_045512.18353	144
NC_045512.18354	148
NC_045512.18355	150
NC_045512.18356	147
NC_045512.18357	149
NC_045512.18358	148
NC_045512.18359	142
NC_045512.18360	142
NC_045512.18361	147
NC_045512.18362	149
NC_045512.18363	143
NC_045512.18364	149
NC_045512.18365	150
NC_045512.18366	150
NC_045512.18367	150
NC_045512.18368	149
NC_045512.18369	148
NC_045512.18370	147
NC_045512.18371	146
NC_045512.18372	146
NC_045512.18373	147
NC_045512.18374	148
NC_045512.18375	149
NC_045512.18376	150
NC_045512.18377	150
NC_045512.18378	149
NC_045512.18379	149
NC_045512.18380	150
NC_045512.18381	149
NC_045512.18382	148
NC_045512.18383	150
NC_045512.18384	150
NC_045512.18385	150
NC_045512.18386	150
NC_045512.18387	150
NC_045512.18388	149
NC_045512.18389	150
NC_045512.18390	150
NC_045512.18391	149
NC_045512.18392	149
NC_045512.18393	148
NC_045512.18394	149
NC_045512.18395	149
NC_045512.18396	150
NC_045512.18397	149
NC_045512.18398	150
NC_045512.18399	150
NC_045512.18400	150
NC_045512.18401	150
NC_045512.18402	150
NC_045512.18403	145
NC_045512.18404	146
NC_045512.18405	147
NC_045512.18406	150
NC_045512.18407	150
NC_045512.18408	150
NC_045512.18409	149
NC_045512.18410	150
NC_045512.18411	149
NC_045512.18412	149
NC_045512.18413	147
NC_045512.18414	148
NC_045512.18415	149
NC_045512.18416	150
NC_045512.18417	150
NC_045512.18418	150
NC_045512.18419	150
NC_045512.18420	150
NC_045512.18421	150
NC_045512.18422	150
NC_045512.18423	150
NC_045512.18424	150
NC_045512.18425	149
NC_045512.18426	150
NC_045512.18427	149
NC_045512.18428	150
NC_045512.18429	150
NC_045512.18430	145
NC_045512.18431	150
NC_045512.18432	147
NC_045512.18433	150
NC_045512.18434	149
NC_045512.18435	149
NC_045512.18436	150
NC_045512.18437	150
NC_045512.18438	150
NC_045512.18439	150
NC_045512.18440	150
NC_045512.18441	150
NC_045512.18442	150
NC_045512.18443	150
NC_045512.18444	150
NC_045512.18445	146
NC_045512.18446	145
NC_045512.18447	150
NC_045512.18448	149
NC_045512.18449	148
NC_045512.18450	148
NC_045512.18451	150
NC_045512.18452	149
NC_045512.18453	149
NC_045512.18454	147
NC_045512.18455	147
NC_045512.18456	149
NC_045512.18457	150
NC_045512.18458	148
NC_045512.18459	150
NC_045512.18460	149
NC_045512.18461	148
NC_045512.18462	150
NC_045512.18463	148
NC_045512.18464	150
NC_045512.18465	146
NC_045512.18466	145
NC_045512.18467	146
NC_045512.18468	147
NC_045512.18469	148
NC_045512.18470	149
NC_045512.18471	149
NC_045512.18472	147
NC_045512.18473	149
NC_045512.18474	150
NC_045512.18475	149
NC_045512.18476	150
NC_045512.18477	150
NC_045512.18478	149
NC_045512.18479	149
NC_045512.18480	148
NC_045512.18481	145
NC_045512.18482	147
NC_045512.18483	146
NC_045512.18484	145
NC_045512.18485	144
NC_045512.18486	147
NC_045512.18487	148
NC_045512.18488	149
NC_045512.18489	140
NC_045512.18490	150
NC_045512.18491	149
NC_045512.18492	148
NC_045512.18493	148
NC_045512.18494	150
NC_045512.18495	150
NC_045512.18496	149
NC_045512.18497	150
NC_045512.18498	150
NC_045512.18499	150
NC_045512.18500	144
NC_045512.18501	148
NC_045512.18502	149
NC_045512.18503	149
NC_045512.18504	148
NC_045512.18505	150
NC_045512.18506	146
NC_045512.18507	144
NC_045512.18508	147
NC_045512.18509	148
NC_045512.18510	147
NC_045512.18511	146
NC_045512.18512	150
NC_045512.18513	150
NC_045512.18514	149
NC_045512.18515	150
NC_045512.18516	150
NC_045512.18517	149
NC_045512.18518	148
NC_045512.18519	147
NC_045512.18520	149
NC_045512.18521	150
NC_045512.18522	150
NC_045512.18523	148
NC_045512.18524	150
NC_045512.18525	147
NC_045512.18526	148
NC_045512.18527	149
NC_045512.18528	150
NC_045512.18529	150
NC_045512.18530	150
NC_045512.18531	150
NC_045512.18532	150
NC_045512.18533	150
NC_045512.18534	150
NC_045512.18535	150
NC_045512.18536	150
NC_045512.18537	150
NC_045512.18538	150
NC_045512.18539	150
NC_045512.18540	147
NC_045512.18541	150
NC_045512.18542	149
NC_045512.18543	150
NC_045512.18544	150
NC_045512.18545	150
NC_045512.18546	150
NC_045512.18547	150
NC_045512.18548	150
NC_045512.18549	149
NC_045512.18550	150
NC_045512.18551	145
NC_045512.18552	146
NC_045512.18553	147
NC_045512.18554	148
NC_045512.18555	149
NC_045512.18556	150
NC_045512.18557	149
NC_045512.18558	148
NC_045512.18559	147
NC_045512.18560	146
NC_045512.18561	150
NC_045512.18562	150
NC_045512.18563	150
NC_045512.18564	150
NC_045512.18565	150
NC_045512.18566	146
NC_045512.18567	149
NC_045512.18568	149
NC_045512.18569	147
NC_045512.18570	142
NC_045512.18571	149
NC_045512.18572	147
NC_045512.18573	147
NC_045512.18574	146
NC_045512.18575	147
NC_045512.18576	147
NC_045512.18577	145
NC_045512.18578	149
NC_045512.18579	145
NC_045512.18580	149
NC_045512.18581	149
NC_045512.18582	150
NC_045512.18583	141
NC_045512.18584	150
NC_045512.18585	143
NC_045512.18586	144
NC_045512.18587	145
NC_045512.18588	146
NC_045512.18589	147
NC_045512.18590	148
NC_045512.18591	150
NC_045512.18592	149
NC_045512.18593	145
NC_045512.18594	148
NC_045512.18595	148
NC_045512.18596	147
NC_045512.18597	146
NC_045512.18598	145
NC_045512.18599	144
NC_045512.18600	149
NC_045512.18601	150
NC_045512.18602	150
NC_045512.18603	150
NC_045512.18604	149
NC_045512.18605	150
NC_045512.18606	149
NC_045512.18607	141
NC_045512.18608	142
NC_045512.18609	143
NC_045512.18610	144
NC_045512.18611	145
NC_045512.18612	146
NC_045512.18613	147
NC_045512.18614	148
NC_045512.18615	149
NC_045512.18616	150
NC_045512.18617	149
NC_045512.18618	148
NC_045512.18619	147
NC_045512.18620	146
NC_045512.18621	150
NC_045512.18622	149
NC_045512.18623	150
NC_045512.18624	150
NC_045512.18625	145
NC_045512.18626	146
NC_045512.18627	147
NC_045512.18628	148
NC_045512.18629	149
NC_045512.18630	150
NC_045512.18631	150
NC_045512.18632	150
NC_045512.18633	149
NC_045512.18634	149
NC_045512.18635	147
NC_045512.18636	148
NC_045512.18637	149
NC_045512.18638	148
NC_045512.18639	149
NC_045512.18640	148
NC_045512.18641	150
NC_045512.18642	150
NC_045512.18643	150
NC_045512.18644	150
NC_045512.18645	150
NC_045512.18646	149
NC_045512.18647	150
NC_045512.18648	149
NC_045512.18649	150
NC_045512.18650	150
NC_045512.18651	144
NC_045512.18652	145
NC_045512.18653	146
NC_045512.18654	147
NC_045512.18655	150
NC_045512.18656	149
NC_045512.18657	150
NC_045512.18658	150
NC_045512.18659	150
NC_045512.18660	150
NC_045512.18661	150
NC_045512.18662	150
NC_045512.18663	149
NC_045512.18664	150
NC_045512.18665	149
NC_045512.18666	149
NC_045512.18667	150
NC_045512.18668	150
NC_045512.18669	150
NC_045512.18670	150
NC_045512.18671	150
NC_045512.18672	150
NC_045512.18673	149
NC_045512.18674	150
NC_045512.18675	149
NC_045512.18676	150
NC_045512.18677	149
NC_045512.18678	148
NC_045512.18679	149
NC_045512.18680	150
NC_045512.18681	149
NC_045512.18682	150
NC_045512.18683	150
NC_045512.18684	150
NC_045512.18685	150
NC_045512.18686	150
NC_045512.18687	149
NC_045512.18688	148
NC_045512.18689	147
NC_045512.18690	143
NC_045512.18691	149
NC_045512.18692	150
NC_045512.18693	146
NC_045512.18694	147
NC_045512.18695	148
NC_045512.18696	149
NC_045512.18697	150
NC_045512.18698	149
NC_045512.18699	148
NC_045512.18700	147
NC_045512.18701	146
NC_045512.18702	150
NC_045512.18703	144
NC_045512.18704	150
NC_045512.18705	150
NC_045512.18706	150
NC_045512.18707	149
NC_045512.18708	150
NC_045512.18709	149
NC_045512.18710	149
NC_045512.18711	150
NC_045512.18712	149
NC_045512.18713	150
NC_045512.18714	150
NC_045512.18715	149
NC_045512.18716	148
NC_045512.18717	149
NC_045512.18718	150
NC_045512.18719	150
NC_045512.18720	150
NC_045512.18721	149
NC_045512.18722	148
NC_045512.18723	147
NC_045512.18724	149
NC_045512.18725	149
NC_045512.18726	149
NC_045512.18727	148
NC_045512.18728	149
NC_045512.18729	150
NC_045512.18730	150
NC_045512.18731	149
NC_045512.18732	150
NC_045512.18733	150
NC_045512.18734	149
NC_045512.18735	149
NC_045512.18736	148
NC_045512.18737	149
NC_045512.18738	150
NC_045512.18739	145
NC_045512.18740	146
NC_045512.18741	147
NC_045512.18742	148
NC_045512.18743	150
NC_045512.18744	150
NC_045512.18745	149
NC_045512.18746	150
NC_045512.18747	149
NC_045512.18748	150
NC_045512.18749	149
NC_045512.18750	144
NC_045512.18751	145
NC_045512.18752	146
NC_045512.18753	150
NC_045512.18754	148
NC_045512.18755	150
NC_045512.18756	149
NC_045512.18757	150
NC_045512.18758	149
NC_045512.18759	148
NC_045512.18760	149
NC_045512.18761	150
NC_045512.18762	150
NC_045512.18763	150
NC_045512.18764	150
NC_045512.18765	149
NC_045512.18766	149
NC_045512.18767	150
NC_045512.18768	150
NC_045512.18769	150
NC_045512.18770	150
NC_045512.18771	150
NC_045512.18772	149
NC_045512.18773	149
NC_045512.18774	150
NC_045512.18775	150
NC_045512.18776	150
NC_045512.18777	150
NC_045512.18778	150
NC_045512.18779	150
NC_045512.18780	150
NC_045512.18781	150
NC_045512.18782	149
NC_045512.18783	150
NC_045512.18784	149
NC_045512.18785	148
NC_045512.18786	149
NC_045512.18787	150
NC_045512.18788	150
NC_045512.18789	150
NC_045512.18790	150
NC_045512.18791	150
NC_045512.18792	149
NC_045512.18793	149
NC_045512.18794	150
NC_045512.18795	150
NC_045512.18796	150
NC_045512.18797	150
NC_045512.18798	150
NC_045512.18799	150
NC_045512.18800	150
NC_045512.18801	150
NC_045512.18802	150
NC_045512.18803	150
NC_045512.18804	149
NC_045512.18805	149
NC_045512.18806	150
NC_045512.18807	149
NC_045512.18808	150
NC_045512.18809	149
NC_045512.18810	150
NC_045512.18811	150
NC_045512.18812	150
NC_045512.18813	150
NC_045512.18814	150
NC_045512.18815	150
NC_045512.18816	150
NC_045512.18817	150
NC_045512.18818	150
NC_045512.18819	150
NC_045512.18820	149
NC_045512.18821	148
NC_045512.18822	150
NC_045512.18823	150
NC_045512.18824	150
NC_045512.18825	150
NC_045512.18826	150
NC_045512.18827	149
NC_045512.18828	150
NC_045512.18829	150
NC_045512.18830	150
NC_045512.18831	150
NC_045512.18832	149
NC_045512.18833	149
NC_045512.18834	150
NC_045512.18835	150
NC_045512.18836	150
NC_045512.18837	150
NC_045512.18838	150
NC_045512.18839	149
NC_045512.18840	150
NC_045512.18841	149
NC_045512.18842	149
NC_045512.18843	150
NC_045512.18844	149
NC_045512.18845	150
NC_045512.18846	149
NC_045512.18847	150
NC_045512.18848	149
NC_045512.18849	150
NC_045512.18850	150
NC_045512.18851	149
NC_045512.18852	148
NC_045512.18853	147
NC_045512.18854	148
NC_045512.18855	149
NC_045512.18856	150
NC_045512.18857	150
NC_045512.18858	150
NC_045512.18859	149
NC_045512.18860	149
NC_045512.18861	150
NC_045512.18862	150
NC_045512.18863	150
NC_045512.18864	150
NC_045512.18865	150
NC_045512.18866	150
NC_045512.18867	150
NC_045512.18868	150
NC_045512.18869	150
NC_045512.18870	150
NC_045512.18871	150
NC_045512.18872	149
NC_045512.18873	149
NC_045512.18874	150
NC_045512.18875	149
NC_045512.18876	150
NC_045512.18877	150
NC_045512.18878	150
NC_045512.18879	149
NC_045512.18880	148
NC_045512.18881	150
NC_045512.18882	150
NC_045512.18883	145
NC_045512.18884	144
NC_045512.18885	149
NC_045512.18886	150
NC_045512.18887	150
NC_045512.18888	150
NC_045512.18889	150
NC_045512.18890	150
NC_045512.18891	150
NC_045512.18892	150
NC_045512.18893	150
NC_045512.18894	150
NC_045512.18895	149
NC_045512.18896	150
NC_045512.18897	149
NC_045512.18898	148
NC_045512.18899	149
NC_045512.18900	149
NC_045512.18901	150
NC_045512.18902	150
NC_045512.18903	149
NC_045512.18904	148
NC_045512.18905	147
NC_045512.18906	148
NC_045512.18907	149
NC_045512.18908	150
NC_045512.18909	150
NC_045512.18910	148
NC_045512.18911	150
NC_045512.18912	146
NC_045512.18913	145
NC_045512.18914	150
NC_045512.18915	150
NC_045512.18916	150
NC_045512.18917	150
NC_045512.18918	150
NC_045512.18919	150
NC_045512.18920	150
NC_045512.18921	150
NC_045512.18922	149
NC_045512.18923	149
NC_045512.18924	150
NC_045512.18925	149
NC_045512.18926	148
NC_045512.18927	149
NC_045512.18928	149
NC_045512.18929	150
NC_045512.18930	148
NC_045512.18931	150
NC_045512.18932	147
NC_045512.18933	149
NC_045512.18934	145
NC_045512.18935	150
NC_045512.18936	150
NC_045512.18937	149
NC_045512.18938	147
NC_045512.18939	150
NC_045512.18940	149
NC_045512.18941	149
NC_045512.18942	149
NC_045512.18943	149
NC_045512.18944	149
NC_045512.18945	146
NC_045512.18946	149
NC_045512.18947	148
NC_045512.18948	149
NC_045512.18949	148
NC_045512.18950	148
NC_045512.18951	145
NC_045512.18952	148
NC_045512.18953	149
NC_045512.18954	150
NC_045512.18955	149
NC_045512.18956	150
NC_045512.18957	150
NC_045512.18958	150
NC_045512.18959	150
NC_045512.18960	149
NC_045512.18961	144
NC_045512.18962	145
NC_045512.18963	146
NC_045512.18964	147
NC_045512.18965	148
NC_045512.18966	149
NC_045512.18967	150
NC_045512.18968	149
NC_045512.18969	148
NC_045512.18970	147
NC_045512.18971	146
NC_045512.18972	150
NC_045512.18973	149
NC_045512.18974	150
NC_045512.18975	149
NC_045512.18976	150
NC_045512.18977	150
NC_045512.18978	150
NC_045512.18979	149
NC_045512.18980	149
NC_045512.18981	150
NC_045512.18982	150
NC_045512.18983	150
NC_045512.18984	150
NC_045512.18985	149
NC_045512.18986	150
NC_045512.18987	150
NC_045512.18988	149
NC_045512.18989	150
NC_045512.18990	149
NC_045512.18991	150
NC_045512.18992	150
NC_045512.18993	150
NC_045512.18994	150
NC_045512.18995	149
NC_045512.18996	148
NC_045512.18997	148
NC_045512.18998	150
NC_045512.18999	150
NC_045512.19000	146
NC_045512.19001	147
NC_045512.19002	148
NC_045512.19003	149
NC_045512.19004	150
NC_045512.19005	149
NC_045512.19006	148
NC_045512.19007	147
NC_045512.19008	146
NC_045512.19009	145
NC_045512.19010	144
NC_045512.19011	143
NC_045512.19012	149
NC_045512.19013	150
NC_045512.19014	150
NC_045512.19015	150
NC_045512.19016	150
NC_045512.19017	150
NC_045512.19018	150
NC_045512.19019	150
NC_045512.19020	150
NC_045512.19021	149
NC_045512.19022	150
NC_045512.19023	150
NC_045512.19024	145
NC_045512.19025	146
NC_045512.19026	147
NC_045512.19027	150
NC_045512.19028	149
NC_045512.19029	148
NC_045512.19030	147
NC_045512.19031	146
NC_045512.19032	145
NC_045512.19033	147
NC_045512.19034	143
NC_045512.19035	146
NC_045512.19036	150
NC_045512.19037	148
NC_045512.19038	148
NC_045512.19039	150
NC_045512.19040	149
NC_045512.19041	150
NC_045512.19042	150
NC_045512.19043	150
NC_045512.19044	150
NC_045512.19045	150
NC_045512.19046	150
NC_045512.19047	150
NC_045512.19048	149
NC_045512.19049	150
NC_045512.19050	150
NC_045512.19051	149
NC_045512.19052	150
NC_045512.19053	144
NC_045512.19054	145
NC_045512.19055	146
NC_045512.19056	147
NC_045512.19057	148
NC_045512.19058	149
NC_045512.19059	150
NC_045512.19060	150
NC_045512.19061	150
NC_045512.19062	150
NC_045512.19063	150
NC_045512.19064	149
NC_045512.19065	148
NC_045512.19066	149
NC_045512.19067	150
NC_045512.19068	150
NC_045512.19069	150
NC_045512.19070	150
NC_045512.19071	150
NC_045512.19072	148
NC_045512.19073	147
NC_045512.19074	146
NC_045512.19075	145
NC_045512.19076	146
NC_045512.19077	147
NC_045512.19078	150
NC_045512.19079	150
NC_045512.19080	149
NC_045512.19081	150
NC_045512.19082	149
NC_045512.19083	150
NC_045512.19084	150
NC_045512.19085	150
NC_045512.19086	149
NC_045512.19087	148
NC_045512.19088	150
NC_045512.19089	149
NC_045512.19090	150
NC_045512.19091	147
NC_045512.19092	149
NC_045512.19093	147
NC_045512.19094	150
NC_045512.19095	150
NC_045512.19096	149
NC_045512.19097	150
NC_045512.19098	150
NC_045512.19099	149
NC_045512.19100	148
NC_045512.19101	149
NC_045512.19102	150
NC_045512.19103	150
NC_045512.19104	149
NC_045512.19105	150
NC_045512.19106	150
NC_045512.19107	150
NC_045512.19108	149
NC_045512.19109	150
NC_045512.19110	150
NC_045512.19111	149
NC_045512.19112	150
NC_045512.19113	150
NC_045512.19114	150
NC_045512.19115	150
NC_045512.19116	150
NC_045512.19117	150
NC_045512.19118	150
NC_045512.19119	150
NC_045512.19120	150
NC_045512.19121	149
NC_045512.19122	150
NC_045512.19123	150
NC_045512.19124	150
NC_045512.19125	150
NC_045512.19126	150
NC_045512.19127	150
NC_045512.19128	150
NC_045512.19129	150
NC_045512.19130	147
NC_045512.19131	146
NC_045512.19132	150
NC_045512.19133	144
NC_045512.19134	150
NC_045512.19135	149
NC_045512.19136	150
NC_045512.19137	149
NC_045512.19138	150
NC_045512.19139	150
NC_045512.19140	150
NC_045512.19141	149
NC_045512.19142	150
NC_045512.19143	149
NC_045512.19144	148
NC_045512.19145	147
NC_045512.19146	146
NC_045512.19147	149
NC_045512.19148	150
NC_045512.19149	150
NC_045512.19150	149
NC_045512.19151	150
NC_045512.19152	149
NC_045512.19153	150
NC_045512.19154	149
NC_045512.19155	148
NC_045512.19156	147
NC_045512.19157	146
NC_045512.19158	145
NC_045512.19159	150
NC_045512.19160	150
NC_045512.19161	150
NC_045512.19162	149
NC_045512.19163	150
NC_045512.19164	150
NC_045512.19165	150
NC_045512.19166	148
NC_045512.19167	150
NC_045512.19168	149
NC_045512.19169	149
NC_045512.19170	150
NC_045512.19171	150
NC_045512.19172	149
NC_045512.19173	150
NC_045512.19174	150
NC_045512.19175	149
NC_045512.19176	149
NC_045512.19177	150
NC_045512.19178	149
NC_045512.19179	150
NC_045512.19180	150
NC_045512.19181	149
NC_045512.19182	149
NC_045512.19183	150
NC_045512.19184	149
NC_045512.19185	150
NC_045512.19186	149
NC_045512.19187	150
NC_045512.19188	149
NC_045512.19189	144
NC_045512.19190	145
NC_045512.19191	146
NC_045512.19192	147
NC_045512.19193	148
NC_045512.19194	149
NC_045512.19195	150
NC_045512.19196	149
NC_045512.19197	148
NC_045512.19198	147
NC_045512.19199	146
NC_045512.19200	150
NC_045512.19201	150
NC_045512.19202	150
NC_045512.19203	150
NC_045512.19204	149
NC_045512.19205	149
NC_045512.19206	150
NC_045512.19207	150
NC_045512.19208	149
NC_045512.19209	150
NC_045512.19210	149
NC_045512.19211	149
NC_045512.19212	150
NC_045512.19213	150
NC_045512.19214	150
NC_045512.19215	144
NC_045512.19216	145
NC_045512.19217	146
NC_045512.19218	147
NC_045512.19219	148
NC_045512.19220	147
NC_045512.19221	146
NC_045512.19222	147
NC_045512.19223	148
NC_045512.19224	149
NC_045512.19225	150
NC_045512.19226	149
NC_045512.19227	150
NC_045512.19228	149
NC_045512.19229	150
NC_045512.19230	150
NC_045512.19231	150
NC_045512.19232	150
NC_045512.19233	150
NC_045512.19234	150
NC_045512.19235	150
NC_045512.19236	150
NC_045512.19237	150
NC_045512.19238	150
NC_045512.19239	150
NC_045512.19240	150
NC_045512.19241	150
NC_045512.19242	150
NC_045512.19243	150
NC_045512.19244	150
NC_045512.19245	150
NC_045512.19246	150
NC_045512.19247	149
NC_045512.19248	150
NC_045512.19249	148
NC_045512.19250	147
NC_045512.19251	146
NC_045512.19252	144
NC_045512.19253	149
NC_045512.19254	149
NC_045512.19255	148
NC_045512.19256	149
NC_045512.19257	150
NC_045512.19258	150
NC_045512.19259	149
NC_045512.19260	148
NC_045512.19261	150
NC_045512.19262	150
NC_045512.19263	144
NC_045512.19264	143
NC_045512.19265	148
NC_045512.19266	148
NC_045512.19267	150
NC_045512.19268	149
NC_045512.19269	148
NC_045512.19270	142
NC_045512.19271	147
NC_045512.19272	149
NC_045512.19273	150
NC_045512.19274	146
NC_045512.19275	145
NC_045512.19276	145
NC_045512.19277	147
NC_045512.19278	148
NC_045512.19279	147
NC_045512.19280	143
NC_045512.19281	149
NC_045512.19282	150
NC_045512.19283	147
NC_045512.19284	148
NC_045512.19285	145
NC_045512.19286	150
NC_045512.19287	149
NC_045512.19288	150
NC_045512.19289	150
NC_045512.19290	149
NC_045512.19291	150
NC_045512.19292	149
NC_045512.19293	148
NC_045512.19294	148
NC_045512.19295	148
NC_045512.19296	147
NC_045512.19297	150
NC_045512.19298	149
NC_045512.19299	150
NC_045512.19300	143
NC_045512.19301	147
NC_045512.19302	146
NC_045512.19303	145
NC_045512.19304	144
NC_045512.19305	143
NC_045512.19306	142
NC_045512.19307	141
NC_045512.19308	140
NC_045512.19309	139
NC_045512.19310	138
NC_045512.19311	137
NC_045512.19312	136
NC_045512.19313	135
NC_045512.19314	134
NC_045512.19315	133
NC_045512.19316	149
NC_045512.19317	149
NC_045512.19318	149
NC_045512.19319	150
NC_045512.19320	150
NC_045512.19321	149
NC_045512.19322	147
NC_045512.19323	149
NC_045512.19324	149
NC_045512.19325	149
NC_045512.19326	148
NC_045512.19327	149
NC_045512.19328	146
NC_045512.19329	148
NC_045512.19330	150
NC_045512.19331	147
NC_045512.19332	150
NC_045512.19333	150
NC_045512.19334	150
NC_045512.19335	150
NC_045512.19336	150
NC_045512.19337	150
NC_045512.19338	149
NC_045512.19339	150
NC_045512.19340	147
NC_045512.19341	146
NC_045512.19342	145
NC_045512.19343	144
NC_045512.19344	143
NC_045512.19345	150
NC_045512.19346	150
NC_045512.19347	140
NC_045512.19348	139
NC_045512.19349	138
NC_045512.19350	148
NC_045512.19351	149
NC_045512.19352	150
NC_045512.19353	150
NC_045512.19354	149
NC_045512.19355	150
NC_045512.19356	150
NC_045512.19357	149
NC_045512.19358	149
NC_045512.19359	150
NC_045512.19360	150
NC_045512.19361	149
NC_045512.19362	148
NC_045512.19363	150
NC_045512.19364	150
NC_045512.19365	146
NC_045512.19366	145
NC_045512.19367	144
NC_045512.19368	150
NC_045512.19369	149
NC_045512.19370	148
NC_045512.19371	147
NC_045512.19372	146
NC_045512.19373	148
NC_045512.19374	149
NC_045512.19375	150
NC_045512.19376	147
NC_045512.19377	146
NC_045512.19378	145
NC_045512.19379	150
NC_045512.19380	149
NC_045512.19381	149
NC_045512.19382	148
NC_045512.19383	149
NC_045512.19384	148
NC_045512.19385	149
NC_045512.19386	149
NC_045512.19387	149
NC_045512.19388	149
NC_045512.19389	150
NC_045512.19390	148
NC_045512.19391	143
NC_045512.19392	150
NC_045512.19393	145
NC_045512.19394	150
NC_045512.19395	147
NC_045512.19396	148
NC_045512.19397	147
NC_045512.19398	149
NC_045512.19399	147
NC_045512.19400	148
NC_045512.19401	149
NC_045512.19402	150
NC_045512.19403	148
NC_045512.19404	150
NC_045512.19405	150
NC_045512.19406	148
NC_045512.19407	148
NC_045512.19408	150
NC_045512.19409	146
NC_045512.19410	149
NC_045512.19411	145
NC_045512.19412	145
NC_045512.19413	150
NC_045512.19414	148
NC_045512.19415	144
NC_045512.19416	146
NC_045512.19417	145
NC_045512.19418	149
NC_045512.19419	150
NC_045512.19420	149
NC_045512.19421	149
NC_045512.19422	149
NC_045512.19423	148
NC_045512.19424	150
NC_045512.19425	144
NC_045512.19426	149
NC_045512.19427	150
NC_045512.19428	146
NC_045512.19429	145
NC_045512.19430	146
NC_045512.19431	129
NC_045512.19432	147
NC_045512.19433	148
NC_045512.19434	150
NC_045512.19435	149
NC_045512.19436	134
NC_045512.19437	135
NC_045512.19438	136
NC_045512.19439	137
NC_045512.19440	138
NC_045512.19441	139
NC_045512.19442	140
NC_045512.19443	141
NC_045512.19444	142
NC_045512.19445	143
NC_045512.19446	144
NC_045512.19447	145
NC_045512.19448	146
NC_045512.19449	147
NC_045512.19450	148
NC_045512.19451	150
NC_045512.19452	149
NC_045512.19453	150
NC_045512.19454	147
NC_045512.19455	146
NC_045512.19456	145
NC_045512.19457	150
NC_045512.19458	150
NC_045512.19459	147
NC_045512.19460	150
NC_045512.19461	148
NC_045512.19462	148
NC_045512.19463	150
NC_045512.19464	146
NC_045512.19465	147
NC_045512.19466	149
NC_045512.19467	145
NC_045512.19468	148
NC_045512.19469	141
NC_045512.19470	148
NC_045512.19471	150
NC_045512.19472	147
NC_045512.19473	142
NC_045512.19474	131
NC_045512.19475	144
NC_045512.19476	145
NC_045512.19477	134
NC_045512.19478	135
NC_045512.19479	136
NC_045512.19480	137
NC_045512.19481	138
NC_045512.19482	139
NC_045512.19483	140
NC_045512.19484	141
NC_045512.19485	142
NC_045512.19486	143
NC_045512.19487	150
NC_045512.19488	145
NC_045512.19489	146
NC_045512.19490	150
NC_045512.19491	148
NC_045512.19492	148
NC_045512.19493	150
NC_045512.19494	146
NC_045512.19495	148
NC_045512.19496	148
NC_045512.19497	150
NC_045512.19498	148
NC_045512.19499	149
NC_045512.19500	147
NC_045512.19501	148
NC_045512.19502	149
NC_045512.19503	150
NC_045512.19504	149
NC_045512.19505	143
NC_045512.19506	146
NC_045512.19507	145
NC_045512.19508	150
NC_045512.19509	150
NC_045512.19510	148
NC_045512.19511	150
NC_045512.19512	148
NC_045512.19513	147
NC_045512.19514	147
NC_045512.19515	146
NC_045512.19516	145
NC_045512.19517	144
NC_045512.19518	150
NC_045512.19519	145
NC_045512.19520	146
NC_045512.19521	147
NC_045512.19522	148
NC_045512.19523	150
NC_045512.19524	147
NC_045512.19525	148
NC_045512.19526	147
NC_045512.19527	145
NC_045512.19528	145
NC_045512.19529	149
NC_045512.19530	150
NC_045512.19531	148
NC_045512.19532	148
NC_045512.19533	149
NC_045512.19534	150
NC_045512.19535	149
NC_045512.19536	148
NC_045512.19537	150
NC_045512.19538	149
NC_045512.19539	148
NC_045512.19540	147
NC_045512.19541	146
NC_045512.19542	145
NC_045512.19543	150
NC_045512.19544	150
NC_045512.19545	142
NC_045512.19546	141
NC_045512.19547	150
NC_045512.19548	146
NC_045512.19549	150
NC_045512.19550	144
NC_045512.19551	143
NC_045512.19552	142
NC_045512.19553	141
NC_045512.19554	149
NC_045512.19555	138
NC_045512.19556	138
NC_045512.19557	149
NC_045512.19558	150
NC_045512.19559	146
NC_045512.19560	144
NC_045512.19561	147
NC_045512.19562	144
NC_045512.19563	144
NC_045512.19564	143
NC_045512.19565	149
NC_045512.19566	144
NC_045512.19567	142
NC_045512.19568	144
NC_045512.19569	139
NC_045512.19570	149
NC_045512.19571	150
NC_045512.19572	144
NC_045512.19573	143
NC_045512.19574	147
NC_045512.19575	148
NC_045512.19576	147
NC_045512.19577	148
NC_045512.19578	150
NC_045512.19579	148
NC_045512.19580	147
NC_045512.19581	146
NC_045512.19582	145
NC_045512.19583	150
NC_045512.19584	143
NC_045512.19585	148
NC_045512.19586	147
NC_045512.19587	146
NC_045512.19588	145
NC_045512.19589	150
NC_045512.19590	149
NC_045512.19591	150
NC_045512.19592	149
NC_045512.19593	149
NC_045512.19594	149
NC_045512.19595	150
NC_045512.19596	144
NC_045512.19597	145
NC_045512.19598	146
NC_045512.19599	147
NC_045512.19600	149
NC_045512.19601	148
NC_045512.19602	147
NC_045512.19603	146
NC_045512.19604	147
NC_045512.19605	149
NC_045512.19606	150
NC_045512.19607	150
NC_045512.19608	149
NC_045512.19609	150
NC_045512.19610	150
NC_045512.19611	150
NC_045512.19612	149
NC_045512.19613	150
NC_045512.19614	150
NC_045512.19615	150
NC_045512.19616	149
NC_045512.19617	150
NC_045512.19618	150
NC_045512.19619	149
NC_045512.19620	150
NC_045512.19621	150
NC_045512.19622	146
NC_045512.19623	147
NC_045512.19624	148
NC_045512.19625	149
NC_045512.19626	150
NC_045512.19627	149
NC_045512.19628	148
NC_045512.19629	147
NC_045512.19630	146
NC_045512.19631	145
NC_045512.19632	149
NC_045512.19633	149
NC_045512.19634	144
NC_045512.19635	150
NC_045512.19636	146
NC_045512.19637	143
NC_045512.19638	146
NC_045512.19639	145
NC_045512.19640	144
NC_045512.19641	145
NC_045512.19642	146
NC_045512.19643	148
NC_045512.19644	149
NC_045512.19645	149
NC_045512.19646	150
NC_045512.19647	150
NC_045512.19648	145
NC_045512.19649	145
NC_045512.19650	149
NC_045512.19651	150
NC_045512.19652	145
NC_045512.19653	146
NC_045512.19654	150
NC_045512.19655	150
NC_045512.19656	150
NC_045512.19657	150
NC_045512.19658	146
NC_045512.19659	147
NC_045512.19660	148
NC_045512.19661	148
NC_045512.19662	150
NC_045512.19663	146
NC_045512.19664	147
NC_045512.19665	148
NC_045512.19666	150
NC_045512.19667	143
NC_045512.19668	144
NC_045512.19669	145
NC_045512.19670	146
NC_045512.19671	147
NC_045512.19672	148
NC_045512.19673	150
NC_045512.19674	150
NC_045512.19675	149
NC_045512.19676	150
NC_045512.19677	148
NC_045512.19678	148
NC_045512.19679	150
NC_045512.19680	144
NC_045512.19681	145
NC_045512.19682	150
NC_045512.19683	149
NC_045512.19684	150
NC_045512.19685	150
NC_045512.19686	147
NC_045512.19687	148
NC_045512.19688	146
NC_045512.19689	147
NC_045512.19690	147
NC_045512.19691	144
NC_045512.19692	145
NC_045512.19693	143
NC_045512.19694	143
NC_045512.19695	140
NC_045512.19696	148
NC_045512.19697	148
NC_045512.19698	148
NC_045512.19699	150
NC_045512.19700	150
NC_045512.19701	149
NC_045512.19702	148
NC_045512.19703	147
NC_045512.19704	149
NC_045512.19705	150
NC_045512.19706	144
NC_045512.19707	143
NC_045512.19708	148
NC_045512.19709	147
NC_045512.19710	147
NC_045512.19711	148
NC_045512.19712	146
NC_045512.19713	148
NC_045512.19714	149
NC_045512.19715	143
NC_045512.19716	149
NC_045512.19717	148
NC_045512.19718	148
NC_045512.19719	141
NC_045512.19720	148
NC_045512.19721	150
NC_045512.19722	149
NC_045512.19723	145
NC_045512.19724	150
NC_045512.19725	141
NC_045512.19726	142
NC_045512.19727	147
NC_045512.19728	144
NC_045512.19729	145
NC_045512.19730	146
NC_045512.19731	147
NC_045512.19732	148
NC_045512.19733	146
NC_045512.19734	146
NC_045512.19735	148
NC_045512.19736	146
NC_045512.19737	146
NC_045512.19738	144
NC_045512.19739	149
NC_045512.19740	149
NC_045512.19741	149
NC_045512.19742	150
NC_045512.19743	149
NC_045512.19744	147
NC_045512.19745	148
NC_045512.19746	150
NC_045512.19747	150
NC_045512.19748	150
NC_045512.19749	150
NC_045512.19750	150
NC_045512.19751	150
NC_045512.19752	150
NC_045512.19753	150
NC_045512.19754	150
NC_045512.19755	150
NC_045512.19756	149
NC_045512.19757	148
NC_045512.19758	147
NC_045512.19759	146
NC_045512.19760	145
NC_045512.19761	150
NC_045512.19762	149
NC_045512.19763	150
NC_045512.19764	150
NC_045512.19765	148
NC_045512.19766	147
NC_045512.19767	147
NC_045512.19768	150
NC_045512.19769	150
NC_045512.19770	149
NC_045512.19771	147
NC_045512.19772	149
NC_045512.19773	148
NC_045512.19774	149
NC_045512.19775	146
NC_045512.19776	128
NC_045512.19777	133
NC_045512.19778	150
NC_045512.19779	137
NC_045512.19780	148
NC_045512.19781	147
NC_045512.19782	132
NC_045512.19783	142
NC_045512.19784	134
NC_045512.19785	144
NC_045512.19786	150
NC_045512.19787	145
NC_045512.19788	135
NC_045512.19789	148
NC_045512.19790	137
NC_045512.19791	141
NC_045512.19792	149
NC_045512.19793	143
NC_045512.19794	150
NC_045512.19795	149
NC_045512.19796	146
NC_045512.19797	147
NC_045512.19798	147
NC_045512.19799	147
NC_045512.19800	144
NC_045512.19801	149
NC_045512.19802	150
NC_045512.19803	150
NC_045512.19804	149
NC_045512.19805	149
NC_045512.19806	143
NC_045512.19807	142
NC_045512.19808	149
NC_045512.19809	148
NC_045512.19810	150
NC_045512.19811	149
NC_045512.19812	149
NC_045512.19813	148
NC_045512.19814	149
NC_045512.19815	148
NC_045512.19816	149
NC_045512.19817	146
NC_045512.19818	141
NC_045512.19819	150
NC_045512.19820	149
NC_045512.19821	144
NC_045512.19822	145
NC_045512.19823	146
NC_045512.19824	147
NC_045512.19825	148
NC_045512.19826	148
NC_045512.19827	150
NC_045512.19828	150
NC_045512.19829	150
NC_045512.19830	149
NC_045512.19831	148
NC_045512.19832	149
NC_045512.19833	150
NC_045512.19834	149
NC_045512.19835	149
NC_045512.19836	147
NC_045512.19837	149
NC_045512.19838	149
NC_045512.19839	149
NC_045512.19840	150
NC_045512.19841	148
NC_045512.19842	150
NC_045512.19843	145
NC_045512.19844	144
NC_045512.19845	144
NC_045512.19846	145
NC_045512.19847	146
NC_045512.19848	147
NC_045512.19849	148
NC_045512.19850	150
NC_045512.19851	148
NC_045512.19852	150
NC_045512.19853	150
NC_045512.19854	149
NC_045512.19855	149
NC_045512.19856	149
NC_045512.19857	148
NC_045512.19858	148
NC_045512.19859	147
NC_045512.19860	150
NC_045512.19861	150
NC_045512.19862	150
NC_045512.19863	149
NC_045512.19864	150
NC_045512.19865	149
NC_045512.19866	150
NC_045512.19867	150
NC_045512.19868	150
NC_045512.19869	150
NC_045512.19870	145
NC_045512.19871	146
NC_045512.19872	147
NC_045512.19873	148
NC_045512.19874	149
NC_045512.19875	150
NC_045512.19876	150
NC_045512.19877	150
NC_045512.19878	149
NC_045512.19879	149
NC_045512.19880	150
NC_045512.19881	150
NC_045512.19882	150
NC_045512.19883	150
NC_045512.19884	149
NC_045512.19885	150
NC_045512.19886	150
NC_045512.19887	150
NC_045512.19888	150
NC_045512.19889	150
NC_045512.19890	149
NC_045512.19891	150
NC_045512.19892	150
NC_045512.19893	150
NC_045512.19894	149
NC_045512.19895	150
NC_045512.19896	150
NC_045512.19897	150
NC_045512.19898	150
NC_045512.19899	150
NC_045512.19900	145
NC_045512.19901	150
NC_045512.19902	147
NC_045512.19903	148
NC_045512.19904	149
NC_045512.19905	150
NC_045512.19906	148
NC_045512.19907	150
NC_045512.19908	146
NC_045512.19909	145
NC_045512.19910	150
NC_045512.19911	150
NC_045512.19912	149
NC_045512.19913	150
NC_045512.19914	150
NC_045512.19915	150
NC_045512.19916	150
NC_045512.19917	150
NC_045512.19918	149
NC_045512.19919	150
NC_045512.19920	150
NC_045512.19921	149
NC_045512.19922	150
NC_045512.19923	150
NC_045512.19924	150
NC_045512.19925	149
NC_045512.19926	149
NC_045512.19927	149
NC_045512.19928	149
NC_045512.19929	150
NC_045512.19930	149
NC_045512.19931	148
NC_045512.19932	149
NC_045512.19933	150
NC_045512.19934	150
NC_045512.19935	149
NC_045512.19936	150
NC_045512.19937	150
NC_045512.19938	150
NC_045512.19939	150
NC_045512.19940	150
NC_045512.19941	150
NC_045512.19942	150
NC_045512.19943	150
NC_045512.19944	150
NC_045512.19945	150
NC_045512.19946	150
NC_045512.19947	149
NC_045512.19948	150
NC_045512.19949	150
NC_045512.19950	149
NC_045512.19951	150
NC_045512.19952	148
NC_045512.19953	150
NC_045512.19954	150
NC_045512.19955	150
NC_045512.19956	150
NC_045512.19957	150
NC_045512.19958	150
NC_045512.19959	150
NC_045512.19960	150
NC_045512.19961	149
NC_045512.19962	148
NC_045512.19963	149
NC_045512.19964	150
NC_045512.19965	150
NC_045512.19966	144
NC_045512.19967	149
NC_045512.19968	145
NC_045512.19969	150
NC_045512.19970	149
NC_045512.19971	150
NC_045512.19972	150
NC_045512.19973	150
NC_045512.19974	149
NC_045512.19975	149
NC_045512.19976	148
NC_045512.19977	150
NC_045512.19978	148
NC_045512.19979	147
NC_045512.19980	150
NC_045512.19981	145
NC_045512.19982	144
NC_045512.19983	149
NC_045512.19984	145
NC_045512.19985	146
NC_045512.19986	150
NC_045512.19987	148
NC_045512.19988	150
NC_045512.19989	147
NC_045512.19990	148
NC_045512.19991	150
NC_045512.19992	150
NC_045512.19993	149
NC_045512.19994	149
NC_045512.19995	148
NC_045512.19996	148
NC_045512.19997	149
NC_045512.19998	150
NC_045512.19999	147
NC_045512.20000	150
NC_045512.20001	150
NC_045512.20002	149
NC_045512.20003	150
NC_045512.20004	150
NC_045512.20005	149
NC_045512.20006	149
NC_045512.20007	150
NC_045512.20008	149
NC_045512.20009	150
NC_045512.20010	149
NC_045512.20011	150
NC_045512.20012	149
NC_045512.20013	150
NC_045512.20014	150
NC_045512.20015	149
NC_045512.20016	149
NC_045512.20017	150
NC_045512.20018	149
NC_045512.20019	150
NC_045512.20020	149
NC_045512.20021	149
NC_045512.20022	150
NC_045512.20023	150
NC_045512.20024	150
NC_045512.20025	150
NC_045512.20026	150
NC_045512.20027	148
NC_045512.20028	149
NC_045512.20029	148
NC_045512.20030	149
NC_045512.20031	150
NC_045512.20032	149
NC_045512.20033	150
NC_045512.20034	149
NC_045512.20035	149
NC_045512.20036	147
NC_045512.20037	149
NC_045512.20038	149
NC_045512.20039	150
NC_045512.20040	150
NC_045512.20041	149
NC_045512.20042	148
NC_045512.20043	148
NC_045512.20044	149
NC_045512.20045	150
NC_045512.20046	149
NC_045512.20047	150
NC_045512.20048	149
NC_045512.20049	150
NC_045512.20050	150
NC_045512.20051	146
NC_045512.20052	147
NC_045512.20053	150
NC_045512.20054	149
NC_045512.20055	150
NC_045512.20056	150
NC_045512.20057	150
NC_045512.20058	150
NC_045512.20059	150
NC_045512.20060	150
NC_045512.20061	150
NC_045512.20062	150
NC_045512.20063	150
NC_045512.20064	149
NC_045512.20065	150
NC_045512.20066	149
NC_045512.20067	149
NC_045512.20068	150
NC_045512.20069	149
NC_045512.20070	150
NC_045512.20071	149
NC_045512.20072	149
NC_045512.20073	150
NC_045512.20074	150
NC_045512.20075	150
NC_045512.20076	149
NC_045512.20077	148
NC_045512.20078	147
NC_045512.20079	148
NC_045512.20080	149
NC_045512.20081	150
NC_045512.20082	150
NC_045512.20083	145
NC_045512.20084	150
NC_045512.20085	150
NC_045512.20086	150
NC_045512.20087	150
NC_045512.20088	150
NC_045512.20089	150
NC_045512.20090	149
NC_045512.20091	150
NC_045512.20092	149
NC_045512.20093	150
NC_045512.20094	149
NC_045512.20095	148
NC_045512.20096	147
NC_045512.20097	147
NC_045512.20098	148
NC_045512.20099	149
NC_045512.20100	150
NC_045512.20101	148
NC_045512.20102	148
NC_045512.20103	147
NC_045512.20104	148
NC_045512.20105	149
NC_045512.20106	150
NC_045512.20107	149
NC_045512.20108	150
NC_045512.20109	149
NC_045512.20110	150
NC_045512.20111	149
NC_045512.20112	150
NC_045512.20113	149
NC_045512.20114	150
NC_045512.20115	149
NC_045512.20116	150
NC_045512.20117	149
NC_045512.20118	149
NC_045512.20119	150
NC_045512.20120	150
NC_045512.20121	150
NC_045512.20122	145
NC_045512.20123	146
NC_045512.20124	150
NC_045512.20125	148
NC_045512.20126	149
NC_045512.20127	150
NC_045512.20128	150
NC_045512.20129	150
NC_045512.20130	150
NC_045512.20131	149
NC_045512.20132	150
NC_045512.20133	150
NC_045512.20134	150
NC_045512.20135	150
NC_045512.20136	150
NC_045512.20137	149
NC_045512.20138	149
NC_045512.20139	150
NC_045512.20140	150
NC_045512.20141	150
NC_045512.20142	150
NC_045512.20143	149
NC_045512.20144	150
NC_045512.20145	150
NC_045512.20146	149
NC_045512.20147	150
NC_045512.20148	149
NC_045512.20149	150
NC_045512.20150	150
NC_045512.20151	150
NC_045512.20152	149
NC_045512.20153	150
NC_045512.20154	149
NC_045512.20155	149
NC_045512.20156	150
NC_045512.20157	150
NC_045512.20158	150
NC_045512.20159	150
NC_045512.20160	149
NC_045512.20161	148
NC_045512.20162	147
NC_045512.20163	146
NC_045512.20164	145
NC_045512.20165	144
NC_045512.20166	143
NC_045512.20167	142
NC_045512.20168	141
NC_045512.20169	140
NC_045512.20170	150
NC_045512.20171	149
NC_045512.20172	150
NC_045512.20173	149
NC_045512.20174	150
NC_045512.20175	150
NC_045512.20176	150
NC_045512.20177	150
NC_045512.20178	150
NC_045512.20179	150
NC_045512.20180	150
NC_045512.20181	150
NC_045512.20182	150
NC_045512.20183	150
NC_045512.20184	148
NC_045512.20185	149
NC_045512.20186	150
NC_045512.20187	149
NC_045512.20188	148
NC_045512.20189	147
NC_045512.20190	146
NC_045512.20191	145
NC_045512.20192	150
NC_045512.20193	150
NC_045512.20194	150
NC_045512.20195	149
NC_045512.20196	149
NC_045512.20197	150
NC_045512.20198	150
NC_045512.20199	150
NC_045512.20200	148
NC_045512.20201	149
NC_045512.20202	149
NC_045512.20203	150
NC_045512.20204	148
NC_045512.20205	149
NC_045512.20206	148
NC_045512.20207	148
NC_045512.20208	149
NC_045512.20209	150
NC_045512.20210	150
NC_045512.20211	150
NC_045512.20212	149
NC_045512.20213	150
NC_045512.20214	150
NC_045512.20215	150
NC_045512.20216	149
NC_045512.20217	150
NC_045512.20218	149
NC_045512.20219	149
NC_045512.20220	150
NC_045512.20221	150
NC_045512.20222	150
NC_045512.20223	150
NC_045512.20224	145
NC_045512.20225	146
NC_045512.20226	147
NC_045512.20227	148
NC_045512.20228	150
NC_045512.20229	150
NC_045512.20230	150
NC_045512.20231	149
NC_045512.20232	150
NC_045512.20233	150
NC_045512.20234	150
NC_045512.20235	149
NC_045512.20236	148
NC_045512.20237	149
NC_045512.20238	150
NC_045512.20239	150
NC_045512.20240	149
NC_045512.20241	150
NC_045512.20242	149
NC_045512.20243	150
NC_045512.20244	150
NC_045512.20245	147
NC_045512.20246	146
NC_045512.20247	145
NC_045512.20248	144
NC_045512.20249	150
NC_045512.20250	149
NC_045512.20251	150
NC_045512.20252	150
NC_045512.20253	150
NC_045512.20254	150
NC_045512.20255	150
NC_045512.20256	150
NC_045512.20257	149
NC_045512.20258	148
NC_045512.20259	147
NC_045512.20260	146
NC_045512.20261	145
NC_045512.20262	144
NC_045512.20263	150
NC_045512.20264	149
NC_045512.20265	149
NC_045512.20266	150
NC_045512.20267	150
NC_045512.20268	149
NC_045512.20269	147
NC_045512.20270	148
NC_045512.20271	148
NC_045512.20272	150
NC_045512.20273	149
NC_045512.20274	149
NC_045512.20275	150
NC_045512.20276	145
NC_045512.20277	146
NC_045512.20278	147
NC_045512.20279	148
NC_045512.20280	149
NC_045512.20281	150
NC_045512.20282	149
NC_045512.20283	148
NC_045512.20284	147
NC_045512.20285	146
NC_045512.20286	150
NC_045512.20287	150
NC_045512.20288	150
NC_045512.20289	145
NC_045512.20290	146
NC_045512.20291	150
NC_045512.20292	148
NC_045512.20293	150
NC_045512.20294	150
NC_045512.20295	150
NC_045512.20296	150
NC_045512.20297	150
NC_045512.20298	150
NC_045512.20299	150
NC_045512.20300	150
NC_045512.20301	149
NC_045512.20302	148
NC_045512.20303	147
NC_045512.20304	141
NC_045512.20305	145
NC_045512.20306	143
NC_045512.20307	144
NC_045512.20308	145
NC_045512.20309	146
NC_045512.20310	147
NC_045512.20311	148
NC_045512.20312	149
NC_045512.20313	150
NC_045512.20314	150
NC_045512.20315	149
NC_045512.20316	150
NC_045512.20317	150
NC_045512.20318	150
NC_045512.20319	150
NC_045512.20320	149
NC_045512.20321	150
NC_045512.20322	150
NC_045512.20323	149
NC_045512.20324	148
NC_045512.20325	149
NC_045512.20326	150
NC_045512.20327	150
NC_045512.20328	150
NC_045512.20329	150
NC_045512.20330	150
NC_045512.20331	150
NC_045512.20332	150
NC_045512.20333	149
NC_045512.20334	149
NC_045512.20335	150
NC_045512.20336	150
NC_045512.20337	150
NC_045512.20338	149
NC_045512.20339	148
NC_045512.20340	149
NC_045512.20341	150
NC_045512.20342	149
NC_045512.20343	150
NC_045512.20344	149
NC_045512.20345	150
NC_045512.20346	150
NC_045512.20347	149
NC_045512.20348	149
NC_045512.20349	150
NC_045512.20350	149
NC_045512.20351	148
NC_045512.20352	149
NC_045512.20353	150
NC_045512.20354	150
NC_045512.20355	149
NC_045512.20356	150
NC_045512.20357	149
NC_045512.20358	150
NC_045512.20359	150
NC_045512.20360	150
NC_045512.20361	149
NC_045512.20362	148
NC_045512.20363	147
NC_045512.20364	147
NC_045512.20365	150
NC_045512.20366	145
NC_045512.20367	144
NC_045512.20368	148
NC_045512.20369	149
NC_045512.20370	149
NC_045512.20371	150
NC_045512.20372	150
NC_045512.20373	148
NC_045512.20374	147
NC_045512.20375	150
NC_045512.20376	150
NC_045512.20377	149
NC_045512.20378	150
NC_045512.20379	150
NC_045512.20380	145
NC_045512.20381	150
NC_045512.20382	150
NC_045512.20383	149
NC_045512.20384	147
NC_045512.20385	142
NC_045512.20386	149
NC_045512.20387	143
NC_045512.20388	149
NC_045512.20389	145
NC_045512.20390	146
NC_045512.20391	148
NC_045512.20392	150
NC_045512.20393	149
NC_045512.20394	150
NC_045512.20395	150
NC_045512.20396	150
NC_045512.20397	150
NC_045512.20398	150
NC_045512.20399	150
NC_045512.20400	149
NC_045512.20401	150
NC_045512.20402	145
NC_045512.20403	146
NC_045512.20404	147
NC_045512.20405	148
NC_045512.20406	149
NC_045512.20407	150
NC_045512.20408	149
NC_045512.20409	149
NC_045512.20410	150
NC_045512.20411	150
NC_045512.20412	149
NC_045512.20413	148
NC_045512.20414	149
NC_045512.20415	150
NC_045512.20416	150
NC_045512.20417	150
NC_045512.20418	150
NC_045512.20419	148
NC_045512.20420	147
NC_045512.20421	146
NC_045512.20422	145
NC_045512.20423	144
NC_045512.20424	150
NC_045512.20425	150
NC_045512.20426	149
NC_045512.20427	150
NC_045512.20428	150
NC_045512.20429	150
NC_045512.20430	149
NC_045512.20431	149
NC_045512.20432	147
NC_045512.20433	149
NC_045512.20434	150
NC_045512.20435	149
NC_045512.20436	148
NC_045512.20437	150
NC_045512.20438	150
NC_045512.20439	150
NC_045512.20440	150
NC_045512.20441	149
NC_045512.20442	150
NC_045512.20443	150
NC_045512.20444	149
NC_045512.20445	143
NC_045512.20446	150
NC_045512.20447	150
NC_045512.20448	146
NC_045512.20449	147
NC_045512.20450	148
NC_045512.20451	149
NC_045512.20452	150
NC_045512.20453	149
NC_045512.20454	148
NC_045512.20455	149
NC_045512.20456	150
NC_045512.20457	149
NC_045512.20458	150
NC_045512.20459	150
NC_045512.20460	149
NC_045512.20461	150
NC_045512.20462	149
NC_045512.20463	150
NC_045512.20464	149
NC_045512.20465	150
NC_045512.20466	149
NC_045512.20467	150
NC_045512.20468	150
NC_045512.20469	149
NC_045512.20470	150
NC_045512.20471	150
NC_045512.20472	150
NC_045512.20473	149
NC_045512.20474	149
NC_045512.20475	150
NC_045512.20476	150
NC_045512.20477	149
NC_045512.20478	150
NC_045512.20479	150
NC_045512.20480	150
NC_045512.20481	150
NC_045512.20482	150
NC_045512.20483	150
NC_045512.20484	150
NC_045512.20485	150
NC_045512.20486	149
NC_045512.20487	148
NC_045512.20488	149
NC_045512.20489	150
NC_045512.20490	149
NC_045512.20491	149
NC_045512.20492	150
NC_045512.20493	150
NC_045512.20494	150
NC_045512.20495	149
NC_045512.20496	150
NC_045512.20497	150
NC_045512.20498	149
NC_045512.20499	150
NC_045512.20500	150
NC_045512.20501	150
NC_045512.20502	150
NC_045512.20503	150
NC_045512.20504	150
NC_045512.20505	149
NC_045512.20506	150
NC_045512.20507	145
NC_045512.20508	146
NC_045512.20509	147
NC_045512.20510	148
NC_045512.20511	150
NC_045512.20512	149
NC_045512.20513	149
NC_045512.20514	150
NC_045512.20515	149
NC_045512.20516	148
NC_045512.20517	148
NC_045512.20518	149
NC_045512.20519	150
NC_045512.20520	150
NC_045512.20521	149
NC_045512.20522	150
NC_045512.20523	150
NC_045512.20524	150
NC_045512.20525	149
NC_045512.20526	148
NC_045512.20527	149
NC_045512.20528	150
NC_045512.20529	149
NC_045512.20530	149
NC_045512.20531	150
NC_045512.20532	149
NC_045512.20533	150
NC_045512.20534	149
NC_045512.20535	150
NC_045512.20536	150
NC_045512.20537	150
NC_045512.20538	149
NC_045512.20539	150
NC_045512.20540	150
NC_045512.20541	149
NC_045512.20542	150
NC_045512.20543	150
NC_045512.20544	150
NC_045512.20545	150
NC_045512.20546	149
NC_045512.20547	150
NC_045512.20548	149
NC_045512.20549	150
NC_045512.20550	149
NC_045512.20551	148
NC_045512.20552	148
NC_045512.20553	149
NC_045512.20554	150
NC_045512.20555	150
NC_045512.20556	150
NC_045512.20557	149
NC_045512.20558	150
NC_045512.20559	150
NC_045512.20560	150
NC_045512.20561	150
NC_045512.20562	144
NC_045512.20563	145
NC_045512.20564	146
NC_045512.20565	147
NC_045512.20566	148
NC_045512.20567	150
NC_045512.20568	150
NC_045512.20569	149
NC_045512.20570	150
NC_045512.20571	149
NC_045512.20572	150
NC_045512.20573	148
NC_045512.20574	147
NC_045512.20575	146
NC_045512.20576	145
NC_045512.20577	150
NC_045512.20578	149
NC_045512.20579	149
NC_045512.20580	150
NC_045512.20581	149
NC_045512.20582	150
NC_045512.20583	150
NC_045512.20584	150
NC_045512.20585	150
NC_045512.20586	150
NC_045512.20587	150
NC_045512.20588	149
NC_045512.20589	149
NC_045512.20590	150
NC_045512.20591	149
NC_045512.20592	149
NC_045512.20593	150
NC_045512.20594	150
NC_045512.20595	150
NC_045512.20596	150
NC_045512.20597	149
NC_045512.20598	150
NC_045512.20599	149
NC_045512.20600	148
NC_045512.20601	149
NC_045512.20602	150
NC_045512.20603	150
NC_045512.20604	150
NC_045512.20605	150
NC_045512.20606	149
NC_045512.20607	150
NC_045512.20608	150
NC_045512.20609	150
NC_045512.20610	150
NC_045512.20611	150
NC_045512.20612	150
NC_045512.20613	150
NC_045512.20614	149
NC_045512.20615	148
NC_045512.20616	149
NC_045512.20617	150
NC_045512.20618	149
NC_045512.20619	150
NC_045512.20620	150
NC_045512.20621	149
NC_045512.20622	150
NC_045512.20623	150
NC_045512.20624	150
NC_045512.20625	150
NC_045512.20626	150
NC_045512.20627	150
NC_045512.20628	150
NC_045512.20629	149
NC_045512.20630	150
NC_045512.20631	150
NC_045512.20632	150
NC_045512.20633	149
NC_045512.20634	150
NC_045512.20635	149
NC_045512.20636	150
NC_045512.20637	149
NC_045512.20638	150
NC_045512.20639	149
NC_045512.20640	150
NC_045512.20641	149
NC_045512.20642	150
NC_045512.20643	150
NC_045512.20644	149
NC_045512.20645	150
NC_045512.20646	150
NC_045512.20647	150
NC_045512.20648	150
NC_045512.20649	150
NC_045512.20650	149
NC_045512.20651	150
NC_045512.20652	150
NC_045512.20653	150
NC_045512.20654	150
NC_045512.20655	150
NC_045512.20656	150
NC_045512.20657	150
NC_045512.20658	149
NC_045512.20659	150
NC_045512.20660	150
NC_045512.20661	150
NC_045512.20662	150
NC_045512.20663	149
NC_045512.20664	149
NC_045512.20665	150
NC_045512.20666	150
NC_045512.20667	149
NC_045512.20668	148
NC_045512.20669	149
NC_045512.20670	150
NC_045512.20671	150
NC_045512.20672	149
NC_045512.20673	150
NC_045512.20674	149
NC_045512.20675	150
NC_045512.20676	150
NC_045512.20677	150
NC_045512.20678	149
NC_045512.20679	150
NC_045512.20680	149
NC_045512.20681	150
NC_045512.20682	150
NC_045512.20683	149
NC_045512.20684	150
NC_045512.20685	149
NC_045512.20686	150
NC_045512.20687	150
NC_045512.20688	150
NC_045512.20689	150
NC_045512.20690	150
NC_045512.20691	149
NC_045512.20692	150
NC_045512.20693	149
NC_045512.20694	148
NC_045512.20695	145
NC_045512.20696	144
NC_045512.20697	150
NC_045512.20698	150
NC_045512.20699	148
NC_045512.20700	150
NC_045512.20701	149
NC_045512.20702	149
NC_045512.20703	150
NC_045512.20704	149
NC_045512.20705	150
NC_045512.20706	149
NC_045512.20707	150
NC_045512.20708	150
NC_045512.20709	149
NC_045512.20710	149
NC_045512.20711	150
NC_045512.20712	140
NC_045512.20713	141
NC_045512.20714	142
NC_045512.20715	143
NC_045512.20716	144
NC_045512.20717	145
NC_045512.20718	146
NC_045512.20719	147
NC_045512.20720	150
NC_045512.20721	150
NC_045512.20722	150
NC_045512.20723	150
NC_045512.20724	150
NC_045512.20725	150
NC_045512.20726	150
NC_045512.20727	149
NC_045512.20728	150
NC_045512.20729	150
NC_045512.20730	150
NC_045512.20731	150
NC_045512.20732	150
NC_045512.20733	149
NC_045512.20734	150
NC_045512.20735	150
NC_045512.20736	150
NC_045512.20737	149
NC_045512.20738	150
NC_045512.20739	150
NC_045512.20740	150
NC_045512.20741	150
NC_045512.20742	149
NC_045512.20743	149
NC_045512.20744	150
NC_045512.20745	149
NC_045512.20746	150
NC_045512.20747	150
NC_045512.20748	150
NC_045512.20749	149
NC_045512.20750	150
NC_045512.20751	150
NC_045512.20752	149
NC_045512.20753	150
NC_045512.20754	149
NC_045512.20755	150
NC_045512.20756	150
NC_045512.20757	150
NC_045512.20758	150
NC_045512.20759	150
NC_045512.20760	149
NC_045512.20761	150
NC_045512.20762	150
NC_045512.20763	150
NC_045512.20764	150
NC_045512.20765	149
NC_045512.20766	149
NC_045512.20767	150
NC_045512.20768	150
NC_045512.20769	150
NC_045512.20770	149
NC_045512.20771	150
NC_045512.20772	150
NC_045512.20773	150
NC_045512.20774	149
NC_045512.20775	149
NC_045512.20776	150
NC_045512.20777	150
NC_045512.20778	150
NC_045512.20779	150
NC_045512.20780	150
NC_045512.20781	149
NC_045512.20782	150
NC_045512.20783	150
NC_045512.20784	149
NC_045512.20785	149
NC_045512.20786	150
NC_045512.20787	150
NC_045512.20788	150
NC_045512.20789	150
NC_045512.20790	149
NC_045512.20791	150
NC_045512.20792	150
NC_045512.20793	149
NC_045512.20794	150
NC_045512.20795	150
NC_045512.20796	149
NC_045512.20797	150
NC_045512.20798	149
NC_045512.20799	150
NC_045512.20800	150
NC_045512.20801	149
NC_045512.20802	150
NC_045512.20803	150
NC_045512.20804	150
NC_045512.20805	150
NC_045512.20806	150
NC_045512.20807	150
NC_045512.20808	149
NC_045512.20809	150
NC_045512.20810	149
NC_045512.20811	150
NC_045512.20812	150
NC_045512.20813	149
NC_045512.20814	150
NC_045512.20815	149
NC_045512.20816	150
NC_045512.20817	148
NC_045512.20818	148
NC_045512.20819	149
NC_045512.20820	149
NC_045512.20821	150
NC_045512.20822	150
NC_045512.20823	150
NC_045512.20824	150
NC_045512.20825	149
NC_045512.20826	150
NC_045512.20827	149
NC_045512.20828	150
NC_045512.20829	150
NC_045512.20830	150
NC_045512.20831	150
NC_045512.20832	150
NC_045512.20833	150
NC_045512.20834	149
NC_045512.20835	144
NC_045512.20836	145
NC_045512.20837	146
NC_045512.20838	147
NC_045512.20839	148
NC_045512.20840	149
NC_045512.20841	150
NC_045512.20842	149
NC_045512.20843	150
NC_045512.20844	150
NC_045512.20845	150
NC_045512.20846	149
NC_045512.20847	149
NC_045512.20848	150
NC_045512.20849	150
NC_045512.20850	150
NC_045512.20851	150
NC_045512.20852	150
NC_045512.20853	149
NC_045512.20854	150
NC_045512.20855	150
NC_045512.20856	150
NC_045512.20857	149
NC_045512.20858	150
NC_045512.20859	150
NC_045512.20860	150
NC_045512.20861	150
NC_045512.20862	150
NC_045512.20863	150
NC_045512.20864	150
NC_045512.20865	150
NC_045512.20866	150
NC_045512.20867	150
NC_045512.20868	149
NC_045512.20869	148
NC_045512.20870	148
NC_045512.20871	149
NC_045512.20872	150
NC_045512.20873	148
NC_045512.20874	147
NC_045512.20875	150
NC_045512.20876	149
NC_045512.20877	144
NC_045512.20878	149
NC_045512.20879	148
NC_045512.20880	150
NC_045512.20881	150
NC_045512.20882	149
NC_045512.20883	150
NC_045512.20884	149
NC_045512.20885	149
NC_045512.20886	149
NC_045512.20887	148
NC_045512.20888	147
NC_045512.20889	146
NC_045512.20890	145
NC_045512.20891	144
NC_045512.20892	143
NC_045512.20893	142
NC_045512.20894	150
NC_045512.20895	148
NC_045512.20896	150
NC_045512.20897	147
NC_045512.20898	146
NC_045512.20899	147
NC_045512.20900	147
NC_045512.20901	148
NC_045512.20902	148
NC_045512.20903	143
NC_045512.20904	141
NC_045512.20905	148
NC_045512.20906	147
NC_045512.20907	146
NC_045512.20908	138
NC_045512.20909	144
NC_045512.20910	143
NC_045512.20911	142
NC_045512.20912	141
NC_045512.20913	140
NC_045512.20914	139
NC_045512.20915	138
NC_045512.20916	137
NC_045512.20917	136
NC_045512.20918	135
NC_045512.20919	134
NC_045512.20920	133
NC_045512.20921	132
NC_045512.20922	131
NC_045512.20923	130
NC_045512.20924	150
NC_045512.20925	128
NC_045512.20926	150
NC_045512.20927	150
NC_045512.20928	148
NC_045512.20929	146
NC_045512.20930	146
NC_045512.20931	147
NC_045512.20932	146
NC_045512.20933	145
NC_045512.20934	150
NC_045512.20935	149
NC_045512.20936	149
NC_045512.20937	149
NC_045512.20938	140
NC_045512.20939	150
NC_045512.20940	148
NC_045512.20941	148
NC_045512.20942	147
NC_045512.20943	146
NC_045512.20944	145
NC_045512.20945	139
NC_045512.20946	143
NC_045512.20947	142
NC_045512.20948	148
NC_045512.20949	139
NC_045512.20950	139
NC_045512.20951	127
NC_045512.20952	137
NC_045512.20953	136
NC_045512.20954	134
NC_045512.20955	145
NC_045512.20956	144
NC_045512.20957	144
NC_045512.20958	131
NC_045512.20959	148
NC_045512.20960	140
NC_045512.20961	140
NC_045512.20962	139
NC_045512.20963	148
NC_045512.20964	125
NC_045512.20965	146
NC_045512.20966	135
NC_045512.20967	142
NC_045512.20968	145
NC_045512.20969	148
NC_045512.20970	146
NC_045512.20971	150
NC_045512.20972	129
NC_045512.20973	141
NC_045512.20974	142
NC_045512.20975	150
NC_045512.20976	146
NC_045512.20977	145
NC_045512.20978	149
NC_045512.20979	143
NC_045512.20980	148
NC_045512.20981	148
NC_045512.20982	150
NC_045512.20983	146
NC_045512.20984	146
NC_045512.20985	143
NC_045512.21004	147
NC_045512.21005	137
NC_045512.21006	149
NC_045512.21007	148
NC_045512.21008	146
NC_045512.21009	141
NC_045512.21010	144
NC_045512.21011	143
NC_045512.21012	144
NC_045512.21013	145
NC_045512.21014	147
NC_045512.21015	140
NC_045512.21016	143
NC_045512.21017	144
NC_045512.21018	147
NC_045512.21019	136
NC_045512.21020	134
NC_045512.21021	146
NC_045512.21022	142
NC_045512.21023	137
NC_045512.21024	136
NC_045512.21025	142
NC_045512.21026	148
NC_045512.21027	149
NC_045512.21028	148
NC_045512.21029	142
NC_045512.21030	144
NC_045512.21031	144
NC_045512.21032	145
NC_045512.21033	147
NC_045512.21034	141
NC_045512.21035	148
NC_045512.21036	146
NC_045512.21037	149
NC_045512.21038	150
NC_045512.21039	149
NC_045512.21040	144
NC_045512.21041	148
NC_045512.21042	126
NC_045512.21043	127
NC_045512.21044	128
NC_045512.21045	129
NC_045512.21046	130
NC_045512.21047	131
NC_045512.21048	132
NC_045512.21049	133
NC_045512.21050	134
NC_045512.21051	135
NC_045512.21052	136
NC_045512.21053	137
NC_045512.21054	138
NC_045512.21055	139
NC_045512.21056	140
NC_045512.21057	150
NC_045512.21058	142
NC_045512.21059	143
NC_045512.21060	144
NC_045512.21061	145
NC_045512.21062	145
NC_045512.21063	147
NC_045512.21064	148
NC_045512.21065	149
NC_045512.21066	148
NC_045512.21067	147
NC_045512.21068	147
NC_045512.21069	149
NC_045512.21070	149
NC_045512.21071	149
NC_045512.21072	149
NC_045512.21073	144
NC_045512.21074	145
NC_045512.21075	146
NC_045512.21076	147
NC_045512.21077	149
NC_045512.21078	149
NC_045512.21079	149
NC_045512.21080	150
NC_045512.21081	150
NC_045512.21082	148
NC_045512.21083	147
NC_045512.21084	146
NC_045512.21085	137
NC_045512.21086	143
NC_045512.21087	137
NC_045512.21088	137
NC_045512.21089	137
NC_045512.21090	140
NC_045512.21091	139
NC_045512.21092	138
NC_045512.21093	149
NC_045512.21094	148
NC_045512.21095	150
NC_045512.21096	149
NC_045512.21097	144
NC_045512.21098	150
NC_045512.21099	148
NC_045512.21100	148
NC_045512.21101	147
NC_045512.21102	146
NC_045512.21103	150
NC_045512.21104	150
NC_045512.21105	143
NC_045512.21106	148
NC_045512.21107	147
NC_045512.21108	146
NC_045512.21109	145
NC_045512.21110	150
NC_045512.21111	143
NC_045512.21112	142
NC_045512.21113	146
NC_045512.21114	140
NC_045512.21115	148
NC_045512.21116	149
NC_045512.21117	150
NC_045512.21118	148
NC_045512.21119	147
NC_045512.21120	146
NC_045512.21121	145
NC_045512.21122	144
NC_045512.21123	143
NC_045512.21124	142
NC_045512.21125	149
NC_045512.21126	148
NC_045512.21127	150
NC_045512.21128	148
NC_045512.21129	149
NC_045512.21130	149
NC_045512.21131	150
NC_045512.21132	150
NC_045512.21133	146
NC_045512.21134	149
NC_045512.21135	148
NC_045512.21136	148
NC_045512.21137	142
NC_045512.21138	146
NC_045512.21139	145
NC_045512.21140	149
NC_045512.21141	141
NC_045512.21142	148
NC_045512.21143	143
NC_045512.21144	146
NC_045512.21145	144
NC_045512.21146	143
NC_045512.21147	143
NC_045512.21148	142
NC_045512.21149	143
NC_045512.21150	150
NC_045512.21151	145
NC_045512.21152	146
NC_045512.21153	147
NC_045512.21154	143
NC_045512.21155	150
NC_045512.21156	144
NC_045512.21157	145
NC_045512.21158	146
NC_045512.21159	138
NC_045512.21160	145
NC_045512.21161	149
NC_045512.21162	143
NC_045512.21163	142
NC_045512.21164	147
NC_045512.21165	146
NC_045512.21166	150
NC_045512.21167	132
NC_045512.21168	150
NC_045512.21169	150
NC_045512.21170	149
NC_045512.21171	149
NC_045512.21172	149
NC_045512.21173	146
NC_045512.21174	144
NC_045512.21175	148
NC_045512.21176	149
NC_045512.21177	150
NC_045512.21178	149
NC_045512.21179	143
NC_045512.21180	131
NC_045512.21181	144
NC_045512.21182	148
NC_045512.21183	148
NC_045512.21184	149
NC_045512.21185	145
NC_045512.21186	141
NC_045512.21187	147
NC_045512.21188	147
NC_045512.21189	146
NC_045512.21190	149
NC_045512.21191	150
NC_045512.21192	150
NC_045512.21193	150
NC_045512.21194	149
NC_045512.21195	150
NC_045512.21196	149
NC_045512.21197	150
NC_045512.21198	149
NC_045512.21199	148
NC_045512.21200	147
NC_045512.21201	146
NC_045512.21202	145
NC_045512.21203	150
NC_045512.21204	150
NC_045512.21205	149
NC_045512.21206	149
NC_045512.21207	149
NC_045512.21208	148
NC_045512.21209	147
NC_045512.21210	146
NC_045512.21211	145
NC_045512.21212	144
NC_045512.21213	143
NC_045512.21214	150
NC_045512.21215	147
NC_045512.21216	146
NC_045512.21217	150
NC_045512.21218	144
NC_045512.21219	143
NC_045512.21220	149
NC_045512.21221	150
NC_045512.21222	138
NC_045512.21223	150
NC_045512.21224	140
NC_045512.21225	141
NC_045512.21226	142
NC_045512.21227	146
NC_045512.21228	144
NC_045512.21229	143
NC_045512.21230	146
NC_045512.21231	142
NC_045512.21232	148
NC_045512.21233	125
NC_045512.21234	147
NC_045512.21235	146
NC_045512.21236	147
NC_045512.21237	148
NC_045512.21238	149
NC_045512.21239	150
NC_045512.21240	149
NC_045512.21241	133
NC_045512.21242	132
NC_045512.21243	135
NC_045512.21244	136
NC_045512.21245	137
NC_045512.21246	138
NC_045512.21247	139
NC_045512.21248	140
NC_045512.21249	141
NC_045512.21250	142
NC_045512.21251	143
NC_045512.21252	144
NC_045512.21253	143
NC_045512.21254	146
NC_045512.21255	146
NC_045512.21256	150
NC_045512.21257	148
NC_045512.21258	149
NC_045512.21259	145
NC_045512.21260	144
NC_045512.21261	144
NC_045512.21262	145
NC_045512.21263	147
NC_045512.21264	146
NC_045512.21265	145
NC_045512.21266	149
NC_045512.21267	143
NC_045512.21268	142
NC_045512.21269	148
NC_045512.21270	140
NC_045512.21271	146
NC_045512.21272	138
NC_045512.21273	148
NC_045512.21274	144
NC_045512.21275	142
NC_045512.21276	150
NC_045512.21277	147
NC_045512.21278	149
NC_045512.21279	145
NC_045512.21280	150
NC_045512.21281	149
NC_045512.21282	150
NC_045512.21283	149
NC_045512.21284	150
NC_045512.21285	148
NC_045512.21286	145
NC_045512.21287	146
NC_045512.21288	150
NC_045512.21289	147
NC_045512.21290	148
NC_045512.21291	148
NC_045512.21292	150
NC_045512.21293	148
NC_045512.21294	143
NC_045512.21295	148
NC_045512.21296	145
NC_045512.21297	144
NC_045512.21298	143
NC_045512.21299	142
NC_045512.21300	141
NC_045512.21301	140
NC_045512.21302	135
NC_045512.21303	138
NC_045512.21304	137
NC_045512.21305	136
NC_045512.21306	135
NC_045512.21307	134
NC_045512.21308	133
NC_045512.21309	132
NC_045512.21310	131
NC_045512.21311	130
NC_045512.21312	129
NC_045512.21313	128
NC_045512.21314	127
NC_045512.21315	126
NC_045512.21316	125
NC_045512.21317	150
NC_045512.21318	149
NC_045512.21319	122
NC_045512.21320	121
NC_045512.21321	148
NC_045512.21322	146
NC_045512.21323	146
NC_045512.21324	145
NC_045512.21325	148
NC_045512.21326	150
NC_045512.21327	146
NC_045512.21328	145
NC_045512.21329	138
NC_045512.21330	139
NC_045512.21331	140
NC_045512.21332	141
NC_045512.21333	142
NC_045512.21334	143
NC_045512.21335	144
NC_045512.21336	145
NC_045512.21337	146
NC_045512.21338	147
NC_045512.21339	148
NC_045512.21340	149
NC_045512.21341	150
NC_045512.21342	146
NC_045512.21343	145
NC_045512.21344	144
NC_045512.21345	143
NC_045512.21346	142
NC_045512.21347	141
NC_045512.21348	140
NC_045512.21349	139
NC_045512.21350	138
NC_045512.21351	137
NC_045512.21352	136
NC_045512.21353	135
NC_045512.21354	134
NC_045512.21355	133
NC_045512.21356	132
NC_045512.21357	131
NC_045512.21358	130
NC_045512.21359	129
NC_045512.21360	128
NC_045512.21361	127
NC_045512.21362	126
NC_045512.21363	125
NC_045512.24143	81
NC_045512.24144	82
NC_045512.24145	83
NC_045512.24146	84
NC_045512.24147	85
NC_045512.24148	86
NC_045512.24149	87
NC_045512.24150	88
NC_045512.24151	89
NC_045512.24152	90
NC_045512.24153	91
NC_045512.24154	92
NC_045512.24155	93
NC_045512.24156	94
NC_045512.24157	95
NC_045512.24158	96
NC_045512.24159	97
NC_045512.24160	98
NC_045512.24161	99
NC_045512.24162	100
NC_045512.24163	101
NC_045512.24164	102
NC_045512.24165	103
NC_045512.24166	104
NC_045512.24167	105
NC_045512.24168	106
NC_045512.24169	107
NC_045512.24170	108
NC_045512.24171	109
NC_045512.24172	106
NC_045512.24173	111
NC_045512.24174	112
NC_045512.24175	113
NC_045512.24176	114
NC_045512.24177	115
NC_045512.24178	116
NC_045512.24179	117
NC_045512.24180	118
NC_045512.24181	119
NC_045512.24182	120
NC_045512.24183	115
NC_045512.24184	122
NC_045512.24185	123
NC_045512.24186	124
NC_045512.24187	125
NC_045512.24188	126
NC_045512.24189	127
NC_045512.24190	128
NC_045512.24191	129
NC_045512.24192	130
NC_045512.24193	131
NC_045512.24194	132
NC_045512.24195	133
NC_045512.24196	134
NC_045512.24197	135
NC_045512.24198	136
NC_045512.24199	137
NC_045512.24200	138
NC_045512.24201	139
NC_045512.24202	140
NC_045512.24203	141
NC_045512.24204	140
NC_045512.24205	143
NC_045512.24206	147
NC_045512.24207	145
NC_045512.24208	146
NC_045512.24209	144
NC_045512.24210	141
NC_045512.24211	149
NC_045512.24212	147
NC_045512.24213	148
NC_045512.24214	146
NC_045512.24215	149
NC_045512.24216	146
NC_045512.24217	149
NC_045512.24218	149
NC_045512.24219	150
NC_045512.24220	139
NC_045512.24221	140
NC_045512.24222	141
NC_045512.24223	142
NC_045512.24224	143
NC_045512.24225	144
NC_045512.24226	145
NC_045512.24227	146
NC_045512.24228	147
NC_045512.24229	148
NC_045512.24230	148
NC_045512.24231	150
NC_045512.24232	150
NC_045512.24233	145
NC_045512.24234	134
NC_045512.24235	135
NC_045512.24236	150
NC_045512.24237	137
NC_045512.24238	138
NC_045512.24239	139
NC_045512.24240	140
NC_045512.24241	141
NC_045512.24242	142
NC_045512.24243	143
NC_045512.24244	144
NC_045512.24245	145
NC_045512.24246	146
NC_045512.24247	147
NC_045512.24248	150
NC_045512.24249	148
NC_045512.24250	149
NC_045512.24251	149
NC_045512.24252	150
NC_045512.24253	144
NC_045512.24254	145
NC_045512.24255	146
NC_045512.24256	146
NC_045512.24257	150
NC_045512.24258	148
NC_045512.24259	149
NC_045512.24260	150
NC_045512.24261	150
NC_045512.24262	149
NC_045512.24263	148
NC_045512.24264	150
NC_045512.24265	149
NC_045512.24266	148
NC_045512.24267	147
NC_045512.24268	146
NC_045512.24269	150
NC_045512.24270	150
NC_045512.24271	149
NC_045512.24272	148
NC_045512.24273	147
NC_045512.24274	150
NC_045512.24275	150
NC_045512.24276	144
NC_045512.24277	149
NC_045512.24278	150
NC_045512.24279	150
NC_045512.24280	150
NC_045512.24281	149
NC_045512.24282	150
NC_045512.24283	150
NC_045512.24284	150
NC_045512.24285	150
NC_045512.24286	150
NC_045512.24287	148
NC_045512.24288	148
NC_045512.24289	149
NC_045512.24290	150
NC_045512.24291	149
NC_045512.24292	150
NC_045512.24293	147
NC_045512.24294	150
NC_045512.24295	147
NC_045512.24296	150
NC_045512.24297	143
NC_045512.24298	150
NC_045512.24299	145
NC_045512.24300	146
NC_045512.24301	147
NC_045512.24302	148
NC_045512.24303	149
NC_045512.24304	150
NC_045512.24305	145
NC_045512.24306	144
NC_045512.24307	143
NC_045512.24308	142
NC_045512.24309	141
NC_045512.24310	140
NC_045512.24311	149
NC_045512.24312	150
NC_045512.24313	149
NC_045512.24314	150
NC_045512.24315	146
NC_045512.24316	147
NC_045512.24317	148
NC_045512.24318	149
NC_045512.24319	150
NC_045512.24320	149
NC_045512.24321	149
NC_045512.24322	149
NC_045512.24323	150
NC_045512.24324	149
NC_045512.24325	149
NC_045512.24326	149
NC_045512.24327	148
NC_045512.24328	149
NC_045512.24329	150
NC_045512.24330	150
NC_045512.24331	150
NC_045512.24332	149
NC_045512.24333	149
NC_045512.24334	150
NC_045512.24335	150
NC_045512.24336	150
NC_045512.24337	141
NC_045512.24338	142
NC_045512.24339	143
NC_045512.24340	144
NC_045512.24341	145
NC_045512.24342	146
NC_045512.24343	147
NC_045512.24344	148
NC_045512.24345	149
NC_045512.24346	150
NC_045512.24347	149
NC_045512.24348	148
NC_045512.24349	147
NC_045512.24350	146
NC_045512.24351	145
NC_045512.24352	144
NC_045512.24353	143
NC_045512.24354	142
NC_045512.24355	150
NC_045512.24356	150
NC_045512.24357	150
NC_045512.24358	149
NC_045512.24359	150
NC_045512.24360	150
NC_045512.24361	149
NC_045512.24362	149
NC_045512.24363	150
NC_045512.24364	150
NC_045512.24365	148
NC_045512.24366	147
NC_045512.24367	146
NC_045512.24368	145
NC_045512.24369	150
NC_045512.24370	149
NC_045512.24371	150
NC_045512.24372	149
NC_045512.24373	150
NC_045512.24374	145
NC_045512.24375	146
NC_045512.24376	147
NC_045512.24377	148
NC_045512.24378	149
NC_045512.24379	147
NC_045512.24380	149
NC_045512.24381	149
NC_045512.24382	150
NC_045512.24383	150
NC_045512.24384	149
NC_045512.24385	149
NC_045512.24386	146
NC_045512.24387	145
NC_045512.24388	146
NC_045512.24389	147
NC_045512.24390	147
NC_045512.24391	146
NC_045512.24392	144
NC_045512.24393	144
NC_045512.24394	144
NC_045512.24395	148
NC_045512.24396	149
NC_045512.24397	138
NC_045512.24398	139
NC_045512.24399	140
NC_045512.24400	141
NC_045512.24401	142
NC_045512.24402	143
NC_045512.24403	144
NC_045512.24404	145
NC_045512.24405	146
NC_045512.24406	147
NC_045512.24407	148
NC_045512.24408	149
NC_045512.24409	150
NC_045512.24410	149
NC_045512.24411	148
NC_045512.24412	147
NC_045512.24413	146
NC_045512.24414	149
NC_045512.24415	150
NC_045512.24416	145
NC_045512.24417	150
NC_045512.24418	150
NC_045512.24419	150
NC_045512.24420	149
NC_045512.24421	148
NC_045512.24422	147
NC_045512.24423	146
NC_045512.24424	145
NC_045512.24425	144
NC_045512.24426	146
NC_045512.24427	147
NC_045512.24428	148
NC_045512.24429	149
NC_045512.24430	150
NC_045512.24431	149
NC_045512.24432	148
NC_045512.24433	147
NC_045512.24434	146
NC_045512.24435	145
NC_045512.24436	144
NC_045512.24437	143
NC_045512.24438	142
NC_045512.24439	141
NC_045512.24440	140
NC_045512.24441	139
NC_045512.24442	138
NC_045512.24443	137
NC_045512.24444	136
NC_045512.24445	135
NC_045512.24446	134
NC_045512.24447	133
NC_045512.24448	132
NC_045512.24449	131
NC_045512.24450	130
NC_045512.24451	129
NC_045512.24452	128
NC_045512.24453	127
NC_045512.24454	126
NC_045512.24455	125
NC_045512.24456	124
NC_045512.24457	123
NC_045512.24458	122
NC_045512.24459	121
NC_045512.24460	120
NC_045512.24461	119
NC_045512.24462	118
NC_045512.24463	117
NC_045512.24464	112
NC_045512.24465	113
NC_045512.24466	114
NC_045512.24467	115
NC_045512.24468	116
NC_045512.24469	117
NC_045512.24470	118
NC_045512.24471	119
NC_045512.24472	120
NC_045512.24473	121
NC_045512.24474	122
NC_045512.24475	123
NC_045512.24476	124
NC_045512.24477	125
NC_045512.24478	126
NC_045512.24479	127
NC_045512.24480	128
NC_045512.24481	129
NC_045512.24482	130
NC_045512.24483	131
NC_045512.24484	132
NC_045512.24485	133
NC_045512.24486	146
NC_045512.24487	147
NC_045512.24488	148
NC_045512.24489	148
NC_045512.24490	149
NC_045512.24491	149
NC_045512.24492	140
NC_045512.24493	141
NC_045512.24494	142
NC_045512.24495	143
NC_045512.24496	144
NC_045512.24497	145
NC_045512.24498	146
NC_045512.24499	147
NC_045512.24500	148
NC_045512.24501	149
NC_045512.24502	150
NC_045512.24503	149
NC_045512.24504	148
NC_045512.24505	147
NC_045512.24506	146
NC_045512.24507	145
NC_045512.24508	144
NC_045512.24509	145
NC_045512.24510	150
NC_045512.24511	147
NC_045512.24512	148
NC_045512.24513	148
NC_045512.24514	150
NC_045512.24515	150
NC_045512.24516	150
NC_045512.24517	150
NC_045512.24518	150
NC_045512.24519	150
NC_045512.24520	149
NC_045512.24521	148
NC_045512.24522	150
NC_045512.24523	150
NC_045512.24524	149
NC_045512.24525	150
NC_045512.24526	150
NC_045512.24527	149
NC_045512.24528	150
NC_045512.24529	149
NC_045512.24530	150
NC_045512.24531	150
NC_045512.24532	150
NC_045512.24533	145
NC_045512.24534	146
NC_045512.24535	147
NC_045512.24536	148
NC_045512.24537	150
NC_045512.24538	149
NC_045512.24539	149
NC_045512.24540	150
NC_045512.24541	150
NC_045512.24542	150
NC_045512.24543	150
NC_045512.24544	149
NC_045512.24545	150
NC_045512.24546	148
NC_045512.24547	149
NC_045512.24548	148
NC_045512.24549	149
NC_045512.24550	150
NC_045512.24551	149
NC_045512.24552	148
NC_045512.24553	147
NC_045512.24554	146
NC_045512.24555	145
NC_045512.24556	149
NC_045512.24557	143
NC_045512.24558	150
NC_045512.24559	150
NC_045512.24560	148
NC_045512.24561	150
NC_045512.24562	146
NC_045512.24563	145
NC_045512.24564	144
NC_045512.24565	150
NC_045512.24566	141
NC_045512.24567	146
NC_045512.24568	147
NC_045512.24569	146
NC_045512.24570	149
NC_045512.24571	150
NC_045512.24572	150
NC_045512.24573	150
NC_045512.24574	148
NC_045512.24575	149
NC_045512.24576	143
NC_045512.24577	149
NC_045512.24578	148
NC_045512.24579	147
NC_045512.24580	149
NC_045512.24581	144
NC_045512.24582	145
NC_045512.24583	146
NC_045512.24584	147
NC_045512.24585	148
NC_045512.24586	149
NC_045512.24587	150
NC_045512.24588	150
NC_045512.24589	150
NC_045512.24590	144
NC_045512.24591	145
NC_045512.24592	150
NC_045512.24593	147
NC_045512.24594	148
NC_045512.24595	149
NC_045512.24596	150
NC_045512.24597	150
NC_045512.24598	146
NC_045512.24599	145
NC_045512.24600	144
NC_045512.24601	150
NC_045512.24602	149
NC_045512.24603	150
NC_045512.24604	149
NC_045512.24605	145
NC_045512.24606	146
NC_045512.24607	150
NC_045512.24608	148
NC_045512.24609	150
NC_045512.24610	149
NC_045512.24611	148
NC_045512.24612	147
NC_045512.24613	146
NC_045512.24614	145
NC_045512.24615	144
NC_045512.24616	150
NC_045512.24617	149
NC_045512.24618	148
NC_045512.24619	147
NC_045512.24620	150
NC_045512.24621	149
NC_045512.24622	148
NC_045512.24623	150
NC_045512.24624	150
NC_045512.24625	150
NC_045512.24626	150
NC_045512.24627	150
NC_045512.24628	150
NC_045512.24629	149
NC_045512.24630	150
NC_045512.24631	150
NC_045512.24632	149
NC_045512.24633	150
NC_045512.24634	150
NC_045512.24635	149
NC_045512.24636	149
NC_045512.24637	150
NC_045512.24638	150
NC_045512.24639	150
NC_045512.24640	150
NC_045512.24641	150
NC_045512.24642	150
NC_045512.24643	150
NC_045512.24644	150
NC_045512.24645	149
NC_045512.24646	150
NC_045512.24647	150
NC_045512.24648	150
NC_045512.24649	150
NC_045512.24650	150
NC_045512.24651	150
NC_045512.24652	149
NC_045512.24653	148
NC_045512.24654	147
NC_045512.24655	146
NC_045512.24656	145
NC_045512.24657	144
NC_045512.24658	143
NC_045512.24659	142
NC_045512.24660	141
NC_045512.24661	146
NC_045512.24662	145
NC_045512.24663	144
NC_045512.24664	143
NC_045512.24665	142
NC_045512.24666	141
NC_045512.24667	140
NC_045512.24668	139
NC_045512.24669	138
NC_045512.24670	148
NC_045512.24671	149
NC_045512.24672	135
NC_045512.24673	149
NC_045512.24674	148
NC_045512.24675	150
NC_045512.24676	148
NC_045512.24677	148
NC_045512.24678	147
NC_045512.24679	145
NC_045512.24680	149
NC_045512.24681	150
NC_045512.24682	143
NC_045512.24683	142
NC_045512.24684	141
NC_045512.24685	140
NC_045512.24686	139
NC_045512.24687	146
NC_045512.24688	137
NC_045512.24689	141
NC_045512.24690	149
NC_045512.24691	143
NC_045512.24692	143
NC_045512.24693	149
NC_045512.24694	145
NC_045512.24695	148
NC_045512.24696	146
NC_045512.24697	145
NC_045512.24698	144
NC_045512.24699	149
NC_045512.24700	148
NC_045512.24701	142
NC_045512.24702	149
NC_045512.24703	146
NC_045512.24704	144
NC_045512.24705	146
NC_045512.24706	147
NC_045512.24707	142
NC_045512.24708	149
NC_045512.24709	149
NC_045512.24710	150
NC_045512.24711	149
NC_045512.24712	148
NC_045512.24713	147
NC_045512.24714	146
NC_045512.24715	147
NC_045512.24716	148
NC_045512.24717	149
NC_045512.24718	150
NC_045512.24719	148
NC_045512.24720	143
NC_045512.24721	142
NC_045512.24722	149
NC_045512.24723	144
NC_045512.24724	147
NC_045512.24725	150
NC_045512.24726	147
NC_045512.24727	148
NC_045512.24728	145
NC_045512.24729	147
NC_045512.24730	148
NC_045512.24731	149
NC_045512.24732	149
NC_045512.24733	150
NC_045512.24734	149
NC_045512.24735	150
NC_045512.24736	147
NC_045512.24737	142
NC_045512.24738	143
NC_045512.24739	144
NC_045512.24740	145
NC_045512.24741	150
NC_045512.24742	147
NC_045512.24743	148
NC_045512.24744	147
NC_045512.24745	148
NC_045512.24746	149
NC_045512.24747	150
NC_045512.24748	150
NC_045512.24749	150
NC_045512.24750	150
NC_045512.24751	149
NC_045512.24752	150
NC_045512.24753	149
NC_045512.24754	144
NC_045512.24755	145
NC_045512.24756	146
NC_045512.24757	147
NC_045512.24758	150
NC_045512.24759	150
NC_045512.24760	146
NC_045512.24761	145
NC_045512.24762	144
NC_045512.24763	143
NC_045512.24764	150
NC_045512.24765	149
NC_045512.24766	149
NC_045512.24767	148
NC_045512.24768	147
NC_045512.24769	146
NC_045512.24770	145
NC_045512.24771	144
NC_045512.24772	147
NC_045512.24773	142
NC_045512.24774	145
NC_045512.24775	131
NC_045512.24776	148
NC_045512.24777	150
NC_045512.24778	149
NC_045512.24779	150
NC_045512.24780	150
NC_045512.24781	148
NC_045512.24782	145
NC_045512.24783	147
NC_045512.24784	143
NC_045512.24785	148
NC_045512.24786	139
NC_045512.24787	146
NC_045512.24788	145
NC_045512.24789	144
NC_045512.24790	143
NC_045512.24791	136
NC_045512.24792	135
NC_045512.24793	140
NC_045512.24794	135
NC_045512.24795	138
NC_045512.24796	150
NC_045512.24797	136
NC_045512.24798	135
NC_045512.24799	137
NC_045512.24800	140
NC_045512.24801	138
NC_045512.24802	141
NC_045512.24803	139
NC_045512.24804	140
NC_045512.24805	142
NC_045512.24806	144
NC_045512.24807	144
NC_045512.24808	144
NC_045512.24809	150
NC_045512.24810	148
NC_045512.24811	147
NC_045512.24812	150
NC_045512.24813	150
NC_045512.24814	147
NC_045512.24815	148
NC_045512.24816	149
NC_045512.24817	150
NC_045512.24818	150
NC_045512.24819	140
NC_045512.24820	150
NC_045512.24821	142
NC_045512.24822	143
NC_045512.24823	150
NC_045512.24824	145
NC_045512.24825	146
NC_045512.24826	147
NC_045512.24827	148
NC_045512.24828	150
NC_045512.24829	149
NC_045512.24830	150
NC_045512.24831	149
NC_045512.24832	150
NC_045512.24833	149
NC_045512.24834	150
NC_045512.24835	149
NC_045512.24836	150
NC_045512.24837	150
NC_045512.24838	149
NC_045512.24839	150
NC_045512.24840	150
NC_045512.24841	150
NC_045512.24842	150
NC_045512.24843	150
NC_045512.24844	150
NC_045512.24845	150
NC_045512.24846	148
NC_045512.24847	147
NC_045512.24848	146
NC_045512.24849	145
NC_045512.24850	144
NC_045512.24851	143
NC_045512.24852	142
NC_045512.24853	141
NC_045512.24854	140
NC_045512.24855	139
NC_045512.24856	138
NC_045512.24857	137
NC_045512.24858	136
NC_045512.24859	135
NC_045512.24860	134
NC_045512.24861	149
NC_045512.24862	132
NC_045512.24863	131
NC_045512.24864	130
NC_045512.24865	147
NC_045512.24866	146
NC_045512.24867	145
NC_045512.24868	150
NC_045512.24869	150
NC_045512.24870	149
NC_045512.24871	150
NC_045512.24872	148
NC_045512.24873	147
NC_045512.24874	146
NC_045512.24875	145
NC_045512.24876	144
NC_045512.24877	143
NC_045512.24878	149
NC_045512.24879	141
NC_045512.24880	149
NC_045512.24881	139
NC_045512.24882	149
NC_045512.24883	144
NC_045512.24884	136
NC_045512.24885	148
NC_045512.24886	144
NC_045512.24887	145
NC_045512.24888	132
NC_045512.24889	138
NC_045512.24890	145
NC_045512.24891	149
NC_045512.24892	147
NC_045512.24893	147
NC_045512.24894	148
NC_045512.24895	147
NC_045512.24896	138
NC_045512.24897	148
NC_045512.24898	140
NC_045512.24899	148
NC_045512.24900	142
NC_045512.24901	143
NC_045512.24902	143
NC_045512.24903	149
NC_045512.24904	147
NC_045512.24905	139
NC_045512.24906	148
NC_045512.24907	146
NC_045512.24908	144
NC_045512.24909	143
NC_045512.24910	144
NC_045512.24911	150
NC_045512.24912	149
NC_045512.24913	149
NC_045512.24914	139
NC_045512.24915	148
NC_045512.24916	130
NC_045512.24917	131
NC_045512.24918	148
NC_045512.24919	150
NC_045512.24920	134
NC_045512.24921	135
NC_045512.24922	136
NC_045512.24923	137
NC_045512.24924	138
NC_045512.24925	139
NC_045512.24926	140
NC_045512.24927	139
NC_045512.24928	150
NC_045512.24929	150
NC_045512.24930	144
NC_045512.24931	145
NC_045512.24932	146
NC_045512.24933	147
NC_045512.24934	150
NC_045512.24935	149
NC_045512.24936	148
NC_045512.24937	149
NC_045512.24938	150
NC_045512.24939	149
NC_045512.24940	148
NC_045512.24941	147
NC_045512.24942	146
NC_045512.24943	147
NC_045512.24944	148
NC_045512.24945	149
NC_045512.24946	150
NC_045512.24947	149
NC_045512.24948	148
NC_045512.24949	149
NC_045512.24950	150
NC_045512.24951	149
NC_045512.24952	148
NC_045512.24953	149
NC_045512.24954	150
NC_045512.24955	149
NC_045512.24956	150
NC_045512.24957	149
NC_045512.24958	148
NC_045512.24959	147
NC_045512.24960	148
NC_045512.24961	149
NC_045512.24962	150
NC_045512.24963	149
NC_045512.24964	148
NC_045512.24965	149
NC_045512.24966	150
NC_045512.24967	149
NC_045512.24968	150
NC_045512.24969	150
NC_045512.24970	150
NC_045512.24971	149
NC_045512.24972	148
NC_045512.24973	147
NC_045512.24974	150
NC_045512.24975	146
NC_045512.24976	148
NC_045512.24977	150
NC_045512.24978	149
NC_045512.24979	150
NC_045512.24980	150
NC_045512.24981	149
NC_045512.24982	148
NC_045512.24983	133
NC_045512.24984	134
NC_045512.24985	135
NC_045512.24986	136
NC_045512.24987	150
NC_045512.24988	146
NC_045512.24989	139
NC_045512.24990	140
NC_045512.24991	141
NC_045512.24992	142
NC_045512.24993	143
NC_045512.24994	144
NC_045512.24995	145
NC_045512.24996	140
NC_045512.24997	147
NC_045512.24998	142
NC_045512.24999	143
NC_045512.25000	144
NC_045512.25001	145
NC_045512.25002	146
NC_045512.25003	150
NC_045512.25004	148
NC_045512.25005	150
NC_045512.25006	146
NC_045512.25007	147
NC_045512.25008	148
NC_045512.25009	149
NC_045512.25010	150
NC_045512.25011	147
NC_045512.25012	150
NC_045512.25013	150
NC_045512.25014	150
NC_045512.25015	144
NC_045512.25016	145
NC_045512.25017	146
NC_045512.25018	147
NC_045512.25019	148
NC_045512.25020	149
NC_045512.25021	150
NC_045512.25022	149
NC_045512.25023	148
NC_045512.25024	149
NC_045512.25025	150
NC_045512.25026	149
NC_045512.25027	148
NC_045512.25028	144
NC_045512.25029	145
NC_045512.25030	146
NC_045512.25031	146
NC_045512.25032	148
NC_045512.25033	149
NC_045512.25034	150
NC_045512.25035	150
NC_045512.25036	148
NC_045512.25037	149
NC_045512.25038	150
NC_045512.25039	149
NC_045512.25040	150
NC_045512.25041	149
NC_045512.25042	149
NC_045512.25043	150
NC_045512.25044	150
NC_045512.25045	149
NC_045512.25046	150
NC_045512.25047	149
NC_045512.25048	150
NC_045512.25049	145
NC_045512.25050	146
NC_045512.25051	147
NC_045512.25052	148
NC_045512.25053	149
NC_045512.25054	150
NC_045512.25055	150
NC_045512.25056	150
NC_045512.25057	150
NC_045512.25058	148
NC_045512.25059	147
NC_045512.25060	146
NC_045512.25061	145
NC_045512.25062	150
NC_045512.25063	150
NC_045512.25064	149
NC_045512.25065	150
NC_045512.25066	149
NC_045512.25067	149
NC_045512.25068	150
NC_045512.25069	150
NC_045512.25070	150
NC_045512.25071	149
NC_045512.25072	148
NC_045512.25073	147
NC_045512.25074	146
NC_045512.25075	145
NC_045512.25076	150
NC_045512.25077	148
NC_045512.25078	149
NC_045512.25079	150
NC_045512.25080	149
NC_045512.25081	150
NC_045512.25082	149
NC_045512.25083	149
NC_045512.25084	150
NC_045512.25085	149
NC_045512.25086	145
NC_045512.25087	147
NC_045512.25088	150
NC_045512.25089	150
NC_045512.25090	150
NC_045512.25091	149
NC_045512.25092	150
NC_045512.25093	149
NC_045512.25094	148
NC_045512.25095	149
NC_045512.25096	150
NC_045512.25097	146
NC_045512.25098	145
NC_045512.25099	150
NC_045512.25100	149
NC_045512.25101	150
NC_045512.25102	150
NC_045512.25103	150
NC_045512.25104	150
NC_045512.25105	150
NC_045512.25106	150
NC_045512.25107	150
NC_045512.25108	150
NC_045512.25109	149
NC_045512.25110	150
NC_045512.25111	150
NC_045512.25112	148
NC_045512.25113	149
NC_045512.25114	149
NC_045512.25115	149
NC_045512.25116	149
NC_045512.25117	148
NC_045512.25118	147
NC_045512.25119	147
NC_045512.25120	149
NC_045512.25121	150
NC_045512.25122	150
NC_045512.25123	149
NC_045512.25124	150
NC_045512.25125	150
NC_045512.25126	150
NC_045512.25127	149
NC_045512.25128	150
NC_045512.25129	150
NC_045512.25130	145
NC_045512.25131	146
NC_045512.25132	147
NC_045512.25133	150
NC_045512.25134	150
NC_045512.25135	149
NC_045512.25136	150
NC_045512.25137	150
NC_045512.25138	146
NC_045512.25139	145
NC_045512.25140	144
NC_045512.25141	150
NC_045512.25142	150
NC_045512.25143	150
NC_045512.25144	149
NC_045512.25145	150
NC_045512.25146	149
NC_045512.25147	150
NC_045512.25148	150
NC_045512.25149	149
NC_045512.25150	150
NC_045512.25151	149
NC_045512.25152	148
NC_045512.25153	144
NC_045512.25154	150
NC_045512.25155	146
NC_045512.25156	147
NC_045512.25157	148
NC_045512.25158	147
NC_045512.25159	150
NC_045512.25160	149
NC_045512.25161	150
NC_045512.25162	149
NC_045512.25163	149
NC_045512.25164	148
NC_045512.25165	147
NC_045512.25166	145
NC_045512.25167	147
NC_045512.25168	146
NC_045512.25169	147
NC_045512.25170	148
NC_045512.25171	149
NC_045512.25172	150
NC_045512.25173	150
NC_045512.25174	149
NC_045512.25175	149
NC_045512.25176	150
NC_045512.25177	149
NC_045512.25178	148
NC_045512.25179	149
NC_045512.25180	150
NC_045512.25181	149
NC_045512.25182	150
NC_045512.25183	149
NC_045512.25184	150
NC_045512.25185	150
NC_045512.25186	149
NC_045512.25187	150
NC_045512.25188	150
NC_045512.25189	150
NC_045512.25190	150
NC_045512.25191	150
NC_045512.25192	150
NC_045512.25193	149
NC_045512.25194	149
NC_045512.25195	150
NC_045512.25196	148
NC_045512.25197	149
NC_045512.25198	150
NC_045512.25199	149
NC_045512.25200	150
NC_045512.25201	150
NC_045512.25202	145
NC_045512.25203	146
NC_045512.25204	147
NC_045512.25205	150
NC_045512.25206	149
NC_045512.25207	150
NC_045512.25208	150
NC_045512.25209	149
NC_045512.25210	149
NC_045512.25211	150
NC_045512.25212	149
NC_045512.25213	148
NC_045512.25214	149
NC_045512.25215	148
NC_045512.25216	149
NC_045512.25217	146
NC_045512.25218	148
NC_045512.25219	149
NC_045512.25220	150
NC_045512.25221	150
NC_045512.25222	150
NC_045512.25223	149
NC_045512.25224	149
NC_045512.25225	150
NC_045512.25226	150
NC_045512.25227	149
NC_045512.25228	148
NC_045512.25229	149
NC_045512.25230	150
NC_045512.25231	150
NC_045512.25232	149
NC_045512.25233	148
NC_045512.25234	148
NC_045512.25235	149
NC_045512.25236	150
NC_045512.25237	150
NC_045512.25238	149
NC_045512.25239	145
NC_045512.25240	146
NC_045512.25241	147
NC_045512.25242	148
NC_045512.25243	149
NC_045512.25244	150
NC_045512.25245	150
NC_045512.25246	149
NC_045512.25247	149
NC_045512.25248	150
NC_045512.25249	150
NC_045512.25250	150
NC_045512.25251	150
NC_045512.25252	150
NC_045512.25253	150
NC_045512.25254	150
NC_045512.25255	150
NC_045512.25256	150
NC_045512.25257	149
NC_045512.25258	148
NC_045512.25259	147
NC_045512.25260	146
NC_045512.25261	147
NC_045512.25262	148
NC_045512.25263	148
NC_045512.25264	150
NC_045512.25265	147
NC_045512.25266	146
NC_045512.25267	145
NC_045512.25268	150
NC_045512.25269	150
NC_045512.25270	150
NC_045512.25271	148
NC_045512.25272	147
NC_045512.25273	150
NC_045512.25274	150
NC_045512.25275	150
NC_045512.25276	150
NC_045512.25277	148
NC_045512.25278	147
NC_045512.25279	150
NC_045512.25280	146
NC_045512.25281	146
NC_045512.25282	147
NC_045512.25283	148
NC_045512.25284	149
NC_045512.25285	150
NC_045512.25286	150
NC_045512.25287	149
NC_045512.25288	149
NC_045512.25289	148
NC_045512.25290	149
NC_045512.25291	150
NC_045512.25292	150
NC_045512.25293	146
NC_045512.25294	145
NC_045512.25295	144
NC_045512.25296	149
NC_045512.25297	149
NC_045512.25298	150
NC_045512.25299	149
NC_045512.25300	150
NC_045512.25301	150
NC_045512.25302	149
NC_045512.25303	145
NC_045512.25304	147
NC_045512.25305	150
NC_045512.25306	150
NC_045512.25307	144
NC_045512.25308	143
NC_045512.25309	142
NC_045512.25310	150
NC_045512.25311	149
NC_045512.25312	148
NC_045512.25313	150
NC_045512.25314	149
NC_045512.25315	149
NC_045512.25316	150
NC_045512.25317	150
NC_045512.25318	148
NC_045512.25319	148
NC_045512.25320	145
NC_045512.25321	145
NC_045512.25322	146
NC_045512.25323	144
NC_045512.25324	144
NC_045512.25325	144
NC_045512.25326	143
NC_045512.25327	146
NC_045512.25328	146
NC_045512.25329	146
NC_045512.25330	149
NC_045512.25331	149
NC_045512.25332	147
NC_045512.25333	150
NC_045512.25334	149
NC_045512.25335	150
NC_045512.25336	150
NC_045512.25337	149
NC_045512.25338	146
NC_045512.25339	149
NC_045512.25340	144
NC_045512.25341	146
NC_045512.25342	150
NC_045512.25343	149
NC_045512.25344	149
NC_045512.25345	148
NC_045512.25346	142
NC_045512.25347	140
NC_045512.25348	147
NC_045512.25349	149
NC_045512.25350	147
NC_045512.25351	148
NC_045512.25352	149
NC_045512.25353	150
NC_045512.25354	150
NC_045512.25355	150
NC_045512.25356	149
NC_045512.25357	149
NC_045512.25358	150
NC_045512.25359	150
NC_045512.25360	150
NC_045512.25361	150
NC_045512.25362	149
NC_045512.25363	148
NC_045512.25364	149
NC_045512.25365	150
NC_045512.25366	150
NC_045512.25367	149
NC_045512.25368	150
NC_045512.25369	150
NC_045512.25370	149
NC_045512.25371	148
NC_045512.25372	149
NC_045512.25373	150
NC_045512.25374	149
NC_045512.25375	148
NC_045512.25376	147
NC_045512.25377	148
NC_045512.25378	149
NC_045512.25379	150
NC_045512.25380	149
NC_045512.25381	149
NC_045512.25382	150
NC_045512.25383	150
NC_045512.25384	149
NC_045512.25385	148
NC_045512.25386	147
NC_045512.25387	146
NC_045512.25388	145
NC_045512.25389	149
NC_045512.25390	144
NC_045512.25391	135
NC_045512.25392	146
NC_045512.25393	148
NC_045512.25394	149
NC_045512.25395	148
NC_045512.25396	148
NC_045512.25397	150
NC_045512.25398	128
NC_045512.25399	146
NC_045512.25400	150
NC_045512.25401	149
NC_045512.25402	150
NC_045512.25403	147
NC_045512.25404	140
NC_045512.25405	135
NC_045512.25406	136
NC_045512.25407	149
NC_045512.25408	145
NC_045512.25409	146
NC_045512.25410	147
NC_045512.25411	141
NC_045512.25412	142
NC_045512.25413	149
NC_045512.25414	148
NC_045512.25415	138
NC_045512.25416	146
NC_045512.25417	147
NC_045512.25418	148
NC_045512.25419	150
NC_045512.25420	149
NC_045512.25421	150
NC_045512.25422	150
NC_045512.25423	146
NC_045512.25424	147
NC_045512.25425	146
NC_045512.25426	149
NC_045512.25427	145
NC_045512.25428	148
NC_045512.25429	149
NC_045512.25430	150
NC_045512.25431	149
NC_045512.25432	150
NC_045512.25433	149
NC_045512.25434	149
NC_045512.25435	145
NC_045512.25436	150
NC_045512.25437	149
NC_045512.25438	150
NC_045512.25439	147
NC_045512.25440	146
NC_045512.25441	145
NC_045512.25442	144
NC_045512.25443	150
NC_045512.25444	149
NC_045512.25445	149
NC_045512.25446	144
NC_045512.25447	149
NC_045512.25448	146
NC_045512.25449	149
NC_045512.25450	148
NC_045512.25451	150
NC_045512.25452	149
NC_045512.25453	150
NC_045512.25454	150
NC_045512.25455	148
NC_045512.25456	149
NC_045512.25457	150
NC_045512.25458	148
NC_045512.25459	148
NC_045512.25460	150
NC_045512.25461	150
NC_045512.25462	145
NC_045512.25463	144
NC_045512.25464	143
NC_045512.25465	142
NC_045512.25466	147
NC_045512.25467	140
NC_045512.25468	139
NC_045512.25469	144
NC_045512.25470	145
NC_045512.25471	150
NC_045512.25472	148
NC_045512.25473	147
NC_045512.25474	146
NC_045512.25475	145
NC_045512.25476	150
NC_045512.25477	149
NC_045512.25478	150
NC_045512.25479	149
NC_045512.25480	150
NC_045512.25481	147
NC_045512.25482	147
NC_045512.25483	146
NC_045512.25484	145
NC_045512.25485	144
NC_045512.25486	143
NC_045512.25487	142
NC_045512.25488	150
NC_045512.25489	140
NC_045512.25490	139
NC_045512.25491	138
NC_045512.25492	137
NC_045512.25493	148
NC_045512.25494	149
NC_045512.25495	150
NC_045512.25496	149
NC_045512.25497	147
NC_045512.25498	145
NC_045512.25499	145
NC_045512.25500	144
NC_045512.25501	143
NC_045512.25502	142
NC_045512.25503	141
NC_045512.25504	140
NC_045512.25505	139
NC_045512.25506	138
NC_045512.25507	149
NC_045512.25508	148
NC_045512.25509	148
NC_045512.25510	150
NC_045512.25511	149
NC_045512.25512	146
NC_045512.25513	147
NC_045512.25514	148
NC_045512.25515	149
NC_045512.25516	128
NC_045512.25517	147
NC_045512.25518	146
NC_045512.25519	145
NC_045512.25520	149
NC_045512.25521	143
NC_045512.25522	140
NC_045512.25523	148
NC_045512.25524	149
NC_045512.25525	139
NC_045512.25526	144
NC_045512.25527	148
NC_045512.25528	144
NC_045512.25529	141
NC_045512.25530	147
NC_045512.25531	149
NC_045512.25532	140
NC_045512.25533	142
NC_045512.25534	138
NC_045512.25535	147
NC_045512.25536	149
NC_045512.25537	149
NC_045512.25538	144
NC_045512.25539	147
NC_045512.25540	146
NC_045512.25541	148
NC_045512.25542	148
NC_045512.25543	150
NC_045512.25544	150
NC_045512.25545	150
NC_045512.25546	149
NC_045512.25547	150
NC_045512.25548	150
NC_045512.25549	150
NC_045512.25550	149
NC_045512.25551	147
NC_045512.25552	149
NC_045512.25553	150
NC_045512.25554	150
NC_045512.25555	150
NC_045512.25556	149
NC_045512.25557	148
NC_045512.25558	146
NC_045512.25559	148
NC_045512.25560	145
NC_045512.25561	146
NC_045512.25562	149
NC_045512.25563	144
NC_045512.25564	140
NC_045512.25565	145
NC_045512.25566	150
NC_045512.25567	149
NC_045512.25568	148
NC_045512.25569	150
NC_045512.25570	149
NC_045512.25571	150
NC_045512.25572	145
NC_045512.25573	145
NC_045512.25574	144
NC_045512.25575	145
NC_045512.25576	150
NC_045512.25577	149
NC_045512.25578	149
NC_045512.25579	150
NC_045512.25580	143
NC_045512.25581	143
NC_045512.25582	145
NC_045512.25583	148
NC_045512.25584	148
NC_045512.25585	148
NC_045512.25586	145
NC_045512.25587	150
NC_045512.25588	148
NC_045512.25589	139
NC_045512.25590	149
NC_045512.25591	150
NC_045512.25592	149
NC_045512.25593	150
NC_045512.25594	150
NC_045512.25595	149
NC_045512.25596	115
NC_045512.25597	147
NC_045512.25598	146
NC_045512.25599	148
NC_045512.25600	149
NC_045512.25601	149
NC_045512.25602	144
NC_045512.25603	138
NC_045512.25604	146
NC_045512.25605	124
NC_045512.25606	125
NC_045512.25607	126
NC_045512.25608	127
NC_045512.25609	144
NC_045512.25610	129
NC_045512.25611	130
NC_045512.25612	114
NC_045512.25613	132
NC_045512.25614	149
NC_045512.25615	134
NC_045512.25616	135
NC_045512.25617	136
NC_045512.25618	137
NC_045512.25619	138
NC_045512.25620	139
NC_045512.25621	140
NC_045512.25622	141
NC_045512.25623	142
NC_045512.25624	143
NC_045512.25625	148
NC_045512.25626	145
NC_045512.25627	146
NC_045512.25628	147
NC_045512.25629	148
NC_045512.25630	149
NC_045512.25631	149
NC_045512.25632	145
NC_045512.25633	146
NC_045512.25634	147
NC_045512.25635	149
NC_045512.25636	138
NC_045512.25637	150
NC_045512.25638	140
NC_045512.25639	141
NC_045512.25640	142
NC_045512.25641	143
NC_045512.25642	144
NC_045512.25643	145
NC_045512.25644	146
NC_045512.25645	147
NC_045512.25646	149
NC_045512.25647	149
NC_045512.25648	150
NC_045512.25649	150
NC_045512.25650	149
NC_045512.25651	146
NC_045512.25652	147
NC_045512.25653	150
NC_045512.25654	149
NC_045512.25655	150
NC_045512.25656	150
NC_045512.25657	150
NC_045512.25658	150
NC_045512.25659	150
NC_045512.25660	145
NC_045512.25661	146
NC_045512.25662	147
NC_045512.25663	150
NC_045512.25664	147
NC_045512.25665	146
NC_045512.25666	145
NC_045512.25667	150
NC_045512.25668	150
NC_045512.25669	150
NC_045512.25670	150
NC_045512.25671	150
NC_045512.25672	150
NC_045512.25673	150
NC_045512.25674	149
NC_045512.25675	150
NC_045512.25676	149
NC_045512.25677	149
NC_045512.25678	148
NC_045512.25679	147
NC_045512.25680	146
NC_045512.25681	145
NC_045512.25682	144
NC_045512.25683	143
NC_045512.25684	142
NC_045512.25685	148
NC_045512.25686	149
NC_045512.25687	149
NC_045512.25688	150
NC_045512.25689	150
NC_045512.25690	149
NC_045512.25691	150
NC_045512.25692	150
NC_045512.25693	149
NC_045512.25694	149
NC_045512.25695	147
NC_045512.25696	148
NC_045512.25697	149
NC_045512.25698	149
NC_045512.25699	149
NC_045512.25700	149
NC_045512.25701	149
NC_045512.25702	150
NC_045512.25703	147
NC_045512.25704	148
NC_045512.25705	147
NC_045512.25706	149
NC_045512.25707	150
NC_045512.25708	145
NC_045512.25709	150
NC_045512.25710	149
NC_045512.25711	150
NC_045512.25712	143
NC_045512.25713	144
NC_045512.25714	145
NC_045512.25715	146
NC_045512.25716	150
NC_045512.25717	148
NC_045512.25718	150
NC_045512.25719	150
NC_045512.25720	145
NC_045512.25721	146
NC_045512.25722	148
NC_045512.25723	148
NC_045512.25724	149
NC_045512.25725	150
NC_045512.25726	148
NC_045512.25727	150
NC_045512.25728	146
NC_045512.25729	145
NC_045512.25730	150
NC_045512.25731	148
NC_045512.25732	148
NC_045512.25733	150
NC_045512.25734	149
NC_045512.25735	139
NC_045512.25736	145
NC_045512.25737	147
NC_045512.25738	142
NC_045512.25739	144
NC_045512.25740	144
NC_045512.25741	142
NC_045512.25742	148
NC_045512.25743	149
NC_045512.25744	150
NC_045512.25745	149
NC_045512.25746	149
NC_045512.25747	146
NC_045512.25748	149
NC_045512.25749	144
NC_045512.25750	147
NC_045512.25751	145
NC_045512.25752	146
NC_045512.25753	147
NC_045512.25754	148
NC_045512.25755	149
NC_045512.25756	150
NC_045512.25757	150
NC_045512.25758	150
NC_045512.25759	150
NC_045512.25760	149
NC_045512.25761	149
NC_045512.25762	150
NC_045512.25763	150
NC_045512.25764	150
NC_045512.25765	150
NC_045512.25766	150
NC_045512.25767	150
NC_045512.25768	150
NC_045512.25769	150
NC_045512.25770	149
NC_045512.25771	148
NC_045512.25772	149
NC_045512.25773	150
NC_045512.25774	150
NC_045512.25775	150
NC_045512.25776	150
NC_045512.25777	150
NC_045512.25778	150
NC_045512.25779	149
NC_045512.25780	148
NC_045512.25781	149
NC_045512.25782	150
NC_045512.25783	150
NC_045512.25784	150
NC_045512.25785	150
NC_045512.25786	150
NC_045512.25787	149
NC_045512.25788	150
NC_045512.25789	150
NC_045512.25790	149
NC_045512.25791	150
NC_045512.25792	150
NC_045512.25793	147
NC_045512.25794	150
NC_045512.25795	150
NC_045512.25796	149
NC_045512.25797	149
NC_045512.25798	146
NC_045512.25799	147
NC_045512.25800	148
NC_045512.25801	150
NC_045512.25802	148
NC_045512.25803	149
NC_045512.25804	150
NC_045512.25805	149
NC_045512.25806	148
NC_045512.25807	145
NC_045512.25808	146
NC_045512.25809	146
NC_045512.25810	145
NC_045512.25811	150
NC_045512.25812	149
NC_045512.25813	148
NC_045512.25814	149
NC_045512.25815	150
NC_045512.25816	148
NC_045512.25817	147
NC_045512.25818	146
NC_045512.25819	145
NC_045512.25820	150
NC_045512.25821	150
NC_045512.25822	149
NC_045512.25823	146
NC_045512.25824	147
NC_045512.25825	148
NC_045512.25826	150
NC_045512.25827	149
NC_045512.25828	147
NC_045512.25829	146
NC_045512.25830	149
NC_045512.25831	150
NC_045512.25832	149
NC_045512.25833	150
NC_045512.25834	150
NC_045512.25835	148
NC_045512.25836	147
NC_045512.25837	146
NC_045512.25838	146
NC_045512.25839	148
NC_045512.25840	149
NC_045512.25841	147
NC_045512.25842	146
NC_045512.25843	145
NC_045512.25844	140
NC_045512.25845	143
NC_045512.25846	142
NC_045512.25847	141
NC_045512.25848	144
NC_045512.25849	145
NC_045512.25850	138
NC_045512.25851	145
NC_045512.25852	136
NC_045512.25853	143
NC_045512.25854	142
NC_045512.25855	150
NC_045512.25856	146
NC_045512.25857	149
NC_045512.25858	148
NC_045512.25859	146
NC_045512.25860	147
NC_045512.25861	149
NC_045512.25862	149
NC_045512.25863	147
NC_045512.25864	149
NC_045512.25865	145
NC_045512.25866	150
NC_045512.25867	139
NC_045512.25868	143
NC_045512.25869	144
NC_045512.25870	150
NC_045512.25871	149
NC_045512.25872	143
NC_045512.25873	143
NC_045512.25874	146
NC_045512.25875	141
NC_045512.25876	148
NC_045512.25877	149
NC_045512.25878	142
NC_045512.25879	142
NC_045512.25880	149
NC_045512.25881	150
NC_045512.25882	150
NC_045512.25883	149
NC_045512.25884	146
NC_045512.25885	146
NC_045512.25886	146
NC_045512.25887	147
NC_045512.25888	148
NC_045512.25889	150
NC_045512.25890	146
NC_045512.25891	144
NC_045512.25892	140
NC_045512.25893	150
NC_045512.25894	145
NC_045512.25895	147
NC_045512.25896	146
NC_045512.25897	145
NC_045512.25898	144
NC_045512.25899	149
NC_045512.25900	142
NC_045512.25901	147
NC_045512.25902	140
NC_045512.25903	139
NC_045512.25904	147
NC_045512.25905	134
NC_045512.25906	145
NC_045512.25907	146
NC_045512.25908	134
NC_045512.25909	146
NC_045512.25910	147
NC_045512.25911	150
NC_045512.25912	149
NC_045512.25913	148
NC_045512.25914	147
NC_045512.25915	146
NC_045512.25916	135
NC_045512.25917	149
NC_045512.25918	133
NC_045512.25919	148
NC_045512.25920	144
NC_045512.25921	146
NC_045512.25922	148
NC_045512.25923	149
NC_045512.25924	150
NC_045512.25925	149
NC_045512.25926	150
NC_045512.25927	148
NC_045512.25928	147
NC_045512.25929	146
NC_045512.25930	150
NC_045512.25931	150
NC_045512.25932	150
NC_045512.25933	149
NC_045512.25934	149
NC_045512.25935	150
NC_045512.25936	150
NC_045512.25937	150
NC_045512.25938	148
NC_045512.25939	149
NC_045512.25940	150
NC_045512.25941	149
NC_045512.25942	150
NC_045512.25943	149
NC_045512.25944	148
NC_045512.25945	147
NC_045512.25946	146
NC_045512.25947	145
NC_045512.25948	150
NC_045512.25949	143
NC_045512.25950	147
NC_045512.25951	149
NC_045512.25952	148
NC_045512.25953	139
NC_045512.25954	148
NC_045512.25955	140
NC_045512.25956	146
NC_045512.25957	142
NC_045512.25958	144
NC_045512.25959	144
NC_045512.25960	141
NC_045512.25961	146
NC_045512.25962	142
NC_045512.25963	146
NC_045512.25964	148
NC_045512.25965	142
NC_045512.25966	146
NC_045512.25967	150
NC_045512.25968	149
NC_045512.25969	150
NC_045512.25970	148
NC_045512.25971	149
NC_045512.25972	143
NC_045512.25973	149
NC_045512.25974	127
NC_045512.25975	149
NC_045512.25976	146
NC_045512.25977	147
NC_045512.25978	131
NC_045512.25979	149
NC_045512.25980	150
NC_045512.25981	134
NC_045512.25982	135
NC_045512.25983	136
NC_045512.25984	137
NC_045512.25985	150
NC_045512.25986	139
NC_045512.25987	140
NC_045512.25988	141
NC_045512.25989	142
NC_045512.25990	143
NC_045512.25991	144
NC_045512.25992	145
NC_045512.25993	146
NC_045512.25994	149
NC_045512.25995	149
NC_045512.25996	143
NC_045512.25997	143
NC_045512.25998	144
NC_045512.25999	145
NC_045512.26000	147
NC_045512.26001	147
NC_045512.26002	148
NC_045512.26003	150
NC_045512.26004	150
NC_045512.26005	149
NC_045512.26006	148
NC_045512.26007	149
NC_045512.26008	150
NC_045512.26009	150
NC_045512.26010	150
NC_045512.26011	150
NC_045512.26012	140
NC_045512.26013	141
NC_045512.26014	142
NC_045512.26015	143
NC_045512.26016	144
NC_045512.26017	145
NC_045512.26018	150
NC_045512.26019	148
NC_045512.26020	146
NC_045512.26021	147
NC_045512.26022	148
NC_045512.26023	149
NC_045512.26024	150
NC_045512.26025	150
NC_045512.26026	149
NC_045512.26027	148
NC_045512.26028	150
NC_045512.26029	149
NC_045512.26030	145
NC_045512.26031	147
NC_045512.26032	147
NC_045512.26033	148
NC_045512.26034	149
NC_045512.26035	150
NC_045512.26036	149
NC_045512.26037	144
NC_045512.26038	145
NC_045512.26039	150
NC_045512.26040	147
NC_045512.26041	150
NC_045512.26042	149
NC_045512.26043	150
NC_045512.26044	150
NC_045512.26045	149
NC_045512.26046	144
NC_045512.26047	145
NC_045512.26048	146
NC_045512.26049	147
NC_045512.26050	148
NC_045512.26051	150
NC_045512.26052	150
NC_045512.26053	150
NC_045512.26054	150
NC_045512.26055	149
NC_045512.26056	150
NC_045512.26057	149
NC_045512.26058	150
NC_045512.26059	150
NC_045512.26060	150
NC_045512.26061	149
NC_045512.26062	150
NC_045512.26063	150
NC_045512.26064	150
NC_045512.26065	148
NC_045512.26066	148
NC_045512.26067	149
NC_045512.26068	150
NC_045512.26069	149
NC_045512.26070	147
NC_045512.26071	149
NC_045512.26072	150
NC_045512.26073	150
NC_045512.26074	150
NC_045512.26075	149
NC_045512.26076	150
NC_045512.26077	149
NC_045512.26078	150
NC_045512.26079	149
NC_045512.26080	148
NC_045512.26081	149
NC_045512.26082	150
NC_045512.26083	149
NC_045512.26084	150
NC_045512.26085	150
NC_045512.26086	150
NC_045512.26087	149
NC_045512.26088	145
NC_045512.26089	146
NC_045512.26090	147
NC_045512.26091	148
NC_045512.26092	149
NC_045512.26093	150
NC_045512.26094	150
NC_045512.26095	150
NC_045512.26096	149
NC_045512.26097	150
NC_045512.26098	145
NC_045512.26099	146
NC_045512.26100	147
NC_045512.26101	148
NC_045512.26102	150
NC_045512.26103	150
NC_045512.26104	149
NC_045512.26105	150
NC_045512.26106	149
NC_045512.26107	150
NC_045512.26108	150
NC_045512.26109	149
NC_045512.26110	150
NC_045512.26111	150
NC_045512.26112	150
NC_045512.26113	149
NC_045512.26114	150
NC_045512.26115	150
NC_045512.26116	150
NC_045512.26117	150
NC_045512.26118	149
NC_045512.26119	148
NC_045512.26120	147
NC_045512.26121	150
NC_045512.26122	145
NC_045512.26123	150
NC_045512.26124	150
NC_045512.26125	149
NC_045512.26126	150
NC_045512.26127	150
NC_045512.26128	149
NC_045512.26129	149
NC_045512.26130	150
NC_045512.26131	150
NC_045512.26132	150
NC_045512.26133	149
NC_045512.26134	150
NC_045512.26135	150
NC_045512.26136	150
NC_045512.26137	149
NC_045512.26138	150
NC_045512.26139	149
NC_045512.26140	148
NC_045512.26141	147
NC_045512.26142	149
NC_045512.26143	150
NC_045512.26144	150
NC_045512.26145	149
NC_045512.26146	149
NC_045512.26147	150
NC_045512.26148	150
NC_045512.26149	150
NC_045512.26150	150
NC_045512.26151	150
NC_045512.26152	148
NC_045512.26153	150
NC_045512.26154	149
NC_045512.26155	149
NC_045512.26156	150
NC_045512.26157	149
NC_045512.26158	148
NC_045512.26159	147
NC_045512.26160	142
NC_045512.26161	143
NC_045512.26162	144
NC_045512.26163	145
NC_045512.26164	146
NC_045512.26165	147
NC_045512.26166	148
NC_045512.26167	149
NC_045512.26168	150
NC_045512.26169	150
NC_045512.26170	150
NC_045512.26171	150
NC_045512.26172	150
NC_045512.26173	150
NC_045512.26174	150
NC_045512.26175	150
NC_045512.26176	150
NC_045512.26177	150
NC_045512.26178	150
NC_045512.26179	150
NC_045512.26180	150
NC_045512.26181	150
NC_045512.26182	148
NC_045512.26183	147
NC_045512.26184	146
NC_045512.26185	145
NC_045512.26186	150
NC_045512.26187	150
NC_045512.26188	150
NC_045512.26189	150
NC_045512.26190	150
NC_045512.26191	150
NC_045512.26192	150
NC_045512.26193	149
NC_045512.26194	150
NC_045512.26195	150
NC_045512.26196	150
NC_045512.26197	150
NC_045512.26198	149
NC_045512.26199	148
NC_045512.26200	150
NC_045512.26201	149
NC_045512.26202	149
NC_045512.26203	148
NC_045512.26204	147
NC_045512.26205	150
NC_045512.26206	149
NC_045512.26207	148
NC_045512.26208	147
NC_045512.26209	147
NC_045512.26210	148
NC_045512.26211	149
NC_045512.26212	150
NC_045512.26213	149
NC_045512.26214	148
NC_045512.26215	147
NC_045512.26216	148
NC_045512.26217	149
NC_045512.26218	150
NC_045512.26219	150
NC_045512.26220	150
NC_045512.26221	150
NC_045512.26222	149
NC_045512.26223	150
NC_045512.26224	150
NC_045512.26225	150
NC_045512.26226	145
NC_045512.26227	150
NC_045512.26228	145
NC_045512.26229	146
NC_045512.26230	147
NC_045512.26231	148
NC_045512.26232	149
NC_045512.26233	150
NC_045512.26234	149
NC_045512.26235	148
NC_045512.26236	149
NC_045512.26237	150
NC_045512.26238	149
NC_045512.26239	148
NC_045512.26240	147
NC_045512.26241	148
NC_045512.26242	149
NC_045512.26243	150
NC_045512.26244	149
NC_045512.26245	148
NC_045512.26246	147
NC_045512.26247	146
NC_045512.26248	145
NC_045512.26249	144
NC_045512.26250	149
NC_045512.26251	148
NC_045512.26252	150
NC_045512.26253	149
NC_045512.26254	150
NC_045512.26255	149
NC_045512.26256	145
NC_045512.26257	146
NC_045512.26258	147
NC_045512.26259	148
NC_045512.26260	149
NC_045512.26261	150
NC_045512.26262	150
NC_045512.26263	145
NC_045512.26264	146
NC_045512.26265	150
NC_045512.26266	150
NC_045512.26267	149
NC_045512.26268	149
NC_045512.26269	150
NC_045512.26270	150
NC_045512.26271	150
NC_045512.26272	150
NC_045512.26273	149
NC_045512.26274	148
NC_045512.26275	150
NC_045512.26276	150
NC_045512.26277	150
NC_045512.26278	145
NC_045512.26279	150
NC_045512.26280	149
NC_045512.26281	150
NC_045512.26282	150
NC_045512.26283	150
NC_045512.26284	149
NC_045512.26285	148
NC_045512.26286	147
NC_045512.26287	148
NC_045512.26288	149
NC_045512.26289	150
NC_045512.26290	149
NC_045512.26291	150
NC_045512.26292	149
NC_045512.26293	148
NC_045512.26294	147
NC_045512.26295	148
NC_045512.26296	149
NC_045512.26297	150
NC_045512.26298	149
NC_045512.26299	149
NC_045512.26300	148
NC_045512.26301	149
NC_045512.26302	147
NC_045512.26303	149
NC_045512.26304	149
NC_045512.26305	149
NC_045512.26306	150
NC_045512.26307	150
NC_045512.26308	149
NC_045512.26309	149
NC_045512.26310	149
NC_045512.26311	149
NC_045512.26312	150
NC_045512.26313	150
NC_045512.26314	150
NC_045512.26315	150
NC_045512.26316	150
NC_045512.26317	150
NC_045512.26318	150
NC_045512.26319	149
NC_045512.26320	150
NC_045512.26321	150
NC_045512.26322	149
NC_045512.26323	150
NC_045512.26324	150
NC_045512.26325	150
NC_045512.26326	145
NC_045512.26327	146
NC_045512.26328	150
NC_045512.26329	150
NC_045512.26330	148
NC_045512.26331	149
NC_045512.26332	150
NC_045512.26333	150
NC_045512.26334	150
NC_045512.26335	150
NC_045512.26336	150
NC_045512.26337	150
NC_045512.26338	150
NC_045512.26339	150
NC_045512.26340	150
NC_045512.26341	150
NC_045512.26342	150
NC_045512.26343	149
NC_045512.26344	150
NC_045512.26345	150
NC_045512.26346	150
NC_045512.26347	150
NC_045512.26348	149
NC_045512.26349	148
NC_045512.26350	148
NC_045512.26351	149
NC_045512.26352	150
NC_045512.26353	149
NC_045512.26354	148
NC_045512.26355	147
NC_045512.26356	147
NC_045512.26357	148
NC_045512.26358	149
NC_045512.26359	150
NC_045512.26360	149
NC_045512.26361	149
NC_045512.26362	150
NC_045512.26363	149
NC_045512.26364	148
NC_045512.26365	147
NC_045512.26366	148
NC_045512.26367	149
NC_045512.26368	150
NC_045512.26369	149
NC_045512.26370	150
NC_045512.26371	150
NC_045512.26372	150
NC_045512.26373	150
NC_045512.26374	149
NC_045512.26375	150
NC_045512.26376	150
NC_045512.26377	150
NC_045512.26378	148
NC_045512.26379	150
NC_045512.26380	146
NC_045512.26381	145
NC_045512.26382	144
NC_045512.26383	143
NC_045512.26384	142
NC_045512.26385	141
NC_045512.26386	140
NC_045512.26387	139
NC_045512.26388	138
NC_045512.26389	137
NC_045512.26390	136
NC_045512.26391	135
NC_045512.26392	150
NC_045512.26393	133
NC_045512.26394	132
NC_045512.26395	131
NC_045512.26396	130
NC_045512.26397	129
NC_045512.26398	150
NC_045512.26399	127
NC_045512.26400	149
NC_045512.26401	148
NC_045512.26402	149
NC_045512.26403	146
NC_045512.26404	150
NC_045512.26405	150
NC_045512.26406	150
NC_045512.26407	150
NC_045512.26408	148
NC_045512.26409	148
NC_045512.26410	148
NC_045512.26411	145
NC_045512.26412	150
NC_045512.26413	150
NC_045512.26414	146
NC_045512.26415	150
NC_045512.26416	149
NC_045512.26417	149
NC_045512.26418	150
NC_045512.26419	150
NC_045512.26420	150
NC_045512.26421	150
NC_045512.26422	149
NC_045512.26423	148
NC_045512.26424	149
NC_045512.26425	150
NC_045512.26426	150
NC_045512.26427	150
NC_045512.26428	150
NC_045512.26429	150
NC_045512.26430	150
NC_045512.26431	150
NC_045512.26432	150
NC_045512.26433	150
NC_045512.26434	150
NC_045512.26435	150
NC_045512.26436	150
NC_045512.26437	149
NC_045512.26438	150
NC_045512.26439	150
NC_045512.26440	150
NC_045512.26441	150
NC_045512.26442	149
NC_045512.26443	148
NC_045512.26444	147
NC_045512.26445	146
NC_045512.26446	145
NC_045512.26447	150
NC_045512.26448	150
NC_045512.26449	150
NC_045512.26450	150
NC_045512.26451	150
NC_045512.26452	150
NC_045512.26453	145
NC_045512.26454	146
NC_045512.26455	147
NC_045512.26456	148
NC_045512.26457	149
NC_045512.26458	150
NC_045512.26459	150
NC_045512.26460	150
NC_045512.26461	150
NC_045512.26462	150
NC_045512.26463	150
NC_045512.26464	150
NC_045512.26465	150
NC_045512.26466	150
NC_045512.26467	150
NC_045512.26468	150
NC_045512.26469	150
NC_045512.26470	150
NC_045512.26471	150
NC_045512.26472	150
NC_045512.26473	150
NC_045512.26474	149
NC_045512.26475	148
NC_045512.26476	150
NC_045512.26477	150
NC_045512.26478	145
NC_045512.26479	150
NC_045512.26480	150
NC_045512.26481	150
NC_045512.26482	149
NC_045512.26483	150
NC_045512.26484	150
NC_045512.26485	150
NC_045512.26486	150
NC_045512.26487	150
NC_045512.26488	150
NC_045512.26489	150
NC_045512.26490	150
NC_045512.26491	150
NC_045512.26492	150
NC_045512.26493	150
NC_045512.26494	150
NC_045512.26495	149
NC_045512.26496	150
NC_045512.26497	147
NC_045512.26498	144
NC_045512.26499	145
NC_045512.26500	142
NC_045512.26501	143
NC_045512.26502	143
NC_045512.26503	141
NC_045512.26504	133
NC_045512.26505	150
NC_045512.26506	150
NC_045512.26507	147
NC_045512.26508	150
NC_045512.26509	126
NC_045512.26510	134
NC_045512.26511	124
NC_045512.26512	144
NC_045512.26513	143
NC_045512.26514	148
NC_045512.26515	132
NC_045512.26516	150
NC_045512.26517	139
NC_045512.26518	135
NC_045512.26519	137
NC_045512.26520	127
NC_045512.26521	138
NC_045512.26522	139
NC_045512.26523	135
NC_045512.26524	123
NC_045512.26525	142
NC_045512.26526	143
NC_045512.26527	144
NC_045512.26528	145
NC_045512.26529	146
NC_045512.26530	145
NC_045512.26531	144
NC_045512.26532	146
NC_045512.26533	148
NC_045512.26534	148
NC_045512.26535	147
NC_045512.26536	150
NC_045512.26537	148
NC_045512.26538	145
NC_045512.26539	144
NC_045512.26540	144
NC_045512.26541	148
NC_045512.26542	150
NC_045512.26543	147
NC_045512.26544	146
NC_045512.26545	143
NC_045512.26546	144
NC_045512.26547	150
NC_045512.26548	142
NC_045512.26549	150
NC_045512.26550	140
NC_045512.26551	139
NC_045512.26552	149
NC_045512.26553	137
NC_045512.26554	148
NC_045512.26555	149
NC_045512.26556	145
NC_045512.26557	133
NC_045512.26558	144
NC_045512.26559	131
NC_045512.26560	144
NC_045512.26561	140
NC_045512.26562	142
NC_045512.26598	140
NC_045512.26599	149
NC_045512.26600	144
NC_045512.26601	145
NC_045512.26602	146
NC_045512.26603	145
NC_045512.26604	148
NC_045512.26605	149
NC_045512.26606	149
NC_045512.26607	145
NC_045512.26608	143
NC_045512.26609	149
NC_045512.26610	142
NC_045512.26611	141
NC_045512.26612	140
NC_045512.26613	150
NC_045512.26614	138
NC_045512.26615	137
NC_045512.26616	150
NC_045512.26617	135
NC_045512.26618	147
NC_045512.26619	145
NC_045512.26620	146
NC_045512.26621	146
NC_045512.26622	148
NC_045512.26623	148
NC_045512.26624	148
NC_045512.26625	148
NC_045512.26626	150
NC_045512.26627	148
NC_045512.26628	148
NC_045512.26629	134
NC_045512.26630	141
NC_045512.26631	132
NC_045512.26632	137
NC_045512.26633	144
NC_045512.26634	139
NC_045512.26635	140
NC_045512.26636	141
NC_045512.26637	148
NC_045512.26638	149
NC_045512.26639	144
NC_045512.26640	145
NC_045512.26641	146
NC_045512.26642	150
NC_045512.26643	147
NC_045512.26644	150
NC_045512.26645	145
NC_045512.26646	150
NC_045512.26647	146
NC_045512.26648	149
NC_045512.26649	150
NC_045512.26650	143
NC_045512.26651	144
NC_045512.26652	145
NC_045512.26653	150
NC_045512.26654	147
NC_045512.26655	148
NC_045512.26656	150
NC_045512.26657	144
NC_045512.26658	148
NC_045512.26659	147
NC_045512.26660	140
NC_045512.26661	145
NC_045512.26662	144
NC_045512.26663	143
NC_045512.26664	142
NC_045512.26665	145
NC_045512.26666	149
NC_045512.26667	147
NC_045512.26668	148
NC_045512.26669	146
NC_045512.26670	147
NC_045512.26671	148
NC_045512.26672	148
NC_045512.26673	150
NC_045512.26674	149
NC_045512.26675	145
NC_045512.26676	147
NC_045512.26677	147
NC_045512.26678	146
NC_045512.26679	145
NC_045512.26680	144
NC_045512.26681	143
NC_045512.26682	142
NC_045512.26683	150
NC_045512.26684	138
NC_045512.26685	139
NC_045512.26686	139
NC_045512.26687	146
NC_045512.26688	142
NC_045512.26689	140
NC_045512.26690	143
NC_045512.26691	145
NC_045512.26692	146
NC_045512.26693	143
NC_045512.26694	143
NC_045512.26695	149
NC_045512.26696	150
NC_045512.26697	142
NC_045512.26698	141
NC_045512.26699	140
NC_045512.26700	139
NC_045512.26701	150
NC_045512.26702	137
NC_045512.26703	150
NC_045512.26704	149
NC_045512.26705	150
NC_045512.26706	149
NC_045512.26707	150
NC_045512.26708	150
NC_045512.26709	148
NC_045512.26710	147
NC_045512.26711	146
NC_045512.26712	145
NC_045512.26713	144
NC_045512.26714	143
NC_045512.26715	142
NC_045512.26716	141
NC_045512.26717	140
NC_045512.26718	150
NC_045512.26719	149
NC_045512.26720	150
NC_045512.26721	149
NC_045512.26722	147
NC_045512.26723	150
NC_045512.26724	133
NC_045512.26725	148
NC_045512.26726	147
NC_045512.26727	146
NC_045512.26728	148
NC_045512.26729	150
NC_045512.26730	145
NC_045512.26731	147
NC_045512.26732	144
NC_045512.26733	147
NC_045512.26734	147
NC_045512.26735	146
NC_045512.26736	145
NC_045512.26737	144
NC_045512.26738	149
NC_045512.26739	142
NC_045512.26740	141
NC_045512.26741	140
NC_045512.26742	150
NC_045512.26743	138
NC_045512.26744	148
NC_045512.26745	147
NC_045512.26746	147
NC_045512.26747	141
NC_045512.26748	142
NC_045512.26749	143
NC_045512.26750	144
NC_045512.26751	125
NC_045512.26752	137
NC_045512.26753	148
NC_045512.26754	148
NC_045512.26755	148
NC_045512.26756	137
NC_045512.26757	148
NC_045512.26758	148
NC_045512.26759	148
NC_045512.26760	148
NC_045512.26761	150
NC_045512.26762	145
NC_045512.26763	149
NC_045512.26764	149
NC_045512.26765	149
NC_045512.26766	115
NC_045512.26767	148
NC_045512.26768	148
NC_045512.26769	143
NC_045512.26770	142
NC_045512.26771	119
NC_045512.26772	118
NC_045512.26773	149
NC_045512.26774	150
NC_045512.26775	150
NC_045512.26776	149
NC_045512.26777	150
NC_045512.26778	148
NC_045512.26779	147
NC_045512.26780	143
NC_045512.26781	145
NC_045512.26782	144
NC_045512.26783	140
NC_045512.26784	125
NC_045512.26785	105
NC_045512.26786	124
NC_045512.26787	139
NC_045512.26788	113
NC_045512.26789	141
NC_045512.26790	100
NC_045512.26791	99
NC_045512.26792	146
NC_045512.26793	82
NC_045512.26794	119
NC_045512.26795	138
NC_045512.26796	85
NC_045512.26797	129
NC_045512.26798	148
NC_045512.26799	88
NC_045512.26800	85
NC_045512.26801	90
NC_045512.26802	91
NC_045512.26803	135
NC_045512.26804	130
NC_045512.26805	138
NC_045512.26806	147
NC_045512.26807	132
NC_045512.26808	149
NC_045512.26809	150
NC_045512.26810	135
NC_045512.26811	136
NC_045512.26812	137
NC_045512.26813	138
NC_045512.26814	139
NC_045512.26815	140
NC_045512.26816	123
NC_045512.26817	142
NC_045512.26818	125
NC_045512.26819	126
NC_045512.26820	145
NC_045512.26821	146
NC_045512.26822	129
NC_045512.26823	149
NC_045512.26824	142
NC_045512.26825	131
NC_045512.26826	133
NC_045512.26827	127
NC_045512.26828	134
NC_045512.26829	136
NC_045512.26830	137
NC_045512.26831	149
NC_045512.26832	139
NC_045512.26833	140
NC_045512.26834	141
NC_045512.26835	149
NC_045512.26836	141
NC_045512.26837	147
NC_045512.26838	145
NC_045512.26839	146
NC_045512.26840	144
NC_045512.26841	143
NC_045512.26842	142
NC_045512.26843	145
NC_045512.26844	133
NC_045512.26845	134
NC_045512.26846	148
NC_045512.26847	147
NC_045512.26848	137
NC_045512.26849	149
NC_045512.26850	139
NC_045512.26851	140
NC_045512.26852	141
NC_045512.26853	142
NC_045512.26854	143
NC_045512.26855	143
NC_045512.26856	145
NC_045512.26857	146
NC_045512.26858	147
NC_045512.26859	146
NC_045512.26860	149
NC_045512.26861	149
NC_045512.26862	150
NC_045512.26863	148
NC_045512.26864	148
NC_045512.26865	150
NC_045512.26866	149
NC_045512.26867	150
NC_045512.26868	149
NC_045512.26869	148
NC_045512.26870	148
NC_045512.26871	148
NC_045512.26872	149
NC_045512.26873	138
NC_045512.26874	139
NC_045512.26875	140
NC_045512.26876	141
NC_045512.26877	142
NC_045512.26878	150
NC_045512.26879	150
NC_045512.26880	145
NC_045512.26881	146
NC_045512.26882	147
NC_045512.26883	147
NC_045512.26884	150
NC_045512.26885	150
NC_045512.26886	150
NC_045512.26887	150
NC_045512.26888	150
NC_045512.26889	145
NC_045512.26890	146
NC_045512.26891	147
NC_045512.26892	148
NC_045512.26893	150
NC_045512.26894	150
NC_045512.26895	150
NC_045512.26896	150
NC_045512.26897	150
NC_045512.26898	150
NC_045512.26899	150
NC_045512.26900	149
NC_045512.26901	150
NC_045512.26902	149
NC_045512.26903	150
NC_045512.26904	149
NC_045512.26905	149
NC_045512.26906	150
NC_045512.26907	149
NC_045512.26908	148
NC_045512.26909	147
NC_045512.26910	146
NC_045512.26911	146
NC_045512.26912	147
NC_045512.26913	148
NC_045512.26914	149
NC_045512.26915	150
NC_045512.26916	149
NC_045512.26917	148
NC_045512.26918	147
NC_045512.26919	142
NC_045512.26920	143
NC_045512.26921	144
NC_045512.26922	145
NC_045512.26923	150
NC_045512.26924	146
NC_045512.26925	145
NC_045512.26926	144
NC_045512.26927	143
NC_045512.26928	142
NC_045512.26929	141
NC_045512.26930	150
NC_045512.26931	139
NC_045512.26932	149
NC_045512.26933	150
NC_045512.26934	149
NC_045512.26935	150
NC_045512.26936	149
NC_045512.26937	148
NC_045512.26938	147
NC_045512.26939	146
NC_045512.26940	145
NC_045512.26941	145
NC_045512.26942	146
NC_045512.26943	147
NC_045512.26944	148
NC_045512.26945	149
NC_045512.26946	150
NC_045512.26947	149
NC_045512.26948	150
NC_045512.26949	149
NC_045512.26950	148
NC_045512.26951	147
NC_045512.26952	146
NC_045512.26953	146
NC_045512.26954	147
NC_045512.26955	148
NC_045512.26956	149
NC_045512.26957	150
NC_045512.26958	150
NC_045512.26959	150
NC_045512.26960	150
NC_045512.26961	150
NC_045512.26962	149
NC_045512.26963	150
NC_045512.26964	149
NC_045512.26965	149
NC_045512.26966	150
NC_045512.26967	150
NC_045512.26968	148
NC_045512.26969	148
NC_045512.26970	149
NC_045512.26971	150
NC_045512.26972	150
NC_045512.26973	149
NC_045512.26974	150
NC_045512.26975	150
NC_045512.26976	150
NC_045512.26977	149
NC_045512.26978	150
NC_045512.26979	148
NC_045512.26980	147
NC_045512.26981	146
NC_045512.26982	145
NC_045512.26983	150
NC_045512.26984	150
NC_045512.26985	148
NC_045512.26986	147
NC_045512.26987	146
NC_045512.26988	145
NC_045512.26989	144
NC_045512.26990	143
NC_045512.26991	142
NC_045512.26992	141
NC_045512.26993	140
NC_045512.26994	139
NC_045512.26995	138
NC_045512.26996	137
NC_045512.26997	150
NC_045512.26998	135
NC_045512.26999	150
NC_045512.27000	149
NC_045512.27001	150
NC_045512.27002	149
NC_045512.27003	150
NC_045512.27004	150
NC_045512.27005	149
NC_045512.27006	148
NC_045512.27007	149
NC_045512.27008	146
NC_045512.27009	150
NC_045512.27010	149
NC_045512.27011	149
NC_045512.27012	146
NC_045512.27013	149
NC_045512.27014	149
NC_045512.27015	148
NC_045512.27016	148
NC_045512.27017	149
NC_045512.27018	150
NC_045512.27019	150
NC_045512.27020	149
NC_045512.27021	149
NC_045512.27022	149
NC_045512.27023	149
NC_045512.27024	150
NC_045512.27025	149
NC_045512.27026	148
NC_045512.27027	148
NC_045512.27028	149
NC_045512.27029	150
NC_045512.27030	149
NC_045512.27031	149
NC_045512.27032	150
NC_045512.27033	149
NC_045512.27034	150
NC_045512.27035	150
NC_045512.27036	150
NC_045512.27037	149
NC_045512.27038	150
NC_045512.27039	150
NC_045512.27040	150
NC_045512.27041	149
NC_045512.27042	148
NC_045512.27043	149
NC_045512.27044	148
NC_045512.27045	150
NC_045512.27046	150
NC_045512.27047	150
NC_045512.27048	149
NC_045512.27049	148
NC_045512.27050	147
NC_045512.27051	146
NC_045512.27052	144
NC_045512.27053	146
NC_045512.27054	147
NC_045512.27055	145
NC_045512.27056	149
NC_045512.27057	150
NC_045512.27058	150
NC_045512.27059	149
NC_045512.27060	150
NC_045512.27061	149
NC_045512.27062	149
NC_045512.27063	150
NC_045512.27064	140
NC_045512.27065	141
NC_045512.27066	142
NC_045512.27067	143
NC_045512.27068	144
NC_045512.27069	145
NC_045512.27070	146
NC_045512.27071	147
NC_045512.27072	148
NC_045512.27073	150
NC_045512.27074	150
NC_045512.27075	149
NC_045512.27076	150
NC_045512.27077	148
NC_045512.27078	147
NC_045512.27079	146
NC_045512.27080	145
NC_045512.27081	149
NC_045512.27082	150
NC_045512.27083	149
NC_045512.27084	150
NC_045512.27085	150
NC_045512.27086	150
NC_045512.27087	145
NC_045512.27088	146
NC_045512.27089	147
NC_045512.27090	150
NC_045512.27091	150
NC_045512.27092	149
NC_045512.27093	150
NC_045512.27094	149
NC_045512.27095	150
NC_045512.27096	149
NC_045512.27097	150
NC_045512.27098	149
NC_045512.27099	150
NC_045512.27100	144
NC_045512.27101	148
NC_045512.27102	145
NC_045512.27103	146
NC_045512.27104	147
NC_045512.27105	145
NC_045512.27106	145
NC_045512.27107	150
NC_045512.27108	147
NC_045512.27109	149
NC_045512.27110	150
NC_045512.27111	150
NC_045512.27112	150
NC_045512.27113	150
NC_045512.27114	150
NC_045512.27115	148
NC_045512.27116	128
NC_045512.27117	129
NC_045512.27118	130
NC_045512.27119	131
NC_045512.27120	132
NC_045512.27121	133
NC_045512.27122	134
NC_045512.27123	135
NC_045512.27124	136
NC_045512.27125	137
NC_045512.27126	138
NC_045512.27127	139
NC_045512.27128	140
NC_045512.27129	141
NC_045512.27130	150
NC_045512.27131	149
NC_045512.27132	148
NC_045512.27133	142
NC_045512.27134	146
NC_045512.27135	145
NC_045512.27136	144
NC_045512.27137	143
NC_045512.27138	142
NC_045512.27139	141
NC_045512.27140	147
NC_045512.27141	148
NC_045512.27142	150
NC_045512.27143	149
NC_045512.27144	150
NC_045512.27145	150
NC_045512.27146	150
NC_045512.27147	149
NC_045512.27148	148
NC_045512.27149	147
NC_045512.27150	146
NC_045512.27151	145
NC_045512.27152	144
NC_045512.27153	143
NC_045512.27154	149
NC_045512.27155	150
NC_045512.27156	149
NC_045512.27157	148
NC_045512.27158	138
NC_045512.27159	146
NC_045512.27160	150
NC_045512.27161	149
NC_045512.27162	150
NC_045512.27163	149
NC_045512.27164	149
NC_045512.27165	150
NC_045512.27166	149
NC_045512.27167	149
NC_045512.27168	148
NC_045512.27169	147
NC_045512.27170	149
NC_045512.27171	149
NC_045512.27172	149
NC_045512.27173	148
NC_045512.27174	149
NC_045512.27175	148
NC_045512.27176	146
NC_045512.27177	149
NC_045512.27178	150
NC_045512.27179	148
NC_045512.27180	147
NC_045512.27181	146
NC_045512.27182	145
NC_045512.27183	144
NC_045512.27184	143
NC_045512.27185	142
NC_045512.27186	147
NC_045512.27187	149
NC_045512.27188	146
NC_045512.27189	147
NC_045512.27190	149
NC_045512.27191	148
NC_045512.27192	149
NC_045512.27193	148
NC_045512.27194	149
NC_045512.27195	150
NC_045512.27196	149
NC_045512.27197	142
NC_045512.27198	149
NC_045512.27199	131
NC_045512.27200	145
NC_045512.27201	144
NC_045512.27202	143
NC_045512.27203	145
NC_045512.27204	146
NC_045512.27205	147
NC_045512.27206	148
NC_045512.27207	150
NC_045512.27208	149
NC_045512.27209	149
NC_045512.27210	150
NC_045512.27211	149
NC_045512.27212	148
NC_045512.27213	149
NC_045512.27214	150
NC_045512.27215	150
NC_045512.27216	149
NC_045512.27217	150
NC_045512.27218	150
NC_045512.27219	150
NC_045512.27220	150
NC_045512.27221	145
NC_045512.27222	146
NC_045512.27223	147
NC_045512.27224	148
NC_045512.27225	149
NC_045512.27226	150
NC_045512.27227	149
NC_045512.27228	150
NC_045512.27229	150
NC_045512.27230	150
NC_045512.27231	149
NC_045512.27232	150
NC_045512.27233	150
NC_045512.27234	149
NC_045512.27235	148
NC_045512.27236	147
NC_045512.27237	148
NC_045512.27238	149
NC_045512.27239	150
NC_045512.27240	150
NC_045512.27241	149
NC_045512.27242	148
NC_045512.27243	148
NC_045512.27244	150
NC_045512.27245	148
NC_045512.27246	150
NC_045512.27247	149
NC_045512.27248	149
NC_045512.27249	149
NC_045512.27250	147
NC_045512.27251	145
NC_045512.27252	145
NC_045512.27253	145
NC_045512.27254	148
NC_045512.27255	150
NC_045512.27256	149
NC_045512.27257	150
NC_045512.27258	148
NC_045512.27259	142
NC_045512.27260	141
NC_045512.27261	142
NC_045512.27262	145
NC_045512.27263	149
NC_045512.27264	145
NC_045512.27265	145
NC_045512.27266	147
NC_045512.27267	148
NC_045512.27268	147
NC_045512.27269	150
NC_045512.27270	150
NC_045512.27271	146
NC_045512.27272	145
NC_045512.27273	144
NC_045512.27274	143
NC_045512.27275	149
NC_045512.27276	150
NC_045512.27277	149
NC_045512.27278	150
NC_045512.27279	144
NC_045512.27280	145
NC_045512.27281	144
NC_045512.27282	146
NC_045512.27283	148
NC_045512.27284	144
NC_045512.27285	150
NC_045512.27286	149
NC_045512.27287	148
NC_045512.27288	149
NC_045512.27289	142
NC_045512.27290	143
NC_045512.27291	150
NC_045512.27292	150
NC_045512.27293	149
NC_045512.27294	147
NC_045512.27295	148
NC_045512.27296	150
NC_045512.27297	148
NC_045512.27298	149
NC_045512.27299	143
NC_045512.27300	144
NC_045512.27301	145
NC_045512.27302	146
NC_045512.27303	149
NC_045512.27304	149
NC_045512.27305	143
NC_045512.27306	144
NC_045512.27307	145
NC_045512.27308	146
NC_045512.27309	147
NC_045512.27310	148
NC_045512.27311	149
NC_045512.27312	150
NC_045512.27313	149
NC_045512.27314	150
NC_045512.27315	150
NC_045512.27316	150
NC_045512.27317	150
NC_045512.27318	149
NC_045512.27319	150
NC_045512.27320	150
NC_045512.27321	150
NC_045512.27322	150
NC_045512.27323	145
NC_045512.27324	146
NC_045512.27325	147
NC_045512.27326	150
NC_045512.27327	149
NC_045512.27328	150
NC_045512.27329	149
NC_045512.27330	150
NC_045512.27331	149
NC_045512.27332	149
NC_045512.27333	150
NC_045512.27334	150
NC_045512.27335	149
NC_045512.27336	148
NC_045512.27337	149
NC_045512.27338	150
NC_045512.27339	149
NC_045512.27340	148
NC_045512.27341	149
NC_045512.27342	150
NC_045512.27343	150
NC_045512.27344	150
NC_045512.27345	150
NC_045512.27346	149
NC_045512.27347	150
NC_045512.27348	149
NC_045512.27349	150
NC_045512.27350	149
NC_045512.27351	148
NC_045512.27352	149
NC_045512.27353	150
NC_045512.27354	150
NC_045512.27355	149
NC_045512.27356	150
NC_045512.27357	149
NC_045512.27358	149
NC_045512.27359	150
NC_045512.27360	150
NC_045512.27361	150
NC_045512.27362	146
NC_045512.27363	145
NC_045512.27364	144
NC_045512.27365	143
NC_045512.27366	142
NC_045512.27367	141
NC_045512.27368	140
NC_045512.27369	150
NC_045512.27370	150
NC_045512.27371	150
NC_045512.27372	150
NC_045512.27373	150
NC_045512.27374	150
NC_045512.27375	149
NC_045512.27376	149
NC_045512.27377	150
NC_045512.27378	149
NC_045512.27379	150
NC_045512.27380	149
NC_045512.27381	149
NC_045512.27382	150
NC_045512.27383	149
NC_045512.27384	149
NC_045512.27385	148
NC_045512.27386	147
NC_045512.27387	149
NC_045512.27388	150
NC_045512.27389	150
NC_045512.27390	150
NC_045512.27391	150
NC_045512.27392	149
NC_045512.27393	149
NC_045512.27394	148
NC_045512.27395	149
NC_045512.27396	150
NC_045512.27397	149
NC_045512.27398	150
NC_045512.27399	150
NC_045512.27400	149
NC_045512.27401	150
NC_045512.27402	149
NC_045512.27403	150
NC_045512.27404	149
NC_045512.27405	150
NC_045512.27406	149
NC_045512.27407	150
NC_045512.27408	150
NC_045512.27409	150
NC_045512.27410	149
NC_045512.27411	150
NC_045512.27412	149
NC_045512.27413	145
NC_045512.27414	150
NC_045512.27415	147
NC_045512.27416	148
NC_045512.27417	149
NC_045512.27418	150
NC_045512.27419	149
NC_045512.27420	150
NC_045512.27421	150
NC_045512.27422	150
NC_045512.27423	150
NC_045512.27424	145
NC_045512.27425	146
NC_045512.27426	147
NC_045512.27427	148
NC_045512.27428	149
NC_045512.27429	150
NC_045512.27430	149
NC_045512.27431	150
NC_045512.27432	149
NC_045512.27433	149
NC_045512.27434	150
NC_045512.27435	150
NC_045512.27436	149
NC_045512.27437	149
NC_045512.27438	150
NC_045512.27439	150
NC_045512.27440	150
NC_045512.27441	149
NC_045512.27442	148
NC_045512.27443	147
NC_045512.27444	148
NC_045512.27445	149
NC_045512.27446	150
NC_045512.27447	150
NC_045512.27448	150
NC_045512.27449	150
NC_045512.27450	150
NC_045512.27451	148
NC_045512.27452	147
NC_045512.27453	146
NC_045512.27454	145
NC_045512.27455	144
NC_045512.27456	143
NC_045512.27457	142
NC_045512.27458	141
NC_045512.27459	140
NC_045512.27460	150
NC_045512.27461	150
NC_045512.27462	150
NC_045512.27463	150
NC_045512.27464	149
NC_045512.27465	150
NC_045512.27466	150
NC_045512.27467	150
NC_045512.27468	150
NC_045512.27469	150
NC_045512.27470	149
NC_045512.27471	149
NC_045512.27472	150
NC_045512.27473	150
NC_045512.27474	148
NC_045512.27475	149
NC_045512.27476	150
NC_045512.27477	150
NC_045512.27478	148
NC_045512.27479	147
NC_045512.27480	147
NC_045512.27481	147
NC_045512.27482	150
NC_045512.27483	148
NC_045512.27484	149
NC_045512.27485	150
NC_045512.27486	149
NC_045512.27487	150
NC_045512.27488	148
NC_045512.27489	150
NC_045512.27490	148
NC_045512.27491	149
NC_045512.27492	149
NC_045512.27493	150
NC_045512.27494	150
NC_045512.27495	150
NC_045512.27496	150
NC_045512.27497	150
NC_045512.27498	149
NC_045512.27499	150
NC_045512.27500	149
NC_045512.27501	150
NC_045512.27502	150
NC_045512.27503	140
NC_045512.27504	141
NC_045512.27505	142
NC_045512.27506	143
NC_045512.27507	144
NC_045512.27508	145
NC_045512.27509	146
NC_045512.27510	150
NC_045512.27511	148
NC_045512.27512	150
NC_045512.27513	149
NC_045512.27514	150
NC_045512.27515	150
NC_045512.27516	150
NC_045512.27517	150
NC_045512.27518	149
NC_045512.27519	148
NC_045512.27520	148
NC_045512.27521	149
NC_045512.27522	150
NC_045512.27523	146
NC_045512.27524	145
NC_045512.27525	150
NC_045512.27526	150
NC_045512.27527	150
NC_045512.27528	149
NC_045512.27529	150
NC_045512.27530	150
NC_045512.27531	149
NC_045512.27532	150
NC_045512.27533	150
NC_045512.27534	150
NC_045512.27535	150
NC_045512.27536	150
NC_045512.27537	149
NC_045512.27538	148
NC_045512.27539	150
NC_045512.27540	146
NC_045512.27541	145
NC_045512.27542	150
NC_045512.27543	143
NC_045512.27544	149
NC_045512.27545	150
NC_045512.27546	150
NC_045512.27547	150
NC_045512.27548	148
NC_045512.27549	149
NC_045512.27550	150
NC_045512.27551	150
NC_045512.27552	149
NC_045512.27553	146
NC_045512.27554	147
NC_045512.27555	146
NC_045512.27556	145
NC_045512.27557	144
NC_045512.27558	143
NC_045512.27559	142
NC_045512.27560	140
NC_045512.27561	140
NC_045512.27562	139
NC_045512.27563	138
NC_045512.27564	137
NC_045512.27565	136
NC_045512.27566	135
NC_045512.27567	134
NC_045512.27568	133
NC_045512.27569	132
NC_045512.27570	131
NC_045512.27571	130
NC_045512.27572	129
NC_045512.27573	128
NC_045512.27574	147
NC_045512.27575	147
NC_045512.27576	150
NC_045512.27577	124
NC_045512.27578	144
NC_045512.27579	147
NC_045512.27580	149
NC_045512.27581	149
NC_045512.27582	144
NC_045512.27583	149
NC_045512.27584	148
NC_045512.27585	147
NC_045512.27586	148
NC_045512.27587	150
NC_045512.27588	150
NC_045512.27589	149
NC_045512.27590	148
NC_045512.27591	150
NC_045512.27592	150
NC_045512.27593	150
NC_045512.27594	140
NC_045512.27595	150
NC_045512.27596	148
NC_045512.27597	143
NC_045512.27598	146
NC_045512.27599	145
NC_045512.27600	146
NC_045512.27601	150
NC_045512.27602	149
NC_045512.27603	148
NC_045512.27604	147
NC_045512.27605	146
NC_045512.27606	150
NC_045512.27607	144
NC_045512.27608	150
NC_045512.27609	150
NC_045512.27610	150
NC_045512.27611	150
NC_045512.27612	147
NC_045512.27613	146
NC_045512.27614	145
NC_045512.27615	144
NC_045512.27616	149
NC_045512.27617	149
NC_045512.27618	150
NC_045512.27619	149
NC_045512.27620	146
NC_045512.27621	149
NC_045512.27622	150
NC_045512.27623	142
NC_045512.27624	149
NC_045512.27625	143
NC_045512.27626	144
NC_045512.27627	150
NC_045512.27628	149
NC_045512.27629	150
NC_045512.27630	150
NC_045512.27631	149
NC_045512.27632	147
NC_045512.27633	149
NC_045512.27634	148
NC_045512.27635	147
NC_045512.27636	149
NC_045512.27637	148
NC_045512.27638	143
NC_045512.27639	142
NC_045512.27648	140
NC_045512.27649	150
NC_045512.27650	150
NC_045512.27651	147
NC_045512.27652	148
NC_045512.27653	147
NC_045512.27654	148
NC_045512.27655	144
NC_045512.27656	150
NC_045512.27657	150
NC_045512.27658	150
NC_045512.27659	148
NC_045512.27660	148
NC_045512.27661	149
NC_045512.27662	148
NC_045512.27663	149
NC_045512.27664	144
NC_045512.27665	145
NC_045512.27666	146
NC_045512.27667	147
NC_045512.27668	148
NC_045512.27669	150
NC_045512.27670	149
NC_045512.27671	149
NC_045512.27672	150
NC_045512.27673	146
NC_045512.27674	148
NC_045512.27675	148
NC_045512.27676	149
NC_045512.27677	146
NC_045512.27678	149
NC_045512.27679	148
NC_045512.27680	149
NC_045512.27681	150
NC_045512.27682	145
NC_045512.27683	146
NC_045512.27684	147
NC_045512.27685	148
NC_045512.27686	149
NC_045512.27687	150
NC_045512.27688	150
NC_045512.27689	150
NC_045512.27690	150
NC_045512.27691	130
NC_045512.27692	131
NC_045512.27693	132
NC_045512.27694	133
NC_045512.27695	134
NC_045512.27696	135
NC_045512.27697	136
NC_045512.27698	137
NC_045512.27699	138
NC_045512.27700	139
NC_045512.27701	140
NC_045512.27702	141
NC_045512.27703	142
NC_045512.27704	143
NC_045512.27705	144
NC_045512.27706	145
NC_045512.27707	146
NC_045512.27708	147
NC_045512.27709	148
NC_045512.27710	150
NC_045512.27711	150
NC_045512.27712	147
NC_045512.27713	146
NC_045512.27714	145
NC_045512.27715	143
NC_045512.27716	142
NC_045512.27717	142
NC_045512.27718	141
NC_045512.27719	140
NC_045512.27720	139
NC_045512.27721	138
NC_045512.27722	137
NC_045512.27723	136
NC_045512.27724	135
NC_045512.27725	134
NC_045512.27726	133
NC_045512.27727	132
NC_045512.27728	131
NC_045512.27729	130
NC_045512.27730	129
NC_045512.27731	128
NC_045512.27732	127
NC_045512.27733	126
NC_045512.27734	125
NC_045512.27735	124
NC_045512.27736	123
NC_045512.27737	122
NC_045512.27738	121
NC_045512.27739	120
NC_045512.27740	114
NC_045512.27741	118
NC_045512.27742	117
NC_045512.27743	116
NC_045512.27744	115
NC_045512.27745	114
NC_045512.27746	113
NC_045512.27747	112
NC_045512.27748	111
NC_045512.27749	110
NC_045512.27750	107
NC_045512.27751	108
NC_045512.27752	107
NC_045512.27753	106
NC_045512.27754	105
NC_045512.27755	104
NC_045512.27756	103
NC_045512.27757	102
NC_045512.27758	101
NC_045512.27759	100
NC_045512.27760	99
NC_045512.27761	98
NC_045512.27762	97
NC_045512.27763	96
NC_045512.27764	95
NC_045512.27765	94
NC_045512.27766	93
NC_045512.27767	92
NC_045512.27768	91
NC_045512.27769	90
NC_045512.27770	89
NC_045512.27771	88
NC_045512.27772	87
NC_045512.27773	86
NC_045512.27774	85
NC_045512.27775	84
NC_045512.27776	83
NC_045512.27777	82
NC_045512.27778	81
NC_045512.27779	80
NC_045512.27780	79
NC_045512.27781	78
NC_045512.27782	77
NC_045512.27783	76
NC_045512.27784	75
NC_045512.27785	74
NC_045512.27786	73
NC_045512.27787	72
NC_045512.27788	71
NC_045512.27789	70
NC_045512.27790	69
NC_045512.27791	68
NC_045512.27792	67
NC_045512.27793	66
NC_045512.27794	65
NC_045512.27795	64
NC_045512.27796	63
NC_045512.27797	62
NC_045512.27798	61
NC_045512.27799	60
NC_045512.27800	59
NC_045512.27801	58
NC_045512.27802	57
NC_045512.27803	56
NC_045512.27804	55
NC_045512.27805	54
NC_045512.27806	53
NC_045512.27807	52
NC_045512.27808	51
NC_045512.27809	50
NC_045512.27810	49
NC_045512.27811	48
NC_045512.27812	47
NC_045512.27813	46
NC_045512.27814	45
NC_045512.27815	44
NC_045512.27816	43
NC_045512.27817	42
NC_045512.27818	41
NC_045512.27819	40
NC_045512.27820	39
NC_045512.27821	38
NC_045512.27822	37
NC_045512.27823	36
NC_045512.27824	35
NC_045512.27825	34
NC_045512.27826	33
NC_045512.27827	32
NC_045512.27828	31
NC_045512.27829	30
NC_045512.28132	62
NC_045512.28133	63
NC_045512.28134	64
NC_045512.28135	65
NC_045512.28136	66
NC_045512.28137	67
NC_045512.28138	68
NC_045512.28139	69
NC_045512.28140	70
NC_045512.28141	71
NC_045512.28142	72
NC_045512.28143	73
NC_045512.28144	72
NC_045512.28145	72
NC_045512.28146	72
NC_045512.28147	72
NC_045512.28148	72
NC_045512.28149	72
NC_045512.28150	72
NC_045512.28151	72
NC_045512.28152	72
NC_045512.28153	72
NC_045512.28154	72
NC_045512.28155	72
NC_045512.28156	72
NC_045512.28157	72
NC_045512.28158	72
NC_045512.28159	72
NC_045512.28160	72
NC_045512.28161	72
NC_045512.28162	72
NC_045512.28163	72
NC_045512.28164	72
NC_045512.28165	72
NC_045512.28166	72
NC_045512.28167	72
NC_045512.28168	72
NC_045512.28169	72
NC_045512.28170	72
NC_045512.28171	72
NC_045512.28172	72
NC_045512.28173	72
NC_045512.28174	72
NC_045512.28175	72
NC_045512.28176	72
NC_045512.28177	72
NC_045512.28178	72
NC_045512.28179	72
NC_045512.28180	110
NC_045512.28181	111
NC_045512.28182	112
NC_045512.28183	113
NC_045512.28184	114
NC_045512.28185	115
NC_045512.28186	116
NC_045512.28187	113
NC_045512.28188	113
NC_045512.28189	119
NC_045512.28190	120
NC_045512.28191	121
NC_045512.28192	122
NC_045512.28193	123
NC_045512.28194	124
NC_045512.28195	125
NC_045512.28196	126
NC_045512.28197	122
NC_045512.28198	128
NC_045512.28199	129
NC_045512.28200	122
NC_045512.28201	122
NC_045512.28202	98
NC_045512.28203	99
NC_045512.28204	100
NC_045512.28205	101
NC_045512.28206	102
NC_045512.28207	103
NC_045512.28208	104
NC_045512.28209	105
NC_045512.28210	106
NC_045512.28211	107
NC_045512.28212	108
NC_045512.28213	109
NC_045512.28214	110
NC_045512.28215	111
NC_045512.28216	112
NC_045512.28217	113
NC_045512.28218	114
NC_045512.28219	115
NC_045512.28220	116
NC_045512.28221	117
NC_045512.28222	118
NC_045512.28223	119
NC_045512.28224	120
NC_045512.28225	121
NC_045512.28226	122
NC_045512.28227	123
NC_045512.28228	120
NC_045512.28229	120
NC_045512.28230	120
NC_045512.28231	127
NC_045512.28232	120
NC_045512.28233	120
NC_045512.28234	120
NC_045512.28235	120
NC_045512.28236	132
NC_045512.28237	120
NC_045512.28238	120
NC_045512.28239	120
NC_045512.28240	120
NC_045512.28241	137
NC_045512.28242	136
NC_045512.28243	139
NC_045512.28244	140
NC_045512.28245	140
NC_045512.28246	142
NC_045512.28247	143
NC_045512.28248	141
NC_045512.28249	120
NC_045512.28250	145
NC_045512.28251	141
NC_045512.28252	141
NC_045512.28253	147
NC_045512.28254	149
NC_045512.28255	148
NC_045512.28256	148
NC_045512.28257	147
NC_045512.28258	138
NC_045512.28259	149
NC_045512.28260	150
NC_045512.28261	142
NC_045512.28262	149
NC_045512.28263	149
NC_045512.28264	145
NC_045512.28265	149
NC_045512.28266	146
NC_045512.28267	145
NC_045512.28268	148
NC_045512.28269	146
NC_045512.28270	148
NC_045512.28271	149
NC_045512.28272	149
NC_045512.28273	150
NC_045512.28274	146
NC_045512.28275	141
NC_045512.28276	148
NC_045512.28277	144
NC_045512.28278	150
NC_045512.28279	149
NC_045512.28280	148
NC_045512.28281	148
NC_045512.28282	150
NC_045512.28283	150
NC_045512.28284	149
NC_045512.28285	135
NC_045512.28286	136
NC_045512.28287	137
NC_045512.28288	138
NC_045512.28289	139
NC_045512.28290	150
NC_045512.28291	141
NC_045512.28292	142
NC_045512.28293	143
NC_045512.28294	144
NC_045512.28295	145
NC_045512.28296	146
NC_045512.28297	147
NC_045512.28298	150
NC_045512.28299	150
NC_045512.28300	150
NC_045512.28301	150
NC_045512.28302	150
NC_045512.28303	150
NC_045512.28304	145
NC_045512.28305	146
NC_045512.28306	147
NC_045512.28307	150
NC_045512.28308	150
NC_045512.28309	149
NC_045512.28310	150
NC_045512.28311	150
NC_045512.28312	150
NC_045512.28313	150
NC_045512.28314	149
NC_045512.28315	149
NC_045512.28316	150
NC_045512.28317	149
NC_045512.28318	149
NC_045512.28319	150
NC_045512.28320	150
NC_045512.28321	149
NC_045512.28322	148
NC_045512.28323	149
NC_045512.28324	150
NC_045512.28325	150
NC_045512.28326	150
NC_045512.28327	150
NC_045512.28328	150
NC_045512.28329	150
NC_045512.28330	149
NC_045512.28331	149
NC_045512.28332	150
NC_045512.28333	149
NC_045512.28334	150
NC_045512.28335	150
NC_045512.28336	149
NC_045512.28337	148
NC_045512.28338	147
NC_045512.28339	148
NC_045512.28340	149
NC_045512.28341	150
NC_045512.28342	150
NC_045512.28343	150
NC_045512.28344	147
NC_045512.28345	146
NC_045512.28346	145
NC_045512.28347	144
NC_045512.28348	143
NC_045512.28349	146
NC_045512.28350	149
NC_045512.28351	149
NC_045512.28352	149
NC_045512.28353	149
NC_045512.28354	150
NC_045512.28355	149
NC_045512.28356	150
NC_045512.28357	149
NC_045512.28358	145
NC_045512.28359	149
NC_045512.28360	143
NC_045512.28361	149
NC_045512.28362	150
NC_045512.28363	147
NC_045512.28364	146
NC_045512.28365	133
NC_045512.28366	145
NC_045512.28367	135
NC_045512.28368	136
NC_045512.28369	150
NC_045512.28370	138
NC_045512.28371	139
NC_045512.28372	140
NC_045512.28373	141
NC_045512.28374	142
NC_045512.28375	143
NC_045512.28376	144
NC_045512.28377	145
NC_045512.28378	146
NC_045512.28379	147
NC_045512.28380	148
NC_045512.28381	150
NC_045512.28382	148
NC_045512.28383	149
NC_045512.28384	147
NC_045512.28385	148
NC_045512.28386	149
NC_045512.28387	150
NC_045512.28388	149
NC_045512.28389	150
NC_045512.28390	144
NC_045512.28391	145
NC_045512.28392	146
NC_045512.28393	147
NC_045512.28394	148
NC_045512.28395	149
NC_045512.28396	150
NC_045512.28397	149
NC_045512.28398	150
NC_045512.28399	150
NC_045512.28400	150
NC_045512.28401	150
NC_045512.28402	150
NC_045512.28403	150
NC_045512.28404	149
NC_045512.28405	148
NC_045512.28406	148
NC_045512.28407	149
NC_045512.28408	150
NC_045512.28409	150
NC_045512.28410	150
NC_045512.28411	149
NC_045512.28412	148
NC_045512.28413	147
NC_045512.28414	147
NC_045512.28415	148
NC_045512.28416	149
NC_045512.28417	150
NC_045512.28418	150
NC_045512.28419	149
NC_045512.28420	148
NC_045512.28421	148
NC_045512.28422	149
NC_045512.28423	150
NC_045512.28424	149
NC_045512.28425	149
NC_045512.28426	150
NC_045512.28427	149
NC_045512.28428	148
NC_045512.28429	149
NC_045512.28430	150
NC_045512.28431	150
NC_045512.28432	149
NC_045512.28433	150
NC_045512.28434	150
NC_045512.28435	150
NC_045512.28436	150
NC_045512.28437	150
NC_045512.28438	149
NC_045512.28439	149
NC_045512.28440	150
NC_045512.28441	150
NC_045512.28442	150
NC_045512.28443	149
NC_045512.28444	150
NC_045512.28445	149
NC_045512.28446	148
NC_045512.28447	149
NC_045512.28448	150
NC_045512.28449	150
NC_045512.28450	150
NC_045512.28451	150
NC_045512.28452	150
NC_045512.28453	150
NC_045512.28454	150
NC_045512.28455	150
NC_045512.28456	149
NC_045512.28457	148
NC_045512.28458	147
NC_045512.28459	146
NC_045512.28460	145
NC_045512.28461	150
NC_045512.28462	150
NC_045512.28463	150
NC_045512.28464	150
NC_045512.28465	148
NC_045512.28466	139
NC_045512.28467	150
NC_045512.28468	149
NC_045512.28469	146
NC_045512.28470	147
NC_045512.28471	149
NC_045512.28472	150
NC_045512.28473	144
NC_045512.28474	150
NC_045512.28475	148
NC_045512.28476	150
NC_045512.28477	148
NC_045512.28478	148
NC_045512.28479	147
NC_045512.28480	149
NC_045512.28481	149
NC_045512.28482	149
NC_045512.28483	150
NC_045512.28484	150
NC_045512.28485	149
NC_045512.28486	150
NC_045512.28487	145
NC_045512.28488	146
NC_045512.28489	147
NC_045512.28490	148
NC_045512.28491	149
NC_045512.28492	150
NC_045512.28493	150
NC_045512.28494	150
NC_045512.28495	150
NC_045512.28496	149
NC_045512.28497	150
NC_045512.28498	150
NC_045512.28499	150
NC_045512.28500	149
NC_045512.28501	148
NC_045512.28502	149
NC_045512.28503	150
NC_045512.28504	149
NC_045512.28505	150
NC_045512.28506	144
NC_045512.28507	145
NC_045512.28508	146
NC_045512.28509	147
NC_045512.28510	146
NC_045512.28511	149
NC_045512.28512	150
NC_045512.28513	149
NC_045512.28514	148
NC_045512.28515	148
NC_045512.28516	149
NC_045512.28517	150
NC_045512.28518	150
NC_045512.28519	150
NC_045512.28520	149
NC_045512.28521	149
NC_045512.28522	150
NC_045512.28523	149
NC_045512.28524	148
NC_045512.28525	148
NC_045512.28526	149
NC_045512.28527	150
NC_045512.28528	149
NC_045512.28529	150
NC_045512.28530	150
NC_045512.28531	149
NC_045512.28532	149
NC_045512.28533	150
NC_045512.28534	150
NC_045512.28535	150
NC_045512.28536	150
NC_045512.28537	150
NC_045512.28538	150
NC_045512.28539	150
NC_045512.28540	149
NC_045512.28541	148
NC_045512.28542	149
NC_045512.28543	150
NC_045512.28544	149
NC_045512.28545	150
NC_045512.28546	150
NC_045512.28547	150
NC_045512.28548	150
NC_045512.28549	150
NC_045512.28550	149
NC_045512.28551	149
NC_045512.28552	150
NC_045512.28553	150
NC_045512.28554	149
NC_045512.28555	149
NC_045512.28556	150
NC_045512.28557	150
NC_045512.28558	150
NC_045512.28559	149
NC_045512.28560	150
NC_045512.28561	150
NC_045512.28562	150
NC_045512.28563	149
NC_045512.28564	148
NC_045512.28565	147
NC_045512.28566	148
NC_045512.28567	149
NC_045512.28568	150
NC_045512.28569	150
NC_045512.28570	150
NC_045512.28571	149
NC_045512.28572	150
NC_045512.28573	149
NC_045512.28574	150
NC_045512.28575	150
NC_045512.28576	150
NC_045512.28577	149
NC_045512.28578	150
NC_045512.28579	149
NC_045512.28580	150
NC_045512.28581	150
NC_045512.28582	150
NC_045512.28583	149
NC_045512.28584	150
NC_045512.28585	149
NC_045512.28586	149
NC_045512.28587	150
NC_045512.28588	149
NC_045512.28589	150
NC_045512.28590	149
NC_045512.28591	148
NC_045512.28592	148
NC_045512.28593	149
NC_045512.28594	150
NC_045512.28595	149
NC_045512.28596	149
NC_045512.28597	150
NC_045512.28598	150
NC_045512.28599	150
NC_045512.28600	144
NC_045512.28601	150
NC_045512.28602	150
NC_045512.28603	147
NC_045512.28604	148
NC_045512.28605	150
NC_045512.28606	148
NC_045512.28607	148
NC_045512.28608	149
NC_045512.28609	150
NC_045512.28610	149
NC_045512.28611	150
NC_045512.28612	150
NC_045512.28613	150
NC_045512.28614	150
NC_045512.28615	150
NC_045512.28616	150
NC_045512.28617	150
NC_045512.28618	150
NC_045512.28619	149
NC_045512.28620	150
NC_045512.28621	150
NC_045512.28622	149
NC_045512.28623	150
NC_045512.28624	150
NC_045512.28625	150
NC_045512.28626	150
NC_045512.28627	150
NC_045512.28628	149
NC_045512.28629	150
NC_045512.28630	149
NC_045512.28631	148
NC_045512.28632	147
NC_045512.28633	146
NC_045512.28634	145
NC_045512.28635	150
NC_045512.28636	149
NC_045512.28637	148
NC_045512.28638	141
NC_045512.28639	146
NC_045512.28640	147
NC_045512.28641	148
NC_045512.28642	148
NC_045512.28643	150
NC_045512.28644	150
NC_045512.28645	150
NC_045512.28646	148
NC_045512.28647	147
NC_045512.28648	146
NC_045512.28649	150
NC_045512.28650	150
NC_045512.28651	150
NC_045512.28652	145
NC_045512.28653	148
NC_045512.28654	147
NC_045512.28655	148
NC_045512.28656	149
NC_045512.28657	150
NC_045512.28658	149
NC_045512.28659	150
NC_045512.28660	147
NC_045512.28661	148
NC_045512.28662	147
NC_045512.28663	149
NC_045512.28664	149
NC_045512.28665	150
NC_045512.28666	144
NC_045512.28667	148
NC_045512.28668	142
NC_045512.28669	146
NC_045512.28670	143
NC_045512.28671	144
NC_045512.28672	145
NC_045512.28673	148
NC_045512.28674	149
NC_045512.28675	150
NC_045512.28676	136
NC_045512.28677	149
NC_045512.28678	149
NC_045512.28679	148
NC_045512.28680	150
NC_045512.28681	146
NC_045512.28682	145
NC_045512.28683	144
NC_045512.28684	142
NC_045512.28685	149
NC_045512.28686	141
NC_045512.28687	147
NC_045512.28688	139
NC_045512.28689	138
NC_045512.28690	150
NC_045512.28691	149
NC_045512.28692	149
NC_045512.28693	150
NC_045512.28694	144
NC_045512.28695	132
NC_045512.28696	150
NC_045512.28697	147
NC_045512.28698	148
NC_045512.28699	149
NC_045512.28700	150
NC_045512.28701	149
NC_045512.28702	132
NC_045512.28703	149
NC_045512.28704	150
NC_045512.28705	150
NC_045512.28706	149
NC_045512.28707	150
NC_045512.28708	150
NC_045512.28709	150
NC_045512.28710	149
NC_045512.28711	148
NC_045512.28712	148
NC_045512.28713	149
NC_045512.28714	150
NC_045512.28715	150
NC_045512.28716	150
NC_045512.28717	149
NC_045512.28718	148
NC_045512.28719	148
NC_045512.28720	149
NC_045512.28721	150
NC_045512.28722	150
NC_045512.28723	150
NC_045512.28724	150
NC_045512.28725	150
NC_045512.28726	150
NC_045512.28727	149
NC_045512.28728	149
NC_045512.28729	150
NC_045512.28730	149
NC_045512.28731	150
NC_045512.28732	149
NC_045512.28733	150
NC_045512.28734	149
NC_045512.28735	149
NC_045512.28736	150
NC_045512.28737	149
NC_045512.28738	148
NC_045512.28739	147
NC_045512.28740	146
NC_045512.28741	150
NC_045512.28742	150
NC_045512.28743	150
NC_045512.28744	149
NC_045512.28745	148
NC_045512.28746	148
NC_045512.28747	149
NC_045512.28748	150
NC_045512.28749	149
NC_045512.28750	150
NC_045512.28751	148
NC_045512.28752	147
NC_045512.28753	146
NC_045512.28754	149
NC_045512.28755	135
NC_045512.28756	147
NC_045512.28757	149
NC_045512.28758	144
NC_045512.28759	147
NC_045512.28760	148
NC_045512.28761	145
NC_045512.28762	149
NC_045512.28763	149
NC_045512.28764	148
NC_045512.28765	149
NC_045512.28766	147
NC_045512.28767	147
NC_045512.28768	148
NC_045512.28769	144
NC_045512.28770	147
NC_045512.28771	148
NC_045512.28772	142
NC_045512.28773	150
NC_045512.28774	144
NC_045512.28775	145
NC_045512.28776	146
NC_045512.28777	145
NC_045512.28778	148
NC_045512.28779	149
NC_045512.28780	150
NC_045512.28781	150
NC_045512.28782	149
NC_045512.28783	149
NC_045512.28784	148
NC_045512.28785	149
NC_045512.28786	148
NC_045512.28787	140
NC_045512.28788	150
NC_045512.28789	149
NC_045512.28790	143
NC_045512.28791	144
NC_045512.28792	145
NC_045512.28793	146
NC_045512.28794	147
NC_045512.28795	148
NC_045512.28796	150
NC_045512.28797	149
NC_045512.28798	150
NC_045512.28799	149
NC_045512.28800	148
NC_045512.28801	149
NC_045512.28802	150
NC_045512.28803	149
NC_045512.28804	150
NC_045512.28805	150
NC_045512.28806	150
NC_045512.28807	149
NC_045512.28808	148
NC_045512.28809	149
NC_045512.28810	150
NC_045512.28811	149
NC_045512.28812	150
NC_045512.28813	144
NC_045512.28814	145
NC_045512.28815	150
NC_045512.28816	147
NC_045512.28817	148
NC_045512.28818	150
NC_045512.28819	150
NC_045512.28820	150
NC_045512.28821	149
NC_045512.28822	144
NC_045512.28823	145
NC_045512.28824	150
NC_045512.28825	147
NC_045512.28826	150
NC_045512.28827	149
NC_045512.28828	148
NC_045512.28829	149
NC_045512.28830	150
NC_045512.28831	149
NC_045512.28832	150
NC_045512.28833	150
NC_045512.28834	150
NC_045512.28835	150
NC_045512.28836	149
NC_045512.28837	150
NC_045512.28838	150
NC_045512.28839	150
NC_045512.28840	149
NC_045512.28841	150
NC_045512.28842	149
NC_045512.28843	149
NC_045512.28844	150
NC_045512.28845	150
NC_045512.28846	150
NC_045512.28847	149
NC_045512.28848	150
NC_045512.28849	149
NC_045512.28850	150
NC_045512.28851	150
NC_045512.28852	149
NC_045512.28853	150
NC_045512.28854	150
NC_045512.28855	150
NC_045512.28856	150
NC_045512.28857	149
NC_045512.28858	149
NC_045512.28859	150
NC_045512.28860	149
NC_045512.28861	149
NC_045512.28862	150
NC_045512.28863	149
NC_045512.28864	149
NC_045512.28865	150
NC_045512.28866	149
NC_045512.28867	148
NC_045512.28868	147
NC_045512.28869	148
NC_045512.28870	149
NC_045512.28871	150
NC_045512.28872	149
NC_045512.28873	148
NC_045512.28874	149
NC_045512.28875	150
NC_045512.28876	149
NC_045512.28877	150
NC_045512.28878	149
NC_045512.28879	148
NC_045512.28880	150
NC_045512.28881	150
NC_045512.28882	146
NC_045512.28883	145
NC_045512.28884	150
NC_045512.28885	148
NC_045512.28886	149
NC_045512.28887	150
NC_045512.28888	149
NC_045512.28889	148
NC_045512.28890	147
NC_045512.28891	146
NC_045512.28892	145
NC_045512.28893	144
NC_045512.28894	143
NC_045512.28895	145
NC_045512.28896	146
NC_045512.28897	147
NC_045512.28898	145
NC_045512.28899	149
NC_045512.28900	150
NC_045512.28901	149
NC_045512.28902	148
NC_045512.28903	149
NC_045512.28904	150
NC_045512.28905	149
NC_045512.28906	148
NC_045512.28907	148
NC_045512.28908	149
NC_045512.28909	150
NC_045512.28910	150
NC_045512.28911	150
NC_045512.28912	150
NC_045512.28913	149
NC_045512.28914	150
NC_045512.28915	150
NC_045512.28916	150
NC_045512.28917	150
NC_045512.28918	150
NC_045512.28919	150
NC_045512.28920	150
NC_045512.28921	149
NC_045512.28922	148
NC_045512.28923	147
NC_045512.28924	147
NC_045512.28925	146
NC_045512.28926	145
NC_045512.28927	150
NC_045512.28928	143
NC_045512.28929	142
NC_045512.28930	141
NC_045512.28931	140
NC_045512.28932	150
NC_045512.28933	149
NC_045512.28934	149
NC_045512.28935	150
NC_045512.28936	149
NC_045512.28937	148
NC_045512.28938	148
NC_045512.28939	149
NC_045512.28940	150
NC_045512.28941	150
NC_045512.28942	150
NC_045512.28943	149
NC_045512.28944	149
NC_045512.28945	150
NC_045512.28946	148
NC_045512.28947	147
NC_045512.28948	146
NC_045512.28949	145
NC_045512.28950	150
NC_045512.28951	149
NC_045512.28952	149
NC_045512.28953	150
NC_045512.28954	149
NC_045512.28955	149
NC_045512.28956	150
NC_045512.28957	149
NC_045512.28958	150
NC_045512.28959	150
NC_045512.28960	149
NC_045512.28961	150
NC_045512.28962	149
NC_045512.28963	148
NC_045512.28964	150
NC_045512.28965	149
NC_045512.28966	149
NC_045512.28967	149
NC_045512.28968	150
NC_045512.28969	150
NC_045512.28970	149
NC_045512.28971	150
NC_045512.28972	149
NC_045512.28973	150
NC_045512.28974	150
NC_045512.28975	149
NC_045512.28976	148
NC_045512.28977	147
NC_045512.28978	146
NC_045512.28979	145
NC_045512.28980	144
NC_045512.28981	147
NC_045512.28982	148
NC_045512.28983	149
NC_045512.28984	150
NC_045512.28985	150
NC_045512.28986	150
NC_045512.28987	149
NC_045512.28988	149
NC_045512.28989	150
NC_045512.28990	150
NC_045512.28991	150
NC_045512.28992	150
NC_045512.28993	150
NC_045512.28994	150
NC_045512.28995	150
NC_045512.28996	149
NC_045512.28997	149
NC_045512.28998	148
NC_045512.28999	149
NC_045512.29000	150
NC_045512.29001	150
NC_045512.29002	149
NC_045512.29003	148
NC_045512.29004	147
NC_045512.29005	150
NC_045512.29006	146
NC_045512.29007	147
NC_045512.29008	148
NC_045512.29009	149
NC_045512.29010	150
NC_045512.29011	149
NC_045512.29012	150
NC_045512.29013	149
NC_045512.29014	150
NC_045512.29015	150
NC_045512.29016	149
NC_045512.29017	148
NC_045512.29018	147
NC_045512.29019	146
NC_045512.29020	141
NC_045512.29021	142
NC_045512.29022	143
NC_045512.29023	144
NC_045512.29024	145
NC_045512.29025	146
NC_045512.29026	147
NC_045512.29027	150
NC_045512.29028	149
NC_045512.29029	150
NC_045512.29030	150
NC_045512.29031	150
NC_045512.29032	144
NC_045512.29033	145
NC_045512.29034	146
NC_045512.29035	147
NC_045512.29036	148
NC_045512.29037	149
NC_045512.29038	150
NC_045512.29039	149
NC_045512.29040	148
NC_045512.29041	147
NC_045512.29042	144
NC_045512.29043	145
NC_045512.29044	144
NC_045512.29045	147
NC_045512.29046	148
NC_045512.29047	149
NC_045512.29048	150
NC_045512.29049	147
NC_045512.29050	146
NC_045512.29051	145
NC_045512.29052	150
NC_045512.29053	150
NC_045512.29054	149
NC_045512.29055	150
NC_045512.29056	150
NC_045512.29057	150
NC_045512.29058	149
NC_045512.29059	150
NC_045512.29060	148
NC_045512.29061	147
NC_045512.29062	146
NC_045512.29063	135
NC_045512.29064	144
NC_045512.29065	143
NC_045512.29066	143
NC_045512.29067	144
NC_045512.29068	135
NC_045512.29069	146
NC_045512.29070	147
NC_045512.29071	148
NC_045512.29072	149
NC_045512.29073	150
NC_045512.29074	149
NC_045512.29075	149
NC_045512.29076	150
NC_045512.29077	149
NC_045512.29078	149
NC_045512.29079	150
NC_045512.29080	149
NC_045512.29081	148
NC_045512.29082	147
NC_045512.29083	147
NC_045512.29084	148
NC_045512.29085	149
NC_045512.29086	150
NC_045512.29087	149
NC_045512.29088	150
NC_045512.29089	150
NC_045512.29090	145
NC_045512.29091	146
NC_045512.29092	147
NC_045512.29093	148
NC_045512.29094	149
NC_045512.29095	150
NC_045512.29096	150
NC_045512.29097	149
NC_045512.29098	149
NC_045512.29099	150
NC_045512.29100	149
NC_045512.29101	148
NC_045512.29102	147
NC_045512.29103	146
NC_045512.29104	149
NC_045512.29105	150
NC_045512.29106	149
NC_045512.29107	148
NC_045512.29108	149
NC_045512.29109	150
NC_045512.29110	149
NC_045512.29111	148
NC_045512.29112	149
NC_045512.29113	150
NC_045512.29114	149
NC_045512.29115	148
NC_045512.29116	149
NC_045512.29117	150
NC_045512.29118	150
NC_045512.29119	149
NC_045512.29120	150
NC_045512.29121	149
NC_045512.29122	150
NC_045512.29123	145
NC_045512.29124	147
NC_045512.29125	147
NC_045512.29126	145
NC_045512.29127	150
NC_045512.29128	149
NC_045512.29129	148
NC_045512.29130	149
NC_045512.29131	150
NC_045512.29132	150
NC_045512.29133	149
NC_045512.29134	148
NC_045512.29135	148
NC_045512.29136	149
NC_045512.29137	150
NC_045512.29138	149
NC_045512.29139	150
NC_045512.29140	150
NC_045512.29141	150
NC_045512.29142	149
NC_045512.29143	150
NC_045512.29144	149
NC_045512.29145	148
NC_045512.29146	148
NC_045512.29147	149
NC_045512.29148	150
NC_045512.29149	149
NC_045512.29150	150
NC_045512.29151	149
NC_045512.29152	150
NC_045512.29153	150
NC_045512.29154	147
NC_045512.29155	146
NC_045512.29156	145
NC_045512.29157	144
NC_045512.29158	149
NC_045512.29159	150
NC_045512.29160	149
NC_045512.29161	148
NC_045512.29162	147
NC_045512.29163	148
NC_045512.29164	149
NC_045512.29165	150
NC_045512.29166	150
NC_045512.29167	149
NC_045512.29168	148
NC_045512.29169	149
NC_045512.29170	150
NC_045512.29171	149
NC_045512.29172	148
NC_045512.29173	147
NC_045512.29174	146
NC_045512.29175	141
NC_045512.29176	139
NC_045512.29177	139
NC_045512.29178	142
NC_045512.29179	141
NC_045512.29180	142
NC_045512.29181	143
NC_045512.29182	144
NC_045512.29183	145
NC_045512.29184	146
NC_045512.29185	147
NC_045512.29186	148
NC_045512.29187	149
NC_045512.29188	150
NC_045512.29189	150
NC_045512.29190	149
NC_045512.29191	144
NC_045512.29192	145
NC_045512.29193	146
NC_045512.29194	147
NC_045512.29195	148
NC_045512.29196	150
NC_045512.29197	149
NC_045512.29198	148
NC_045512.29199	137
NC_045512.29200	138
NC_045512.29201	139
NC_045512.29202	140
NC_045512.29203	141
NC_045512.29204	142
NC_045512.29205	143
NC_045512.29206	144
NC_045512.29207	145
NC_045512.29208	146
NC_045512.29209	150
NC_045512.29210	149
NC_045512.29211	147
NC_045512.29212	148
NC_045512.29213	149
NC_045512.29214	150
NC_045512.29215	150
NC_045512.29216	150
NC_045512.29217	150
NC_045512.29218	149
NC_045512.29219	148
NC_045512.29220	149
NC_045512.29221	150
NC_045512.29222	149
NC_045512.29223	148
NC_045512.29224	149
NC_045512.29225	150
NC_045512.29226	149
NC_045512.29227	150
NC_045512.29228	149
NC_045512.29229	150
NC_045512.29230	149
NC_045512.29231	149
NC_045512.29232	150
NC_045512.29233	149
NC_045512.29234	150
NC_045512.29235	149
NC_045512.29236	150
NC_045512.29237	150
NC_045512.29238	149
NC_045512.29239	148
NC_045512.29240	147
NC_045512.29241	148
NC_045512.29242	149
NC_045512.29243	150
NC_045512.29244	148
NC_045512.29245	149
NC_045512.29246	150
NC_045512.29247	147
NC_045512.29248	146
NC_045512.29249	145
NC_045512.29250	150
NC_045512.29251	149
NC_045512.29252	150
NC_045512.29253	149
NC_045512.29254	148
NC_045512.29255	147
NC_045512.29256	146
NC_045512.29257	147
NC_045512.29258	148
NC_045512.29259	149
NC_045512.29260	150
NC_045512.29261	150
NC_045512.29262	144
NC_045512.29263	143
NC_045512.29264	149
NC_045512.29265	150
NC_045512.29266	144
NC_045512.29267	145
NC_045512.29268	147
NC_045512.29269	146
NC_045512.29270	148
NC_045512.29271	150
NC_045512.29272	149
NC_045512.29273	148
NC_045512.29274	147
NC_045512.29275	148
NC_045512.29276	149
NC_045512.29277	150
NC_045512.29278	149
NC_045512.29279	150
NC_045512.29280	150
NC_045512.29281	149
NC_045512.29282	150
NC_045512.29283	150
NC_045512.29284	150
NC_045512.29285	149
NC_045512.29286	149
NC_045512.29287	150
NC_045512.29288	150
NC_045512.29289	149
NC_045512.29290	148
NC_045512.29291	149
NC_045512.29292	150
NC_045512.29293	149
NC_045512.29294	149
NC_045512.29295	150
NC_045512.29296	144
NC_045512.29297	145
NC_045512.29298	146
NC_045512.29299	147
NC_045512.29300	148
NC_045512.29301	150
NC_045512.29302	149
NC_045512.29303	150
NC_045512.29304	150
NC_045512.29305	149
NC_045512.29306	148
NC_045512.29307	147
NC_045512.29308	148
NC_045512.29309	149
NC_045512.29310	150
NC_045512.29311	149
NC_045512.29312	149
NC_045512.29313	150
NC_045512.29314	150
NC_045512.29315	149
NC_045512.29316	149
NC_045512.29317	150
NC_045512.29318	150
NC_045512.29319	149
NC_045512.29320	148
NC_045512.29321	149
NC_045512.29322	150
NC_045512.29323	150
NC_045512.29324	149
NC_045512.29325	148
NC_045512.29326	147
NC_045512.29327	146
NC_045512.29328	145
NC_045512.29329	144
NC_045512.29330	145
NC_045512.29331	146
NC_045512.29332	147
NC_045512.29333	148
NC_045512.29334	149
NC_045512.29335	150
NC_045512.29336	145
NC_045512.29337	146
NC_045512.29338	147
NC_045512.29339	148
NC_045512.29340	150
NC_045512.29341	149
NC_045512.29342	148
NC_045512.29343	149
NC_045512.29344	150
NC_045512.29345	149
NC_045512.29346	150
NC_045512.29347	149
NC_045512.29348	149
NC_045512.29349	150
NC_045512.29350	149
NC_045512.29351	150
NC_045512.29352	150
NC_045512.29353	149
NC_045512.29354	150
NC_045512.29355	149
NC_045512.29356	148
NC_045512.29357	149
NC_045512.29358	150
NC_045512.29359	149
NC_045512.29360	149
NC_045512.29361	150
NC_045512.29362	149
NC_045512.29363	150
NC_045512.29364	149
NC_045512.29365	149
NC_045512.29366	150
NC_045512.29367	149
NC_045512.29368	150
NC_045512.29369	150
NC_045512.29370	147
NC_045512.29371	146
NC_045512.29372	145
NC_045512.29373	144
NC_045512.29374	149
NC_045512.29375	150
NC_045512.29376	141
NC_045512.29377	150
NC_045512.29378	148
NC_045512.29379	149
NC_045512.29380	150
NC_045512.29381	149
NC_045512.29382	148
NC_045512.29383	148
NC_045512.29384	146
NC_045512.29385	140
NC_045512.29386	148
NC_045512.29387	149
NC_045512.29388	150
NC_045512.29389	144
NC_045512.29390	145
NC_045512.29391	150
NC_045512.29392	146
NC_045512.29393	147
NC_045512.29394	148
NC_045512.29395	149
NC_045512.29396	150
NC_045512.29397	149
NC_045512.29398	150
NC_045512.29399	150
NC_045512.29400	150
NC_045512.29401	144
NC_045512.29402	145
NC_045512.29403	146
NC_045512.29404	150
NC_045512.29405	148
NC_045512.29406	149
NC_045512.29407	150
NC_045512.29408	150
NC_045512.29409	149
NC_045512.29410	150
NC_045512.29411	149
NC_045512.29412	150
NC_045512.29413	150
NC_045512.29414	150
NC_045512.29415	149
NC_045512.29416	148
NC_045512.29417	147
NC_045512.29418	148
NC_045512.29419	149
NC_045512.29420	150
NC_045512.29421	149
NC_045512.29422	148
NC_045512.29423	147
NC_045512.29424	146
NC_045512.29425	146
NC_045512.29426	147
NC_045512.29427	148
NC_045512.29428	149
NC_045512.29429	150
NC_045512.29430	149
NC_045512.29431	148
NC_045512.29432	149
NC_045512.29433	150
NC_045512.29434	149
NC_045512.29435	150
NC_045512.29436	150
NC_045512.29437	150
NC_045512.29438	150
NC_045512.29439	149
NC_045512.29440	148
NC_045512.29441	147
NC_045512.29442	146
NC_045512.29443	146
NC_045512.29444	147
NC_045512.29445	148
NC_045512.29446	149
NC_045512.29447	150
NC_045512.29448	150
NC_045512.29449	149
NC_045512.29450	148
NC_045512.29451	147
NC_045512.29452	146
NC_045512.29453	145
NC_045512.29454	144
NC_045512.29455	143
NC_045512.29456	142
NC_045512.29457	141
NC_045512.29458	141
NC_045512.29459	142
NC_045512.29460	143
NC_045512.29461	144
NC_045512.29462	145
NC_045512.29463	146
NC_045512.29464	147
NC_045512.29465	148
NC_045512.29466	149
NC_045512.29467	150
NC_045512.29468	150
NC_045512.29469	149
NC_045512.29470	150
NC_045512.29471	149
NC_045512.29472	150
NC_045512.29473	150
NC_045512.29474	149
NC_045512.29475	149
NC_045512.29476	150
NC_045512.29477	149
NC_045512.29478	150
NC_045512.29479	150
NC_045512.29480	149
NC_045512.29481	150
NC_045512.29482	149
NC_045512.29483	150
NC_045512.29484	150
NC_045512.29485	149
NC_045512.29486	150
NC_045512.29487	149
NC_045512.29488	148
NC_045512.29489	149
NC_045512.29490	150
NC_045512.29491	149
NC_045512.29492	148
NC_045512.29493	149
NC_045512.29494	150
NC_045512.29495	150
NC_045512.29496	150
NC_045512.29497	149
NC_045512.29498	149
NC_045512.29499	150
NC_045512.29500	149
NC_045512.29501	150
NC_045512.29502	149
NC_045512.29503	148
NC_045512.29504	149
NC_045512.29505	150
NC_045512.29506	150
NC_045512.29507	149
NC_045512.29508	148
NC_045512.29509	149
NC_045512.29510	150
NC_045512.29511	149
NC_045512.29512	148
NC_045512.29513	143
NC_045512.29514	144
NC_045512.29515	145
NC_045512.29516	146
NC_045512.29517	147
NC_045512.29518	148
NC_045512.29519	149
NC_045512.29520	150
NC_045512.29521	150
NC_045512.29522	149
NC_045512.29523	148
NC_045512.29524	149
NC_045512.29525	150
NC_045512.29526	150
NC_045512.29527	150
NC_045512.29528	149
NC_045512.29529	150
NC_045512.29530	150
NC_045512.29531	149
NC_045512.29532	150
NC_045512.29533	150
NC_045512.29534	150
NC_045512.29535	149
NC_045512.29536	150
NC_045512.29537	149
NC_045512.29538	150
NC_045512.29539	150
NC_045512.29540	150
NC_045512.29541	150
NC_045512.29542	150
NC_045512.29543	149
NC_045512.29544	150
NC_045512.29545	147
NC_045512.29546	148
NC_045512.29547	149
NC_045512.29548	150
NC_045512.29549	149
NC_045512.29550	148
NC_045512.29551	148
NC_045512.29552	149
NC_045512.29553	150
NC_045512.29554	149
NC_045512.29555	150
NC_045512.29556	150
NC_045512.29557	150
NC_045512.29558	150
NC_045512.29559	150
NC_045512.29560	149
NC_045512.29561	150
NC_045512.29562	149
NC_045512.29563	148
NC_045512.29564	147
NC_045512.29565	148
NC_045512.29566	149
NC_045512.29567	150
NC_045512.29568	150
NC_045512.29569	150
NC_045512.29570	149
NC_045512.29571	148
NC_045512.29572	148
NC_045512.29573	149
NC_045512.29574	150
NC_045512.29575	149
NC_045512.29576	148
NC_045512.29577	147
NC_045512.29578	146
NC_045512.29579	147
NC_045512.29580	148
NC_045512.29581	149
NC_045512.29582	150
NC_045512.29583	149
NC_045512.29584	150
NC_045512.29585	149
NC_045512.29586	150
NC_045512.29587	149
NC_045512.29588	150
NC_045512.29589	150
NC_045512.29590	150
NC_045512.29591	149
NC_045512.29592	149
NC_045512.29593	149
NC_045512.29594	150
NC_045512.29595	150
NC_045512.29596	150
NC_045512.29597	149
NC_045512.29598	148
NC_045512.29599	149
NC_045512.29600	150
NC_045512.29601	149
NC_045512.29602	150
NC_045512.29603	149
NC_045512.29604	150
NC_045512.29605	149
NC_045512.29606	149
NC_045512.29607	150
NC_045512.29608	149
NC_045512.29609	148
NC_045512.29610	147
NC_045512.29611	150
NC_045512.29612	145
NC_045512.29613	144
NC_045512.29614	143
NC_045512.29615	142
NC_045512.29616	141
NC_045512.29617	140
NC_045512.29618	145
NC_045512.29619	146
NC_045512.29620	147
NC_045512.29621	148
NC_045512.29622	149
NC_045512.29623	150
NC_045512.29624	150
NC_045512.29625	149
NC_045512.29626	150
NC_045512.29627	149
NC_045512.29628	149
NC_045512.29629	150
NC_045512.29630	150
NC_045512.29631	149
NC_045512.29632	149
NC_045512.29633	150
NC_045512.29634	149
NC_045512.29635	149
NC_045512.29636	150
NC_045512.29637	149
NC_045512.29638	149
NC_045512.29639	150
NC_045512.29640	149
NC_045512.29641	148
NC_045512.29642	148
NC_045512.29643	149
NC_045512.29644	150
NC_045512.29645	149
NC_045512.29646	148
NC_045512.29647	147
NC_045512.29648	148
NC_045512.29649	149
NC_045512.29650	150
NC_045512.29651	149
NC_045512.29652	149
NC_045512.29653	150
NC_045512.29654	150
NC_045512.29655	150
NC_045512.29656	149
NC_045512.29657	149
NC_045512.29658	150
NC_045512.29659	149
NC_045512.29660	148
NC_045512.29661	147
NC_045512.29662	146
NC_045512.29663	145
NC_045512.29664	144
NC_045512.29665	143
NC_045512.29666	142
NC_045512.29667	141
NC_045512.29668	140
NC_045512.29669	140
NC_045512.29670	141
NC_045512.29671	142
NC_045512.29672	143
NC_045512.29673	144
NC_045512.29674	145
NC_045512.29675	146
NC_045512.29676	147
NC_045512.29677	148
NC_045512.29678	149
NC_045512.29679	150
NC_045512.29680	149
NC_045512.29681	148
NC_045512.29682	147
NC_045512.29683	148
NC_045512.29684	149
NC_045512.29685	150
NC_045512.29686	149
NC_045512.29687	150
NC_045512.29688	150
NC_045512.29689	150
NC_045512.29690	150
NC_045512.29691	149
NC_045512.29692	150
NC_045512.29693	149
NC_045512.29694	148
NC_045512.29695	147
NC_045512.29696	146
NC_045512.29697	145
NC_045512.29698	144
NC_045512.29699	143
NC_045512.29700	142
NC_045512.29701	141
NC_045512.29702	140
NC_045512.29703	139
NC_045512.29704	138
NC_045512.29705	143
NC_045512.29706	144
NC_045512.29707	145
NC_045512.29708	146
NC_045512.29709	147
NC_045512.29710	148
NC_045512.29711	149
NC_045512.29712	150
NC_045512.29713	145
NC_045512.29714	146
NC_045512.29715	147
NC_045512.29716	148
NC_045512.29717	149
NC_045512.29718	150
NC_045512.29719	149
NC_045512.29720	148
NC_045512.29721	147
NC_045512.29722	146
NC_045512.29723	145
NC_045512.29724	144
NC_045512.29725	143
NC_045512.29726	142
NC_045512.29727	141
NC_045512.29728	140
NC_045512.29729	139
NC_045512.29730	138
NC_045512.29731	137
NC_045512.29732	136
NC_045512.29733	135
NC_045512.29734	134
NC_045512.29735	133
NC_045512.29736	132
NC_045512.29737	131
NC_045512.29738	130
NC_045512.29739	129
NC_045512.29740	128
NC_045512.29741	127
NC_045512.29742	126
NC_045512.29743	125
NC_045512.29744	124
NC_045512.29745	123
NC_045512.29746	122
NC_045512.29747	121
NC_045512.29748	120
NC_045512.29749	119
NC_045512.29750	118
NC_045512.29751	117
NC_045512.29752	116
NC_045512.29753	115
